year;code;name;amount;policy
2011;911M;Jefatura del Estado;8.434,28;91. ÓRGANOS CONSTITUCIONALES, GOBIERNO Y OTROS
2011;911N;Actividad legislativa;216.421,09;91. ÓRGANOS CONSTITUCIONALES, GOBIERNO Y OTROS
2011;911O;Control externo del Sector Público;62.216,14;91. ÓRGANOS CONSTITUCIONALES, GOBIERNO Y OTROS
2011;911P;Control Constitucional;26.438,11;91. ÓRGANOS CONSTITUCIONALES, GOBIERNO Y OTROS
2011;912N;Alto asesoramiento del Estado;10.476,16;91. ÓRGANOS CONSTITUCIONALES, GOBIERNO Y OTROS
2011;951M;Amortización y gastos financieros de la deuda pública en moneda nacional;71.021.601,90;95. GASTOS FINANCIEROS DE LA DEUDA PUBLICA
2011;951N;Amortización y gastos financieros de la deuda pública en moneda extranjera;2.973.154,26;95. GASTOS FINANCIEROS DE LA DEUDA PUBLICA
2011;211N;Pensiones de Clases Pasivas;10.061.609,34;21. PENSIONES
2011;211O;Otras pensiones y prestaciones de Clases Pasivas;85.421,00;21. PENSIONES
2011;212N;Pensiones de guerra;342.301,00;21. PENSIONES
2011;111M;Gobierno del Poder Judicial;37.892,35;11. JUSTICIA
2011;111O;Selección y formación de jueces;26.691,66;11. JUSTICIA
2011;111P;Documentación y publicaciones judiciales;9.633,92;11. JUSTICIA
2011;141M;Dirección y Servicios Generales de Asuntos Exteriores;89.674,05;14. POLÍTICA EXTERIOR Y DE COOPERACIÓN PARA EL DESARROLLO
2011;142A;Acción del Estado en el exterior;504.335,88;14. POLÍTICA EXTERIOR Y DE COOPERACIÓN PARA EL DESARROLLO
2011;142B;Acción diplomática ante la Unión Europea;24.026,72;14. POLÍTICA EXTERIOR Y DE COOPERACIÓN PARA EL DESARROLLO
2011;143A;Cooperación para el desarrollo;1.971.479,25;14. POLÍTICA EXTERIOR Y DE COOPERACIÓN PARA EL DESARROLLO
2011;144A;Cooperación, promoción y difusión cultural en el exterior;114.944,65;14. POLÍTICA EXTERIOR Y DE COOPERACIÓN PARA EL DESARROLLO
2011;467G;Investigación y desarrollo de la Sociedad de la Información;3.782,45;46. INVESTIGACIÓN, DESARROLLO, INNOVACIÓN Y DIGITALIZACIÓN
2011;000X;Transferencias internas (Sección: 12 MINISTERIO DE ASUNTOS EXTERIORES Y DE COOPERACIÓN);921.036,54;46. INVESTIGACIÓN, DESARROLLO, INNOVACIÓN Y DIGITALIZACIÓN
2011;111N;Dirección y Servicios Generales de Justicia;62.052,43;11. JUSTICIA
2011;111Q;Formación del Personal de la Administración de Justicia;11.780,03;11. JUSTICIA
2011;111R;Formación de la Carrera Fiscal;4.934,36;11. JUSTICIA
2011;112A;Tribunales de Justicia y Ministerio Fiscal;1.529.326,69;11. JUSTICIA
2011;113M;Registros vinculados con la Fe Pública;30.943,09;11. JUSTICIA
2011;135M;Protección de datos de carácter personal;14.437,97;13. SEGURIDAD CIUDADANA E INSTITUCIONES PENITENCIARIAS
2011;222M;Prestaciones económicas del Mutualismo Administrativo;22.355,40;22. OTRAS PRESTACIONES ECONÓMICAS
2011;312E;Asistencia sanitaria del Mutualismo Administrativo;80.766,57;31. SANIDAD
2011;467G;Investigación y desarrollo de la Sociedad de la Información;11.449,00;46. INVESTIGACIÓN, DESARROLLO, INNOVACIÓN Y DIGITALIZACIÓN
2011;921S;Asesoramiento y defensa intereses del Estado;33.319,75;92. SERVICIOS DE CARÁCTER GENERAL
2011;000X;Transferencias internas (Sección: 13 MINISTERIO DE JUSTICIA);13.414,39;92. SERVICIOS DE CARÁCTER GENERAL
2011;121M;Administración y Servicios Generales de Defensa;1.234.354,79;12. DEFENSA
2011;121N;Formación del Personal de las Fuerzas Armadas;485.615,58;12. DEFENSA
2011;121O;Personal en reserva;546.558,68;12. DEFENSA
2011;122A;Modernización de las Fuerzas Armadas;383.151,67;12. DEFENSA
2011;122B;Programas especiales de modernización;204.525,47;12. DEFENSA
2011;122M;Gastos Operativos de las Fuerzas Armadas;2.362.737,85;12. DEFENSA
2011;122N;Apoyo Logístico;1.651.254,62;12. DEFENSA
2011;222M;Prestaciones económicas del Mutualismo Administrativo;121.343,68;22. OTRAS PRESTACIONES ECONÓMICAS
2011;312A;Asistencia hospitalaria en las Fuerzas Armadas;175.828,45;31. SANIDAD
2011;312E;Asistencia sanitaria del Mutualismo Administrativo;652.097,79;31. SANIDAD
2011;464A;Investigación y estudios de las Fuerzas Armadas;203.906,32;46. INVESTIGACIÓN, DESARROLLO, INNOVACIÓN Y DIGITALIZACIÓN
2011;912Q;Asesoramiento para la protección de los intereses nacionales;228.200,30;91. ÓRGANOS CONSTITUCIONALES, GOBIERNO Y OTROS
2011;931P;Control interno y Contabilidad Pública;314,02;93. ADMINISTRACIÓN FINANCIERA Y TRIBUTARIA
2011;000X;Transferencias internas (Sección: 14 MINISTERIO DE DEFENSA);310.199,78;93. ADMINISTRACIÓN FINANCIERA Y TRIBUTARIA
2011;219N;Gestión de pensiones de Clases Pasivas;7.973,38;21. PENSIONES
2011;231G;Atención a la infancia y a las familias;600,00;23. SERVICIOS SOCIALES Y PROMOCIÓN SOCIAL
2011;337B;Conservación y restauración de bienes culturales;12.906,60;33. CULTURA
2011;422A;Incentivos regionales a la localización industrial;179.129,14;42. INDUSTRIA Y ENERGÍA
2011;462N;Investigación y estudios estadísticos y económicos;7.056,39;46. INVESTIGACIÓN, DESARROLLO, INNOVACIÓN Y DIGITALIZACIÓN
2011;467G;Investigación y desarrollo de la Sociedad de la Información;3.097,15;46. INVESTIGACIÓN, DESARROLLO, INNOVACIÓN Y DIGITALIZACIÓN
2011;492M;Defensa de la competencia;12.647,85;49. OTRAS ACTUACIONES DE CARÁCTER ECONÓMICO
2011;492N;Regulación y vigilancia de la competencia en el Mercado de Tabacos;9.374,49;49. OTRAS ACTUACIONES DE CARÁCTER ECONÓMICO
2011;493M;Dirección, control y gestión de seguros;293.266,29;49. OTRAS ACTUACIONES DE CARÁCTER ECONÓMICO
2011;493O;Regulación contable y de auditorias;7.272,19;49. OTRAS ACTUACIONES DE CARÁCTER ECONÓMICO
2011;921T;Servicios de transportes de Ministerios;47.434,73;92. SERVICIOS DE CARÁCTER GENERAL
2011;922N;Coordinación y relaciones financieras con los Entes Territoriales;6.061,61;92. SERVICIOS DE CARÁCTER GENERAL
2011;923A;Gestión del Patrimonio del Estado;414.216,82;92. SERVICIOS DE CARÁCTER GENERAL
2011;923C;Elaboración y difusión estadística;229.285,65;92. SERVICIOS DE CARÁCTER GENERAL
2011;923M;Dirección y Servicios Generales de Economía y Hacienda;1.284.544,21;92. SERVICIOS DE CARÁCTER GENERAL
2011;923N;Formación del personal de Economía y Hacienda;14.589,21;92. SERVICIOS DE CARÁCTER GENERAL
2011;923O;Gestión de la Deuda y de la Tesorería del Estado;11.767,89;92. SERVICIOS DE CARÁCTER GENERAL
2011;923P;Relaciones con los Organismos Financieros Multilaterales;557.536,72;92. SERVICIOS DE CARÁCTER GENERAL
2011;931M;Previsión y política económica;55.538,46;93. ADMINISTRACIÓN FINANCIERA Y TRIBUTARIA
2011;931N;Política presupuestaria;48.071,12;93. ADMINISTRACIÓN FINANCIERA Y TRIBUTARIA
2011;931O;Política tributaria;7.536,48;93. ADMINISTRACIÓN FINANCIERA Y TRIBUTARIA
2011;931P;Control interno y Contabilidad Pública;80.994,25;93. ADMINISTRACIÓN FINANCIERA Y TRIBUTARIA
2011;932A;Aplicación del sistema tributario estatal;1.078.758,61;93. ADMINISTRACIÓN FINANCIERA Y TRIBUTARIA
2011;932M;Gestión del catastro inmobiliario;108.983,05;93. ADMINISTRACIÓN FINANCIERA Y TRIBUTARIA
2011;932N;Resolución de reclamaciones económico-administrativas;29.906,00;93. ADMINISTRACIÓN FINANCIERA Y TRIBUTARIA
2011;000X;Transferencias internas (Sección: 15 MINISTERIO DE ECONOMÍA Y HACIENDA);1.275.690,09;93. ADMINISTRACIÓN FINANCIERA Y TRIBUTARIA
2011;131M;Dirección y Servicios Generales de Seguridad y Protección Civil;94.444,96;13. SEGURIDAD CIUDADANA E INSTITUCIONES PENITENCIARIAS
2011;131N;Formación de Fuerzas y Cuerpos de Seguridad del Estado;97.107,61;13. SEGURIDAD CIUDADANA E INSTITUCIONES PENITENCIARIAS
2011;131O;Fuerzas y Cuerpos en reserva;732.669,98;13. SEGURIDAD CIUDADANA E INSTITUCIONES PENITENCIARIAS
2011;131P;Derecho de asilo y apátridas;3.436,68;13. SEGURIDAD CIUDADANA E INSTITUCIONES PENITENCIARIAS
2011;132A;Seguridad ciudadana;5.387.926,73;13. SEGURIDAD CIUDADANA E INSTITUCIONES PENITENCIARIAS
2011;132B;Seguridad vial;782.301,81;13. SEGURIDAD CIUDADANA E INSTITUCIONES PENITENCIARIAS
2011;132C;Actuaciones policiales en materia de droga;81.132,53;13. SEGURIDAD CIUDADANA E INSTITUCIONES PENITENCIARIAS
2011;133A;Centros e Instituciones Penitenciarias;1.162.414,42;13. SEGURIDAD CIUDADANA E INSTITUCIONES PENITENCIARIAS
2011;133B;Trabajo, formación y asistencia a reclusos;29.550,32;13. SEGURIDAD CIUDADANA E INSTITUCIONES PENITENCIARIAS
2011;134M;Protección Civil;16.609,15;13. SEGURIDAD CIUDADANA E INSTITUCIONES PENITENCIARIAS
2011;464C;Investigación y estudios en materia de seguridad pública;1.250,00;46. INVESTIGACIÓN, DESARROLLO, INNOVACIÓN Y DIGITALIZACIÓN
2011;467G;Investigación y desarrollo de la Sociedad de la Información;1.750,60;46. INVESTIGACIÓN, DESARROLLO, INNOVACIÓN Y DIGITALIZACIÓN
2011;924M;Elecciones y Partidos Políticos;245.154,89;92. SERVICIOS DE CARÁCTER GENERAL
2011;000X;Transferencias internas (Sección: 16 MINISTERIO DEL INTERIOR);123.928,96;92. SERVICIOS DE CARÁCTER GENERAL
2011;261M;Dirección y Servicios Generales de Vivienda;17.935,89;26. ACCESO A LA VIVIENDA Y FOMENTO DE LA EDIFICACIÓN
2011;261N;Promoción, administración y ayudas para rehabilitación y acceso a vivienda;1.126.645,50;26. ACCESO A LA VIVIENDA Y FOMENTO DE LA EDIFICACIÓN
2011;261O;Ordenación y fomento de la edificación;71.500,00;26. ACCESO A LA VIVIENDA Y FOMENTO DE LA EDIFICACIÓN
2011;261P;Suelo y Políticas Urbanas;2.382,79;26. ACCESO A LA VIVIENDA Y FOMENTO DE LA EDIFICACIÓN
2011;441M;Subvenciones y apoyo al transporte terrestre;213.952,97;44. INFRAESTRUCTURAS
2011;441N;Subvenciones y apoyo al transporte marítimo;84.360,00;44. INFRAESTRUCTURAS
2011;441O;Subvenciones y apoyo al transporte aéreo;344.847,59;44. INFRAESTRUCTURAS
2011;441P;Subvenciones al transporte extrapeninsular de mercancías;40.650,00;44. INFRAESTRUCTURAS
2011;451M;Estudios y servicios de asistencia técnica en Obras Públicas y Urbanismo;44.401,20;45. INFRAESTRUCTURAS Y ECOSISTEMAS RESILIENTES
2011;451N;Dirección y Servicios Generales de Fomento;2.312.934,53;45. INFRAESTRUCTURAS Y ECOSISTEMAS RESILIENTES
2011;453A;Infraestructura del transporte ferroviario;1.717.426,58;45. INFRAESTRUCTURAS Y ECOSISTEMAS RESILIENTES
2011;453B;Creación de infraestructura de carreteras;1.433.264,95;45. INFRAESTRUCTURAS Y ECOSISTEMAS RESILIENTES
2011;453C;Conservación y explotación de carreteras;1.136.600,74;45. INFRAESTRUCTURAS Y ECOSISTEMAS RESILIENTES
2011;453M;Ordenación e inspección del transporte terrestre;66.079,51;45. INFRAESTRUCTURAS Y ECOSISTEMAS RESILIENTES
2011;454M;Seguridad del tráfico marítimo y vigilancia costera;197.172,37;45. INFRAESTRUCTURAS Y ECOSISTEMAS RESILIENTES
2011;455M;Regulación y supervisión de la aviación civil;57.575,65;45. INFRAESTRUCTURAS Y ECOSISTEMAS RESILIENTES
2011;467B;Investigación, desarrollo y experimentación en transporte e infraestructuras;4.420,90;46. INVESTIGACIÓN, DESARROLLO, INNOVACIÓN Y DIGITALIZACIÓN
2011;467G;Investigación y desarrollo de la Sociedad de la Información;2.800,00;46. INVESTIGACIÓN, DESARROLLO, INNOVACIÓN Y DIGITALIZACIÓN
2011;491N;Servicio postal universal;70.394,08;49. OTRAS ACTUACIONES DE CARÁCTER ECONÓMICO
2011;495A;Desarrollo y aplicación de la información geográfica española;43.779,93;49. OTRAS ACTUACIONES DE CARÁCTER ECONÓMICO
2011;000X;Transferencias internas (Sección: 17 MINISTERIO DE FOMENTO);56.760,82;49. OTRAS ACTUACIONES DE CARÁCTER ECONÓMICO
2011;144A;Cooperación, promoción y difusión cultural en el exterior;15.095,78;14. POLÍTICA EXTERIOR Y DE COOPERACIÓN PARA EL DESARROLLO
2011;321M;Dirección y Servicios Generales de la Educación;79.756,09;32. EDUCACIÓN
2011;321N;Formación permanente del profesorado de Educación;52.332,66;32. EDUCACIÓN
2011;322A;Educación infantil y primaria;263.325,42;32. EDUCACIÓN
2011;322B;Educación secundaria, formación profesional y Escuelas Oficiales de Idiomas;247.147,24;32. EDUCACIÓN
2011;322C;Enseñanzas universitarias;399.611,33;32. EDUCACIÓN
2011;322D;Educación especial;13.553,08;32. EDUCACIÓN
2011;322E;Enseñanzas artísticas;6.365,90;32. EDUCACIÓN
2011;322F;Educación en el exterior;116.280,35;32. EDUCACIÓN
2011;322G;Educación compensatoria;70.084,28;32. EDUCACIÓN
2011;322H;Educación permanente y a distancia no universitaria;6.708,56;32. EDUCACIÓN
2011;322J;Nuevas tecnologías aplicadas a la educación;107.661,79;32. EDUCACIÓN
2011;323M;Becas y ayudas a estudiantes;1.431.466,31;32. EDUCACIÓN
2011;324M;Servicios complementarios de la enseñanza;6.133,63;32. EDUCACIÓN
2011;324N;Apoyo a otras actividades escolares;24.910,55;32. EDUCACIÓN
2011;463A;Investigación científica;129.064,35;46. INVESTIGACIÓN, DESARROLLO, INNOVACIÓN Y DIGITALIZACIÓN
2011;466A;Investigación y evaluación educativa;26.833,06;46. INVESTIGACIÓN, DESARROLLO, INNOVACIÓN Y DIGITALIZACIÓN
2011;000X;Transferencias internas (Sección: 18 MINISTERIO DE EDUCACIÓN);7.445,91;46. INVESTIGACIÓN, DESARROLLO, INNOVACIÓN Y DIGITALIZACIÓN
2011;143A;Cooperación para el desarrollo;3.115,88;14. POLÍTICA EXTERIOR Y DE COOPERACIÓN PARA EL DESARROLLO
2011;212M;Pensiones no contributivas y prestaciones asistenciales;28.292,26;21. PENSIONES
2011;223M;Prestaciones de garantía salarial;1.428.514,26;22. OTRAS PRESTACIONES ECONÓMICAS
2011;224M;Prestaciones económicas por cese de actividad;2.963,70;22. OTRAS PRESTACIONES ECONÓMICAS
2011;231B;Acciones en favor de la ciudadanía española en el exterior;116.658,28;23. SERVICIOS SOCIALES Y PROMOCIÓN SOCIAL
2011;231H;Integración de los inmigrantes;140.964,81;23. SERVICIOS SOCIALES Y PROMOCIÓN SOCIAL
2011;231N;Coordinación en materia de extranjería e inmigración;7.002,12;23. SERVICIOS SOCIALES Y PROMOCIÓN SOCIAL
2011;241A;Fomento de la inserción y estabilidad laboral;7.322.565,41;24. FOMENTO DEL EMPLEO
2011;241N;Desarrollo de la economía social y de la responsabilidad social de las empresas;6.536,41;24. FOMENTO DEL EMPLEO
2011;251M;Prestaciones a los desempleados;30.474.059,63;25. DESEMPLEO
2011;291A;Inspección y control de Seguridad y Protección Social;140.326,78;29. GESTIÓN Y ADMINISTRACIÓN DE LA INCLUSIÓN, DE LA SEGURIDAD SOCIAL Y DE LA MIGRACIÓN
2011;291M;Dirección y Servicios Generales de Seguridad Social y Protección Social;157.487,50;29. GESTIÓN Y ADMINISTRACIÓN DE LA INCLUSIÓN, DE LA SEGURIDAD SOCIAL Y DE LA MIGRACIÓN
2011;467G;Investigación y desarrollo de la Sociedad de la Información;957,51;46. INVESTIGACIÓN, DESARROLLO, INNOVACIÓN Y DIGITALIZACIÓN
2011;494M;Administración de las relaciones laborales y condiciones de trabajo;46.812,95;49. OTRAS ACTUACIONES DE CARÁCTER ECONÓMICO
2011;912P;Asesoramiento del Gobierno en materia social, económica y laboral;9.349,76;91. ÓRGANOS CONSTITUCIONALES, GOBIERNO Y OTROS
2011;000X;Transferencias internas (Sección: 19 MINISTERIO DE TRABAJO E INMIGRACIÓN);22.122.130,77;91. ÓRGANOS CONSTITUCIONALES, GOBIERNO Y OTROS
2011;421M;Dirección y Servicios Generales de Industria y Energía;92.691,15;42. INDUSTRIA Y ENERGÍA
2011;421N;Regulación y protección de la propiedad industrial;60.397,16;42. INDUSTRIA Y ENERGÍA
2011;421O;Calidad y seguridad industrial;5.518,33;42. INDUSTRIA Y ENERGÍA
2011;422B;Desarrollo industrial;585.959,02;42. INDUSTRIA Y ENERGÍA
2011;422M;Reconversión y reindustrialización;704.500,65;42. INDUSTRIA Y ENERGÍA
2011;423M;Desarrollo alternativo de las comarcas mineras del carbón;145.100,00;42. INDUSTRIA Y ENERGÍA
2011;423N;Explotación minera;657.612,01;42. INDUSTRIA Y ENERGÍA
2011;424M;Seguridad nuclear y protección radiológica;48.079,46;42. INDUSTRIA Y ENERGÍA
2011;425A;Normativa y desarrollo energético;321.822,93;42. INDUSTRIA Y ENERGÍA
2011;431A;Promoción comercial e internacionalización de la empresa;591.658,93;43. COMERCIO, TURISMO Y PYMES
2011;431M;Dirección y Servicios Generales de Comercio y Turismo;27.011,65;43. COMERCIO, TURISMO Y PYMES
2011;431N;Ordenación del comercio exterior;12.486,36;43. COMERCIO, TURISMO Y PYMES
2011;431O;Ordenación y modernización de las estructuras comerciales;22.516,53;43. COMERCIO, TURISMO Y PYMES
2011;432A;Coordinación y promoción del turismo;623.254,61;43. COMERCIO, TURISMO Y PYMES
2011;433M;Apoyo a la pequeña y mediana empresa;156.011,85;43. COMERCIO, TURISMO Y PYMES
2011;457M;Infraestructuras en comarcas mineras del carbón;289.117,50;45. INFRAESTRUCTURAS Y ECOSISTEMAS RESILIENTES
2011;464B;Apoyo a la innovación tecnológica en el sector de la defensa;804.137,98;46. INVESTIGACIÓN, DESARROLLO, INNOVACIÓN Y DIGITALIZACIÓN
2011;467C;Investigación y desarrollo tecnológico-industrial;407.269,27;46. INVESTIGACIÓN, DESARROLLO, INNOVACIÓN Y DIGITALIZACIÓN
2011;467G;Investigación y desarrollo de la Sociedad de la Información;369.370,96;46. INVESTIGACIÓN, DESARROLLO, INNOVACIÓN Y DIGITALIZACIÓN
2011;467I;Innovación tecnológica de las telecomunicaciones;721.672,88;46. INVESTIGACIÓN, DESARROLLO, INNOVACIÓN Y DIGITALIZACIÓN
2011;491M;Ordenación y promoción de las telecomunicaciones y de la Sociedad de la Información;30.115,47;49. OTRAS ACTUACIONES DE CARÁCTER ECONÓMICO
2011;495C;Metrología;9.076,72;49. OTRAS ACTUACIONES DE CARÁCTER ECONÓMICO
2011;921U;Publicaciones;2.535,01;92. SERVICIOS DE CARÁCTER GENERAL
2011;000X;Transferencias internas (Sección: 20 MINISTERIO DE INDUSTRIA, TURISMO Y COMERCIO);977.305,14;92. SERVICIOS DE CARÁCTER GENERAL
2011;143A;Cooperación para el desarrollo;3.826,55;14. POLÍTICA EXTERIOR Y DE COOPERACIÓN PARA EL DESARROLLO
2011;463A;Investigación científica;682.595,30;46. INVESTIGACIÓN, DESARROLLO, INNOVACIÓN Y DIGITALIZACIÓN
2011;463B;Fomento y coordinación de la investigación científica y técnica;2.139.768,61;46. INVESTIGACIÓN, DESARROLLO, INNOVACIÓN Y DIGITALIZACIÓN
2011;465A;Investigación sanitaria;300.052,03;46. INVESTIGACIÓN, DESARROLLO, INNOVACIÓN Y DIGITALIZACIÓN
2011;467A;Astronomía y astrofísica;20.535,79;46. INVESTIGACIÓN, DESARROLLO, INNOVACIÓN Y DIGITALIZACIÓN
2011;467C;Investigación y desarrollo tecnológico-industrial;2.426.974,62;46. INVESTIGACIÓN, DESARROLLO, INNOVACIÓN Y DIGITALIZACIÓN
2011;467D;Investigación y experimentación agraria;81.259,44;46. INVESTIGACIÓN, DESARROLLO, INNOVACIÓN Y DIGITALIZACIÓN
2011;467E;Investigación oceanográfica y pesquera;60.515,00;46. INVESTIGACIÓN, DESARROLLO, INNOVACIÓN Y DIGITALIZACIÓN
2011;467F;Investigación geológico-minera y medioambiental;26.397,95;46. INVESTIGACIÓN, DESARROLLO, INNOVACIÓN Y DIGITALIZACIÓN
2011;467H;Investigación energética, medioambiental y tecnológica;86.723,95;46. INVESTIGACIÓN, DESARROLLO, INNOVACIÓN Y DIGITALIZACIÓN
2011;000X;Transferencias internas (Sección: 21 MINISTERIO DE CIENCIA E INNOVACIÓN);837.083,01;46. INVESTIGACIÓN, DESARROLLO, INNOVACIÓN Y DIGITALIZACIÓN
2011;467G;Investigación y desarrollo de la Sociedad de la Información;226,35;46. INVESTIGACIÓN, DESARROLLO, INNOVACIÓN Y DIGITALIZACIÓN
2011;922M;Organización territorial del Estado y desarrollo de sus sistemas de colaboración;3.866,29;92. SERVICIOS DE CARÁCTER GENERAL
2011;922Q;Dirección y Servicios Generales de Política Territorial;22.449,08;92. SERVICIOS DE CARÁCTER GENERAL
2011;942A;Cooperación económica local del Estado;140.636,67;94. TRANSFERENCIAS A OTRAS ADMINISTRACIONES PÚBLICAS
2011;411M;Dirección y Servicios Generales de Agricultura, Pesca y Alimentación;3.401,37;41. AGRICULTURA, PESCA Y ALIMENTACIÓN
2011;412A;Competitividad y calidad de la producción agrícola;53.063,89;41. AGRICULTURA, PESCA Y ALIMENTACIÓN
2011;412B;Competitividad y calidad de la producción ganadera;135.298,69;41. AGRICULTURA, PESCA Y ALIMENTACIÓN
2011;412M;Regulación de los mercados agrarios;6.155.482,81;41. AGRICULTURA, PESCA Y ALIMENTACIÓN
2011;413A;Competitividad industria agroalimentaria y calidad alimentaria;40.850,98;41. AGRICULTURA, PESCA Y ALIMENTACIÓN
2011;414A;Gestión de Recursos Hídricos para el Regadío;66.542,86;41. AGRICULTURA, PESCA Y ALIMENTACIÓN
2011;414B;Desarrollo del medio rural;1.520.405,34;41. AGRICULTURA, PESCA Y ALIMENTACIÓN
2011;414C;Programa de Desarrollo Rural Sostenible;200.300,00;41. AGRICULTURA, PESCA Y ALIMENTACIÓN
2011;415A;Protección de los recursos pesqueros y desarrollo sostenible;28.666,58;41. AGRICULTURA, PESCA Y ALIMENTACIÓN
2011;415B;Mejora de estructuras y mercados pesqueros;93.335,78;41. AGRICULTURA, PESCA Y ALIMENTACIÓN
2011;416A;Previsión de riesgos en las producciones agrarias y pesqueras;281.144,50;41. AGRICULTURA, PESCA Y ALIMENTACIÓN
2011;451O;Dirección y Servicios Generales de Medio Ambiente;188.207,38;45. INFRAESTRUCTURAS Y ECOSISTEMAS RESILIENTES
2011;452A;Gestión e infraestructuras del agua;1.321.192,72;45. INFRAESTRUCTURAS Y ECOSISTEMAS RESILIENTES
2011;452M;Normativa y ordenación territorial de los recursos hídricos;121.438,93;45. INFRAESTRUCTURAS Y ECOSISTEMAS RESILIENTES
2011;456A;Calidad del agua;295.340,79;45. INFRAESTRUCTURAS Y ECOSISTEMAS RESILIENTES
2011;456B;Protección y mejora del medio ambiente;30.206,51;45. INFRAESTRUCTURAS Y ECOSISTEMAS RESILIENTES
2011;456C;Protección y mejora del medio natural;225.674,61;45. INFRAESTRUCTURAS Y ECOSISTEMAS RESILIENTES
2011;456D;Actuación en la costa;162.402,34;45. INFRAESTRUCTURAS Y ECOSISTEMAS RESILIENTES
2011;456M;Actuaciones para la prevención de la contaminación y el cambio climático;101.513,52;45. INFRAESTRUCTURAS Y ECOSISTEMAS RESILIENTES
2011;467G;Investigación y desarrollo de la Sociedad de la Información;619,01;46. INVESTIGACIÓN, DESARROLLO, INNOVACIÓN Y DIGITALIZACIÓN
2011;495B;Meteorología;122.796,52;49. OTRAS ACTUACIONES DE CARÁCTER ECONÓMICO
2011;000X;Transferencias internas (Sección: 23 MINISTERIO DE MEDIO AMBIENTE, Y MEDIO RURAL Y MARINO);783.218,41;49. OTRAS ACTUACIONES DE CARÁCTER ECONÓMICO
2011;144A;Cooperación, promoción y difusión cultural en el exterior;17.885,39;14. POLÍTICA EXTERIOR Y DE COOPERACIÓN PARA EL DESARROLLO
2011;331M;Dirección y Servicios Generales de Cultura;49.253,95;33. CULTURA
2011;332A;Archivos;42.468,90;33. CULTURA
2011;332B;Bibliotecas;77.051,77;33. CULTURA
2011;333A;Museos;213.719,23;33. CULTURA
2011;333B;Exposiciones;4.804,91;33. CULTURA
2011;334A;Promoción y cooperación cultural;54.158,43;33. CULTURA
2011;334B;Promoción del libro y publicaciones culturales;14.615,78;33. CULTURA
2011;334C;Fomento de las industrias culturales;30.800,68;33. CULTURA
2011;335A;Música y danza;107.205,62;33. CULTURA
2011;335B;Teatro;56.232,22;33. CULTURA
2011;335C;Cinematografía;113.481,09;33. CULTURA
2011;337B;Conservación y restauración de bienes culturales;45.889,69;33. CULTURA
2011;337C;Protección del Patrimonio Histórico;10.345,17;33. CULTURA
2011;467G;Investigación y desarrollo de la Sociedad de la Información;1.400,00;46. INVESTIGACIÓN, DESARROLLO, INNOVACIÓN Y DIGITALIZACIÓN
2011;000X;Transferencias internas (Sección: 24 MINISTERIO DE CULTURA);459.566,23;46. INVESTIGACIÓN, DESARROLLO, INNOVACIÓN Y DIGITALIZACIÓN
2011;144A;Cooperación, promoción y difusión cultural en el exterior;3.348,73;14. POLÍTICA EXTERIOR Y DE COOPERACIÓN PARA EL DESARROLLO
2011;222M;Prestaciones económicas del Mutualismo Administrativo;412.360,65;22. OTRAS PRESTACIONES ECONÓMICAS
2011;312E;Asistencia sanitaria del Mutualismo Administrativo;1.355.466,72;31. SANIDAD
2011;322K;Deporte en edad escolar y en la Universidad;16.536,30;32. EDUCACIÓN
2011;336A;Fomento y apoyo de las actividades deportivas;150.105,31;33. CULTURA
2011;337A;Administración del Patrimonio Histórico-Nacional;121.055,55;33. CULTURA
2011;462M;Investigación y estudios sociológicos y constitucionales;13.196,98;46. INVESTIGACIÓN, DESARROLLO, INNOVACIÓN Y DIGITALIZACIÓN
2011;467G;Investigación y desarrollo de la Sociedad de la Información;19.502,44;46. INVESTIGACIÓN, DESARROLLO, INNOVACIÓN Y DIGITALIZACIÓN
2011;911Q;Apoyo a la gestión administrativa de la Jefatura del Estado;6.203,07;91. ÓRGANOS CONSTITUCIONALES, GOBIERNO Y OTROS
2011;912M;Presidencia del Gobierno;43.406,66;91. ÓRGANOS CONSTITUCIONALES, GOBIERNO Y OTROS
2011;912O;Relaciones con las Cortes Generales, Secretariado del Gobierno y apoyo a la Alta Dirección;68.428,54;91. ÓRGANOS CONSTITUCIONALES, GOBIERNO Y OTROS
2011;921N;Dirección y organización de la Administración Pública;24.298,43;92. SERVICIOS DE CARÁCTER GENERAL
2011;921O;Formación del personal de las Administraciones Públicas;146.071,10;92. SERVICIOS DE CARÁCTER GENERAL
2011;921P;Administración periférica del Estado;316.608,10;92. SERVICIOS DE CARÁCTER GENERAL
2011;921Q;Cobertura informativa;18.404,02;92. SERVICIOS DE CARÁCTER GENERAL
2011;921R;Publicidad de las normas legales;36.110,83;92. SERVICIOS DE CARÁCTER GENERAL
2011;921V;Evaluación de políticas y programas públicos, calidad de los servicios e impacto normativo;4.621,60;92. SERVICIOS DE CARÁCTER GENERAL
2011;000X;Transferencias internas (Sección: 25 MINISTERIO DE LA PRESIDENCIA);308.699,36;92. SERVICIOS DE CARÁCTER GENERAL
2011;231A;Plan Nacional sobre Drogas;25.867,27;23. SERVICIOS SOCIALES Y PROMOCIÓN SOCIAL
2011;231F;Otros servicios sociales del Estado;240.154,01;23. SERVICIOS SOCIALES Y PROMOCIÓN SOCIAL
2011;231G;Atención a la infancia y a las familias;8.723,37;23. SERVICIOS SOCIALES Y PROMOCIÓN SOCIAL
2011;232A;Promoción y servicios a la juventud;31.586,22;23. SERVICIOS SOCIALES Y PROMOCIÓN SOCIAL
2011;232B;Igualdad de oportunidades entre mujeres y hombres;31.160,02;23. SERVICIOS SOCIALES Y PROMOCIÓN SOCIAL
2011;232C;Actuaciones para la prevención integral de la violencia de género;30.363,12;23. SERVICIOS SOCIALES Y PROMOCIÓN SOCIAL
2011;232M;Dirección y Servicios Generales de Promoción Social;8.107,26;23. SERVICIOS SOCIALES Y PROMOCIÓN SOCIAL
2011;311M;Dirección y Servicios Generales de Sanidad y Política Social;75.355,17;31. SANIDAD
2011;311O;Cohesión y calidad del Sistema Nacional de Salud;173.884,73;31. SANIDAD
2011;313A;Oferta y uso racional de medicamentos y productos sanitarios;51.786,33;31. SANIDAD
2011;313B;Salud pública y sanidad exterior;27.596,64;31. SANIDAD
2011;313C;Seguridad alimentaria y nutrición;17.399,46;31. SANIDAD
2011;313D;Donación y trasplante de órganos, tejidos y células;3.970,39;31. SANIDAD
2011;465A;Investigación sanitaria;27.474,92;46. INVESTIGACIÓN, DESARROLLO, INNOVACIÓN Y DIGITALIZACIÓN
2011;492O;Protección y promoción de los derechos de los consumidores y usuarios;22.867,17;49. OTRAS ACTUACIONES DE CARÁCTER ECONÓMICO
2011;000X;Transferencias internas (Sección: 26 MINISTERIO DE SANIDAD, POLÍTICA SOCIAL E IGUALDAD);2.046.151,47;49. OTRAS ACTUACIONES DE CARÁCTER ECONÓMICO
2011;467G;Investigación y desarrollo de la Sociedad de la Información;3.717,61;46. INVESTIGACIÓN, DESARROLLO, INNOVACIÓN Y DIGITALIZACIÓN
2011;923A;Gestión del Patrimonio del Estado;65.254,53;92. SERVICIOS DE CARÁCTER GENERAL
2011;929M;Imprevistos y funciones no clasificadas;2.063.733,10;92. SERVICIOS DE CARÁCTER GENERAL
2011;000X;Transferencias internas (Sección: 31 GASTOS DE DIVERSOS MINISTERIOS);152.099,75;92. SERVICIOS DE CARÁCTER GENERAL
2011;441M;Subvenciones y apoyo al transporte terrestre;334.914,20;44. INFRAESTRUCTURAS
2011;453A;Infraestructura del transporte ferroviario;74.167,58;45. INFRAESTRUCTURAS Y ECOSISTEMAS RESILIENTES
2011;941O;Otras transferencias a Comunidades Autónomas;1.193.132,66;94. TRANSFERENCIAS A OTRAS ADMINISTRACIONES PÚBLICAS
2011;942N;Otras aportaciones a Entidades Locales;251.809,19;94. TRANSFERENCIAS A OTRAS ADMINISTRACIONES PÚBLICAS
2011;941N;Transferencias a Comunidades Autónomas por los Fondos de Compensación Interterritorial;1.074.370,00;94. TRANSFERENCIAS A OTRAS ADMINISTRACIONES PÚBLICAS
2011;943M;Transferencias al Presupuesto General de la Unión Europea;11.822.372,00;94. TRANSFERENCIAS A OTRAS ADMINISTRACIONES PÚBLICAS
2011;943N;Cooperación al desarrollo a través del Fondo Europeo de Desarrollo;295.000,00;94. TRANSFERENCIAS A OTRAS ADMINISTRACIONES PÚBLICAS
2011;929N;Fondo de contingencia de ejecución presupuestaria;2.440.442,84;92. SERVICIOS DE CARÁCTER GENERAL
2011;941M;Transferencias a Comunidades Autónomas por participación en ingresos Estado;14.797.873,61;94. TRANSFERENCIAS A OTRAS ADMINISTRACIONES PÚBLICAS
2011;942M;Transferencias a Entidades Locales por participación en ingresos Estado;13.235.984,38;94. TRANSFERENCIAS A OTRAS ADMINISTRACIONES PÚBLICAS
2011;211M;Pensiones contributivas de la Seguridad Social;99.238.688,39;21. PENSIONES
2011;212M;Pensiones no contributivas y prestaciones asistenciales;2.004.945,45;21. PENSIONES
2011;219M;Gestión de las prestaciones económicas de Seguridad Social;446.524,35;21. PENSIONES
2011;221M;Subsidios de incapacidad temporal y otras prestaciones económicas de la Seguridad Social;11.580.709,07;22. OTRAS PRESTACIONES ECONÓMICAS
2011;224M;Prestaciones económicas por cese de actividad;8.120,00;22. OTRAS PRESTACIONES ECONÓMICAS
2011;231C;Servicios Sociales de la Seguridad Social a personas con discapacidad;91.841,64;23. SERVICIOS SOCIALES Y PROMOCIÓN SOCIAL
2011;231D;Servicios Sociales de la Seguridad Social a personas mayores;202.400,47;23. SERVICIOS SOCIALES Y PROMOCIÓN SOCIAL
2011;231E;Otros servicios sociales de la Seguridad Social;48.663,99;23. SERVICIOS SOCIALES Y PROMOCIÓN SOCIAL
2011;231I;Autonomía personal y Atención a la Dependencia;1.498.442,46;23. SERVICIOS SOCIALES Y PROMOCIÓN SOCIAL
2011;239M;Gestión de los servicios sociales de la Seguridad Social;39.049,41;23. SERVICIOS SOCIALES Y PROMOCIÓN SOCIAL
2011;291M;Dirección y Servicios Generales de Seguridad Social y Protección Social;7.473.243,43;29. GESTIÓN Y ADMINISTRACIÓN DE LA INCLUSIÓN, DE LA SEGURIDAD SOCIAL Y DE LA MIGRACIÓN
2011;311M;Dirección y Servicios Generales de Sanidad y Política Social;16.869,82;31. SANIDAD
2011;312B;Atención primaria de salud. Instituto Nacional de Gestión Sanitaria;61.960,40;31. SANIDAD
2011;312C;Atención especializada de salud. Instituto Nacional de Gestión Sanitaria;149.289,63;31. SANIDAD
2011;312D;Medicina marítima;32.111,45;31. SANIDAD
2011;312F;Atención primaria de salud de Mutuas de Accidentes de Trabajo y E.P e I.S.M;1.005.323,11;31. SANIDAD
2011;312G;Atención especializada de salud de Mutuas de Accidentes de Trabajo y E.P e I.S.M;375.428,66;31. SANIDAD
2011;322I;Enseñanzas especiales;1.554,86;32. EDUCACIÓN
2011;000X;Transferencias internas (Sección: 60 SEGURIDAD SOCIAL);4.265.111,24;32. EDUCACIÓN
2012;911M;Jefatura del Estado;8.264,28;91. ÓRGANOS CONSTITUCIONALES, GOBIERNO Y OTROS
2012;911N;Actividad legislativa;206.626,89;91. ÓRGANOS CONSTITUCIONALES, GOBIERNO Y OTROS
2012;911O;Control externo del Sector Público;62.123,22;91. ÓRGANOS CONSTITUCIONALES, GOBIERNO Y OTROS
2012;911P;Control Constitucional;25.531,83;91. ÓRGANOS CONSTITUCIONALES, GOBIERNO Y OTROS
2012;912N;Alto asesoramiento del Estado;10.087,22;91. ÓRGANOS CONSTITUCIONALES, GOBIERNO Y OTROS
2012;951M;Amortización y gastos financieros de la deuda pública en moneda nacional;75.542.950,10;95. GASTOS FINANCIEROS DE LA DEUDA PUBLICA
2012;951N;Amortización y gastos financieros de la deuda pública en moneda extranjera;3.355.193,74;95. GASTOS FINANCIEROS DE LA DEUDA PUBLICA
2012;211N;Pensiones de Clases Pasivas;10.857.648,33;21. PENSIONES
2012;211O;Otras pensiones y prestaciones de Clases Pasivas;107.547,05;21. PENSIONES
2012;212N;Pensiones de guerra;314.804,62;21. PENSIONES
2012;111M;Gobierno del Poder Judicial;35.759,18;11. JUSTICIA
2012;111O;Selección y formación de jueces;26.452,82;11. JUSTICIA
2012;111P;Documentación y publicaciones judiciales;9.140,51;11. JUSTICIA
2012;141M;Dirección y Servicios Generales de Asuntos Exteriores;79.897,98;14. POLÍTICA EXTERIOR Y DE COOPERACIÓN PARA EL DESARROLLO
2012;142A;Acción del Estado en el exterior;761.314,79;14. POLÍTICA EXTERIOR Y DE COOPERACIÓN PARA EL DESARROLLO
2012;142B;Acción diplomática ante la Unión Europea;22.773,54;14. POLÍTICA EXTERIOR Y DE COOPERACIÓN PARA EL DESARROLLO
2012;143A;Cooperación para el desarrollo;678.936,04;14. POLÍTICA EXTERIOR Y DE COOPERACIÓN PARA EL DESARROLLO
2012;144A;Cooperación, promoción y difusión cultural en el exterior;104.183,61;14. POLÍTICA EXTERIOR Y DE COOPERACIÓN PARA EL DESARROLLO
2012;467G;Investigación y desarrollo de la Sociedad de la Información;2.203,19;46. INVESTIGACIÓN, DESARROLLO, INNOVACIÓN Y DIGITALIZACIÓN
2012;000X;Transferencias internas (Sección: 12 MINISTERIO DE ASUNTOS EXTERIORES Y DE COOPERACIÓN);320.565,81;46. INVESTIGACIÓN, DESARROLLO, INNOVACIÓN Y DIGITALIZACIÓN
2012;111N;Dirección y Servicios Generales de Justicia;55.306,43;11. JUSTICIA
2012;111Q;Formación del Personal de la Administración de Justicia;11.451,20;11. JUSTICIA
2012;111R;Formación de la Carrera Fiscal;6.214,70;11. JUSTICIA
2012;112A;Tribunales de Justicia y Ministerio Fiscal;1.442.181,66;11. JUSTICIA
2012;113M;Registros vinculados con la Fe Pública;26.126,59;11. JUSTICIA
2012;135M;Protección de datos de carácter personal;13.929,55;13. SEGURIDAD CIUDADANA E INSTITUCIONES PENITENCIARIAS
2012;222M;Prestaciones económicas del Mutualismo Administrativo;22.083,76;22. OTRAS PRESTACIONES ECONÓMICAS
2012;312E;Asistencia sanitaria del Mutualismo Administrativo;80.712,65;31. SANIDAD
2012;467G;Investigación y desarrollo de la Sociedad de la Información;7.885,68;46. INVESTIGACIÓN, DESARROLLO, INNOVACIÓN Y DIGITALIZACIÓN
2012;921S;Asesoramiento y defensa intereses del Estado;32.333,49;92. SERVICIOS DE CARÁCTER GENERAL
2012;000X;Transferencias internas (Sección: 13 MINISTERIO DE JUSTICIA);10.166,15;92. SERVICIOS DE CARÁCTER GENERAL
2012;121M;Administración y Servicios Generales de Defensa;1.225.492,95;12. DEFENSA
2012;121N;Formación del Personal de las Fuerzas Armadas;418.960,06;12. DEFENSA
2012;121O;Personal en reserva;550.956,31;12. DEFENSA
2012;122A;Modernización de las Fuerzas Armadas;268.943,47;12. DEFENSA
2012;122B;Programas especiales de modernización;4.953,46;12. DEFENSA
2012;122M;Gastos Operativos de las Fuerzas Armadas;2.289.059,21;12. DEFENSA
2012;122N;Apoyo Logístico;1.510.951,01;12. DEFENSA
2012;222M;Prestaciones económicas del Mutualismo Administrativo;108.708,32;22. OTRAS PRESTACIONES ECONÓMICAS
2012;312A;Asistencia hospitalaria en las Fuerzas Armadas;148.283,49;31. SANIDAD
2012;312E;Asistencia sanitaria del Mutualismo Administrativo;650.898,75;31. SANIDAD
2012;464A;Investigación y estudios de las Fuerzas Armadas;174.056,70;46. INVESTIGACIÓN, DESARROLLO, INNOVACIÓN Y DIGITALIZACIÓN
2012;931P;Control interno y Contabilidad Pública;220,59;93. ADMINISTRACIÓN FINANCIERA Y TRIBUTARIA
2012;000X;Transferencias internas (Sección: 14 MINISTERIO DE DEFENSA);60.260,14;93. ADMINISTRACIÓN FINANCIERA Y TRIBUTARIA
2012;219N;Gestión de pensiones de Clases Pasivas;7.662,42;21. PENSIONES
2012;222M;Prestaciones económicas del Mutualismo Administrativo;313.290,34;22. OTRAS PRESTACIONES ECONÓMICAS
2012;231G;Atención a la infancia y a las familias;100,00;23. SERVICIOS SOCIALES Y PROMOCIÓN SOCIAL
2012;312E;Asistencia sanitaria del Mutualismo Administrativo;1.351.289,22;31. SANIDAD
2012;337B;Conservación y restauración de bienes culturales;10.179,96;33. CULTURA
2012;422A;Incentivos regionales a la localización industrial;128.187,69;42. INDUSTRIA Y ENERGÍA
2012;462N;Investigación y estudios estadísticos y económicos;6.505,70;46. INVESTIGACIÓN, DESARROLLO, INNOVACIÓN Y DIGITALIZACIÓN
2012;467G;Investigación y desarrollo de la Sociedad de la Información;12.261,21;46. INVESTIGACIÓN, DESARROLLO, INNOVACIÓN Y DIGITALIZACIÓN
2012;492N;Regulación y vigilancia de la competencia en el Mercado de Tabacos;8.905,30;49. OTRAS ACTUACIONES DE CARÁCTER ECONÓMICO
2012;496M;Regulación del juego;6.171,83;49. OTRAS ACTUACIONES DE CARÁCTER ECONÓMICO
2012;921N;Dirección y organización de la Administración Pública;48.598,06;92. SERVICIOS DE CARÁCTER GENERAL
2012;921O;Formación del personal de las Administraciones Públicas;76.181,84;92. SERVICIOS DE CARÁCTER GENERAL
2012;921P;Administración periférica del Estado;301.579,80;92. SERVICIOS DE CARÁCTER GENERAL
2012;921T;Servicios de transportes de Ministerios;42.885,24;92. SERVICIOS DE CARÁCTER GENERAL
2012;921V;Evaluación de políticas y programas públicos, calidad de los servicios e impacto normativo;4.446,36;92. SERVICIOS DE CARÁCTER GENERAL
2012;922M;Organización territorial del Estado y desarrollo de sus sistemas de colaboración;3.755,71;92. SERVICIOS DE CARÁCTER GENERAL
2012;922N;Coordinación y relaciones financieras con los Entes Territoriales;5.774,90;92. SERVICIOS DE CARÁCTER GENERAL
2012;923A;Gestión del Patrimonio del Estado;159.618,22;92. SERVICIOS DE CARÁCTER GENERAL
2012;923M;Dirección y Servicios Generales de Hacienda y Administraciones Públicas;667.572,07;92. SERVICIOS DE CARÁCTER GENERAL
2012;923N;Formación del personal de Economía y Hacienda;9.797,25;92. SERVICIOS DE CARÁCTER GENERAL
2012;931N;Política presupuestaria;59.336,06;93. ADMINISTRACIÓN FINANCIERA Y TRIBUTARIA
2012;931O;Política tributaria;6.534,83;93. ADMINISTRACIÓN FINANCIERA Y TRIBUTARIA
2012;931P;Control interno y Contabilidad Pública;78.866,78;93. ADMINISTRACIÓN FINANCIERA Y TRIBUTARIA
2012;932A;Aplicación del sistema tributario estatal;1.027.008,98;93. ADMINISTRACIÓN FINANCIERA Y TRIBUTARIA
2012;932M;Gestión del catastro inmobiliario;103.491,09;93. ADMINISTRACIÓN FINANCIERA Y TRIBUTARIA
2012;932N;Resolución de reclamaciones económico-administrativas;29.560,47;93. ADMINISTRACIÓN FINANCIERA Y TRIBUTARIA
2012;942A;Cooperación económica local del Estado;33.387,00;94. TRANSFERENCIAS A OTRAS ADMINISTRACIONES PÚBLICAS
2012;000X;Transferencias internas (Sección: 15 MINISTERIO DE HACIENDA Y ADMINISTRACIONES PÚBLICAS);1.031.916,62;94. TRANSFERENCIAS A OTRAS ADMINISTRACIONES PÚBLICAS
2012;131M;Dirección y Servicios Generales de Seguridad y Protección Civil;88.256,68;13. SEGURIDAD CIUDADANA E INSTITUCIONES PENITENCIARIAS
2012;131N;Formación de Fuerzas y Cuerpos de Seguridad del Estado;80.808,38;13. SEGURIDAD CIUDADANA E INSTITUCIONES PENITENCIARIAS
2012;131O;Fuerzas y Cuerpos en reserva;697.385,60;13. SEGURIDAD CIUDADANA E INSTITUCIONES PENITENCIARIAS
2012;131P;Derecho de asilo y apátridas;3.322,53;13. SEGURIDAD CIUDADANA E INSTITUCIONES PENITENCIARIAS
2012;132A;Seguridad ciudadana;5.468.620,75;13. SEGURIDAD CIUDADANA E INSTITUCIONES PENITENCIARIAS
2012;132B;Seguridad vial;723.792,12;13. SEGURIDAD CIUDADANA E INSTITUCIONES PENITENCIARIAS
2012;132C;Actuaciones policiales en materia de droga;82.203,20;13. SEGURIDAD CIUDADANA E INSTITUCIONES PENITENCIARIAS
2012;133A;Centros e Instituciones Penitenciarias;1.154.471,86;13. SEGURIDAD CIUDADANA E INSTITUCIONES PENITENCIARIAS
2012;133B;Trabajo, formación y asistencia a reclusos;27.431,23;13. SEGURIDAD CIUDADANA E INSTITUCIONES PENITENCIARIAS
2012;134M;Protección Civil;14.759,41;13. SEGURIDAD CIUDADANA E INSTITUCIONES PENITENCIARIAS
2012;464C;Investigación y estudios en materia de seguridad pública;850,00;46. INVESTIGACIÓN, DESARROLLO, INNOVACIÓN Y DIGITALIZACIÓN
2012;467G;Investigación y desarrollo de la Sociedad de la Información;1.333,68;46. INVESTIGACIÓN, DESARROLLO, INNOVACIÓN Y DIGITALIZACIÓN
2012;924M;Elecciones y Partidos Políticos;114.993,78;92. SERVICIOS DE CARÁCTER GENERAL
2012;000X;Transferencias internas (Sección: 16 MINISTERIO DEL INTERIOR);151.783,71;92. SERVICIOS DE CARÁCTER GENERAL
2012;261N;Promoción, administración y ayudas para rehabilitación y acceso a vivienda;780.801,42;26. ACCESO A LA VIVIENDA Y FOMENTO DE LA EDIFICACIÓN
2012;261O;Ordenación y fomento de la edificación;37.968,49;26. ACCESO A LA VIVIENDA Y FOMENTO DE LA EDIFICACIÓN
2012;261P;Suelo y Políticas Urbanas;1.442,38;26. ACCESO A LA VIVIENDA Y FOMENTO DE LA EDIFICACIÓN
2012;441M;Subvenciones y apoyo al transporte terrestre;998.000,00;44. INFRAESTRUCTURAS
2012;441N;Subvenciones y apoyo al transporte marítimo;57.863,35;44. INFRAESTRUCTURAS
2012;441O;Subvenciones y apoyo al transporte aéreo;288.337,00;44. INFRAESTRUCTURAS
2012;441P;Subvenciones al transporte extrapeninsular de mercancías;22.690,00;44. INFRAESTRUCTURAS
2012;451M;Estudios y servicios de asistencia técnica en Obras Públicas y Urbanismo;32.005,44;45. INFRAESTRUCTURAS Y ECOSISTEMAS RESILIENTES
2012;451N;Dirección y Servicios Generales de Fomento;1.192.148,09;45. INFRAESTRUCTURAS Y ECOSISTEMAS RESILIENTES
2012;453A;Infraestructura del transporte ferroviario;954.545,98;45. INFRAESTRUCTURAS Y ECOSISTEMAS RESILIENTES
2012;453B;Creación de infraestructura de carreteras;1.782.289,49;45. INFRAESTRUCTURAS Y ECOSISTEMAS RESILIENTES
2012;453C;Conservación y explotación de carreteras;926.037,98;45. INFRAESTRUCTURAS Y ECOSISTEMAS RESILIENTES
2012;453M;Ordenación e inspección del transporte terrestre;34.669,07;45. INFRAESTRUCTURAS Y ECOSISTEMAS RESILIENTES
2012;454M;Seguridad del tráfico marítimo y vigilancia costera;170.013,86;45. INFRAESTRUCTURAS Y ECOSISTEMAS RESILIENTES
2012;455M;Regulación y supervisión de la aviación civil;56.017,08;45. INFRAESTRUCTURAS Y ECOSISTEMAS RESILIENTES
2012;467B;Investigación, desarrollo y experimentación en transporte e infraestructuras;932,90;46. INVESTIGACIÓN, DESARROLLO, INNOVACIÓN Y DIGITALIZACIÓN
2012;467G;Investigación y desarrollo de la Sociedad de la Información;1.350,00;46. INVESTIGACIÓN, DESARROLLO, INNOVACIÓN Y DIGITALIZACIÓN
2012;491N;Servicio postal universal;502,00;49. OTRAS ACTUACIONES DE CARÁCTER ECONÓMICO
2012;495A;Desarrollo y aplicación de la información geográfica española;34.897,30;49. OTRAS ACTUACIONES DE CARÁCTER ECONÓMICO
2012;000X;Transferencias internas (Sección: 17 MINISTERIO DE FOMENTO);8.631,37;49. OTRAS ACTUACIONES DE CARÁCTER ECONÓMICO
2012;144A;Cooperación, promoción y difusión cultural en el exterior;28.750,64;14. POLÍTICA EXTERIOR Y DE COOPERACIÓN PARA EL DESARROLLO
2012;321M;Dirección y Servicios Generales de la Educación;74.851,02;32. EDUCACIÓN
2012;321N;Formación permanente del profesorado de Educación;4.216,52;32. EDUCACIÓN
2012;322A;Educación infantil y primaria;167.130,42;32. EDUCACIÓN
2012;322B;Educación secundaria, formación profesional y Escuelas Oficiales de Idiomas;175.793,97;32. EDUCACIÓN
2012;322C;Enseñanzas universitarias;149.663,75;32. EDUCACIÓN
2012;322D;Educación especial;13.431,45;32. EDUCACIÓN
2012;322E;Enseñanzas artísticas;7.376,11;32. EDUCACIÓN
2012;322F;Educación en el exterior;108.584,54;32. EDUCACIÓN
2012;322G;Educación compensatoria;169.790,97;32. EDUCACIÓN
2012;322H;Educación permanente y a distancia no universitaria;5.751,47;32. EDUCACIÓN
2012;322J;Nuevas tecnologías aplicadas a la educación;45.008,17;32. EDUCACIÓN
2012;322K;Deporte en edad escolar y en la Universidad;13.308,55;32. EDUCACIÓN
2012;323M;Becas y ayudas a estudiantes;1.270.048,52;32. EDUCACIÓN
2012;324M;Servicios complementarios de la enseñanza;5.637,04;32. EDUCACIÓN
2012;324N;Apoyo a otras actividades escolares;6.961,58;32. EDUCACIÓN
2012;331M;Dirección y Servicios Generales de Cultura;44.947,44;33. CULTURA
2012;332A;Archivos;40.543,17;33. CULTURA
2012;332B;Bibliotecas;60.839,93;33. CULTURA
2012;333A;Museos;177.474,94;33. CULTURA
2012;333B;Exposiciones;3.892,62;33. CULTURA
2012;334A;Promoción y cooperación cultural;24.573,37;33. CULTURA
2012;334B;Promoción del libro y publicaciones culturales;11.095,39;33. CULTURA
2012;334C;Fomento de las industrias culturales;29.481,76;33. CULTURA
2012;335A;Música y danza;89.773,50;33. CULTURA
2012;335B;Teatro;45.110,15;33. CULTURA
2012;335C;Cinematografía;71.113,71;33. CULTURA
2012;336A;Fomento y apoyo de las actividades deportivas;177.458,77;33. CULTURA
2012;337B;Conservación y restauración de bienes culturales;30.605,81;33. CULTURA
2012;337C;Protección del Patrimonio Histórico;7.582,63;33. CULTURA
2012;463A;Investigación científica;110.578,41;46. INVESTIGACIÓN, DESARROLLO, INNOVACIÓN Y DIGITALIZACIÓN
2012;466A;Investigación y evaluación educativa;5.588,84;46. INVESTIGACIÓN, DESARROLLO, INNOVACIÓN Y DIGITALIZACIÓN
2012;467G;Investigación y desarrollo de la Sociedad de la Información;900,00;46. INVESTIGACIÓN, DESARROLLO, INNOVACIÓN Y DIGITALIZACIÓN
2012;000X;Transferencias internas (Sección: 18 MINISTERIO DE EDUCACIÓN, CULTURA Y DEPORTE);538.821,52;46. INVESTIGACIÓN, DESARROLLO, INNOVACIÓN Y DIGITALIZACIÓN
2012;143A;Cooperación para el desarrollo;2.501,28;14. POLÍTICA EXTERIOR Y DE COOPERACIÓN PARA EL DESARROLLO
2012;212M;Pensiones no contributivas y prestaciones asistenciales;22.607,64;21. PENSIONES
2012;223M;Prestaciones de garantía salarial;1.275.090,30;22. OTRAS PRESTACIONES ECONÓMICAS
2012;224M;Prestaciones económicas por cese de actividad;14.825,45;22. OTRAS PRESTACIONES ECONÓMICAS
2012;231B;Acciones en favor de los emigrantes;89.701,55;23. SERVICIOS SOCIALES Y PROMOCIÓN SOCIAL
2012;231H;Acciones en favor de los inmigrantes;66.849,63;23. SERVICIOS SOCIALES Y PROMOCIÓN SOCIAL
2012;241A;Fomento de la inserción y estabilidad laboral;5.759.558,48;24. FOMENTO DEL EMPLEO
2012;241N;Desarrollo de la economía social y de la responsabilidad social de las empresas;5.184,80;24. FOMENTO DEL EMPLEO
2012;251M;Prestaciones a los desempleados;28.805.052,82;25. DESEMPLEO
2012;291A;Inspección y control de Seguridad y Protección Social;127.029,90;29. GESTIÓN Y ADMINISTRACIÓN DE LA INCLUSIÓN, DE LA SEGURIDAD SOCIAL Y DE LA MIGRACIÓN
2012;291M;Dirección y Servicios Generales de Seguridad Social y Protección Social;142.090,74;29. GESTIÓN Y ADMINISTRACIÓN DE LA INCLUSIÓN, DE LA SEGURIDAD SOCIAL Y DE LA MIGRACIÓN
2012;494M;Administración de las relaciones laborales y condiciones de trabajo;42.460,59;49. OTRAS ACTUACIONES DE CARÁCTER ECONÓMICO
2012;912P;Asesoramiento del Gobierno en materia social, económica y laboral;8.843,23;91. ÓRGANOS CONSTITUCIONALES, GOBIERNO Y OTROS
2012;000X;Transferencias internas (Sección: 19 MINISTERIO DE EMPLEO Y SEGURIDAD SOCIAL);20.594.922,31;91. ÓRGANOS CONSTITUCIONALES, GOBIERNO Y OTROS
2012;421M;Dirección y Servicios Generales de Industria y Energía;70.923,09;42. INDUSTRIA Y ENERGÍA
2012;421N;Regulación y protección de la propiedad industrial;53.995,45;42. INDUSTRIA Y ENERGÍA
2012;421O;Calidad y seguridad industrial;3.890,82;42. INDUSTRIA Y ENERGÍA
2012;422B;Desarrollo industrial;423.554,24;42. INDUSTRIA Y ENERGÍA
2012;422M;Reconversión y reindustrialización;575.147,86;42. INDUSTRIA Y ENERGÍA
2012;423M;Desarrollo alternativo de las comarcas mineras del carbón;41.000,00;42. INDUSTRIA Y ENERGÍA
2012;423N;Explotación minera;523.058,33;42. INDUSTRIA Y ENERGÍA
2012;424M;Seguridad nuclear y protección radiológica;47.287,24;42. INDUSTRIA Y ENERGÍA
2012;425A;Normativa y desarrollo energético;30.015,58;42. INDUSTRIA Y ENERGÍA
2012;432A;Coordinación y promoción del turismo;438.197,43;43. COMERCIO, TURISMO Y PYMES
2012;433M;Apoyo a la pequeña y mediana empresa;140.717,35;43. COMERCIO, TURISMO Y PYMES
2012;457M;Infraestructuras en comarcas mineras del carbón;101.568,73;45. INFRAESTRUCTURAS Y ECOSISTEMAS RESILIENTES
2012;464B;Apoyo a la innovación tecnológica en el sector de la defensa;582.777,36;46. INVESTIGACIÓN, DESARROLLO, INNOVACIÓN Y DIGITALIZACIÓN
2012;467C;Investigación y desarrollo tecnológico-industrial;274.519,01;46. INVESTIGACIÓN, DESARROLLO, INNOVACIÓN Y DIGITALIZACIÓN
2012;467G;Investigación y desarrollo de la Sociedad de la Información;116.643,86;46. INVESTIGACIÓN, DESARROLLO, INNOVACIÓN Y DIGITALIZACIÓN
2012;467I;Innovación tecnológica de las telecomunicaciones;671.754,55;46. INVESTIGACIÓN, DESARROLLO, INNOVACIÓN Y DIGITALIZACIÓN
2012;491M;Ordenación y promoción de las telecomunicaciones y de la Sociedad de la Información;70.814,15;49. OTRAS ACTUACIONES DE CARÁCTER ECONÓMICO
2012;495C;Metrología;6.778,17;49. OTRAS ACTUACIONES DE CARÁCTER ECONÓMICO
2012;921U;Publicaciones;193,57;92. SERVICIOS DE CARÁCTER GENERAL
2012;000X;Transferencias internas (Sección: 20 MINISTERIO DE INDUSTRIA, ENERGÍA Y TURISMO);448.397,30;92. SERVICIOS DE CARÁCTER GENERAL
2012;412C;Competitividad y calidad de la producción y los mercados agrarios;62.899,24;41. AGRICULTURA, PESCA Y ALIMENTACIÓN
2012;412D;Competitividad y calidad de la sanidad agraria;56.045,45;41. AGRICULTURA, PESCA Y ALIMENTACIÓN
2012;412M;Regulación de los mercados agrarios;6.371.219,23;41. AGRICULTURA, PESCA Y ALIMENTACIÓN
2012;413A;Competitividad industria agroalimentaria y calidad alimentaria;30.845,52;41. AGRICULTURA, PESCA Y ALIMENTACIÓN
2012;414A;Gestión de Recursos Hídricos para el Regadío;52.974,67;41. AGRICULTURA, PESCA Y ALIMENTACIÓN
2012;414B;Desarrollo del medio rural;1.519.976,36;41. AGRICULTURA, PESCA Y ALIMENTACIÓN
2012;414C;Programa de Desarrollo Rural Sostenible;29.329,39;41. AGRICULTURA, PESCA Y ALIMENTACIÓN
2012;415A;Protección de los recursos pesqueros y desarrollo sostenible;19.672,39;41. AGRICULTURA, PESCA Y ALIMENTACIÓN
2012;415B;Mejora de estructuras y mercados pesqueros;59.010,76;41. AGRICULTURA, PESCA Y ALIMENTACIÓN
2012;416A;Previsión de riesgos en las producciones agrarias y pesqueras;252.659,35;41. AGRICULTURA, PESCA Y ALIMENTACIÓN
2012;451O;Dirección y Servicios Generales de Agricultura, Alimentación y Medio Ambiente;177.524,99;45. INFRAESTRUCTURAS Y ECOSISTEMAS RESILIENTES
2012;452A;Gestión e infraestructuras del agua;1.150.854,70;45. INFRAESTRUCTURAS Y ECOSISTEMAS RESILIENTES
2012;452M;Normativa y ordenación territorial de los recursos hídricos;55.015,05;45. INFRAESTRUCTURAS Y ECOSISTEMAS RESILIENTES
2012;456A;Calidad del agua;220.570,41;45. INFRAESTRUCTURAS Y ECOSISTEMAS RESILIENTES
2012;456B;Protección y mejora del medio ambiente;18.831,86;45. INFRAESTRUCTURAS Y ECOSISTEMAS RESILIENTES
2012;456C;Protección y mejora del medio natural;190.461,07;45. INFRAESTRUCTURAS Y ECOSISTEMAS RESILIENTES
2012;456D;Actuación en la costa;104.593,80;45. INFRAESTRUCTURAS Y ECOSISTEMAS RESILIENTES
2012;456M;Actuaciones para la prevención de la contaminación y el cambio climático;52.800,23;45. INFRAESTRUCTURAS Y ECOSISTEMAS RESILIENTES
2012;495B;Meteorología;87.325,58;49. OTRAS ACTUACIONES DE CARÁCTER ECONÓMICO
2012;000X;Transferencias internas (Sección: 23 MINISTERIO DE AGRICULTURA, ALIMENTACIÓN Y MEDIO AMBIENTE);608.527,29;49. OTRAS ACTUACIONES DE CARÁCTER ECONÓMICO
2012;337A;Administración del Patrimonio Histórico-Nacional;117.889,75;33. CULTURA
2012;462M;Investigación y estudios sociológicos y constitucionales;12.510,93;46. INVESTIGACIÓN, DESARROLLO, INNOVACIÓN Y DIGITALIZACIÓN
2012;467G;Investigación y desarrollo de la Sociedad de la Información;627,43;46. INVESTIGACIÓN, DESARROLLO, INNOVACIÓN Y DIGITALIZACIÓN
2012;911Q;Apoyo a la gestión administrativa de la Jefatura del Estado;6.158,56;91. ÓRGANOS CONSTITUCIONALES, GOBIERNO Y OTROS
2012;912M;Presidencia del Gobierno;41.472,62;91. ÓRGANOS CONSTITUCIONALES, GOBIERNO Y OTROS
2012;912O;Relaciones con las Cortes Generales, Secretariado del Gobierno y apoyo a la Alta Dirección;43.056,94;91. ÓRGANOS CONSTITUCIONALES, GOBIERNO Y OTROS
2012;912Q;Asesoramiento para la protección de los intereses nacionales;221.200,30;91. ÓRGANOS CONSTITUCIONALES, GOBIERNO Y OTROS
2012;921Q;Cobertura informativa;17.751,24;92. SERVICIOS DE CARÁCTER GENERAL
2012;921R;Publicidad de las normas legales;33.808,89;92. SERVICIOS DE CARÁCTER GENERAL
2012;000X;Transferencias internas (Sección: 25 MINISTERIO DE LA PRESIDENCIA);353.299,21;92. SERVICIOS DE CARÁCTER GENERAL
2012;231A;Plan Nacional sobre Drogas;18.486,08;23. SERVICIOS SOCIALES Y PROMOCIÓN SOCIAL
2012;231F;Otros servicios sociales del Estado;181.867,98;23. SERVICIOS SOCIALES Y PROMOCIÓN SOCIAL
2012;231G;Atención a la infancia y a las familias;5.255,32;23. SERVICIOS SOCIALES Y PROMOCIÓN SOCIAL
2012;232A;Promoción y servicios a la juventud;28.601,40;23. SERVICIOS SOCIALES Y PROMOCIÓN SOCIAL
2012;232B;Igualdad de oportunidades entre mujeres y hombres;24.970,27;23. SERVICIOS SOCIALES Y PROMOCIÓN SOCIAL
2012;232C;Actuaciones para la prevención integral de la violencia de género;23.828,94;23. SERVICIOS SOCIALES Y PROMOCIÓN SOCIAL
2012;311M;Dirección y Servicios Generales de Sanidad, Servicios Sociales e Igualdad;83.469,40;31. SANIDAD
2012;311O;Políticas de Salud y Ordenación Profesional;11.171,37;31. SANIDAD
2012;313A;Prestaciones y farmacia;145.242,22;31. SANIDAD
2012;313B;Salud pública, sanidad exterior y calidad;38.422,55;31. SANIDAD
2012;313C;Seguridad alimentaria y nutrición;15.922,32;31. SANIDAD
2012;313D;Donación y trasplante de órganos, tejidos y células;3.937,99;31. SANIDAD
2012;465A;Investigación sanitaria;5.417,93;46. INVESTIGACIÓN, DESARROLLO, INNOVACIÓN Y DIGITALIZACIÓN
2012;492O;Protección y promoción de los derechos de los consumidores y usuarios;19.368,56;49. OTRAS ACTUACIONES DE CARÁCTER ECONÓMICO
2012;000X;Transferencias internas (Sección: 26 MINISTERIO DE SANIDAD, SERVICIOS SOCIALES E IGUALDAD);1.841.534,10;49. OTRAS ACTUACIONES DE CARÁCTER ECONÓMICO
2012;143A;Cooperación para el desarrollo;2.258,14;14. POLÍTICA EXTERIOR Y DE COOPERACIÓN PARA EL DESARROLLO
2012;431A;Promoción comercial e internacionalización de la empresa;489.923,13;43. COMERCIO, TURISMO Y PYMES
2012;431M;Dirección y Servicios Generales de Comercio y Turismo;14.008,68;43. COMERCIO, TURISMO Y PYMES
2012;431N;Ordenación del comercio exterior;9.665,98;43. COMERCIO, TURISMO Y PYMES
2012;431O;Ordenación y modernización de las estructuras comerciales;17.454,59;43. COMERCIO, TURISMO Y PYMES
2012;463A;Investigación científica;665.178,52;46. INVESTIGACIÓN, DESARROLLO, INNOVACIÓN Y DIGITALIZACIÓN
2012;463B;Fomento y coordinación de la investigación científica y técnica;1.391.554,56;46. INVESTIGACIÓN, DESARROLLO, INNOVACIÓN Y DIGITALIZACIÓN
2012;465A;Investigación sanitaria;293.446,46;46. INVESTIGACIÓN, DESARROLLO, INNOVACIÓN Y DIGITALIZACIÓN
2012;467A;Astronomía y astrofísica;17.037,19;46. INVESTIGACIÓN, DESARROLLO, INNOVACIÓN Y DIGITALIZACIÓN
2012;467C;Investigación y desarrollo tecnológico-industrial;1.789.179,11;46. INVESTIGACIÓN, DESARROLLO, INNOVACIÓN Y DIGITALIZACIÓN
2012;467D;Investigación y experimentación agraria;77.508,04;46. INVESTIGACIÓN, DESARROLLO, INNOVACIÓN Y DIGITALIZACIÓN
2012;467E;Investigación oceanográfica y pesquera;58.421,34;46. INVESTIGACIÓN, DESARROLLO, INNOVACIÓN Y DIGITALIZACIÓN
2012;467F;Investigación geológico-minera y medioambiental;25.971,39;46. INVESTIGACIÓN, DESARROLLO, INNOVACIÓN Y DIGITALIZACIÓN
2012;467H;Investigación energética, medioambiental y tecnológica;83.899,43;46. INVESTIGACIÓN, DESARROLLO, INNOVACIÓN Y DIGITALIZACIÓN
2012;492M;Defensa de la competencia;12.761,81;49. OTRAS ACTUACIONES DE CARÁCTER ECONÓMICO
2012;493M;Dirección, control y gestión de seguros;293.067,58;49. OTRAS ACTUACIONES DE CARÁCTER ECONÓMICO
2012;493O;Regulación contable y de auditorias;7.310,14;49. OTRAS ACTUACIONES DE CARÁCTER ECONÓMICO
2012;923C;Elaboración y difusión estadística;215.915,89;92. SERVICIOS DE CARÁCTER GENERAL
2012;923M;Dirección y Servicios Generales de Hacienda y Administraciones Públicas;524.082,57;92. SERVICIOS DE CARÁCTER GENERAL
2012;923O;Gestión de la Deuda y de la Tesorería del Estado;28.557,41;92. SERVICIOS DE CARÁCTER GENERAL
2012;923P;Relaciones con los Organismos Financieros Multilaterales;352.563,40;92. SERVICIOS DE CARÁCTER GENERAL
2012;931M;Previsión y política económica;3.932.699,55;93. ADMINISTRACIÓN FINANCIERA Y TRIBUTARIA
2012;000X;Transferencias internas (Sección: 27 MINISTERIO DE ECONOMÍA Y COMPETITIVIDAD);1.029.441,57;93. ADMINISTRACIÓN FINANCIERA Y TRIBUTARIA
2012;467G;Investigación y desarrollo de la Sociedad de la Información;2.699,55;46. INVESTIGACIÓN, DESARROLLO, INNOVACIÓN Y DIGITALIZACIÓN
2012;923A;Gestión del Patrimonio del Estado;48.151,27;92. SERVICIOS DE CARÁCTER GENERAL
2012;929M;Imprevistos y funciones no clasificadas;1.980.312,66;92. SERVICIOS DE CARÁCTER GENERAL
2012;000X;Transferencias internas (Sección: 31 GASTOS DE DIVERSOS MINISTERIOS);158.488,86;92. SERVICIOS DE CARÁCTER GENERAL
2012;441M;Subvenciones y apoyo al transporte terrestre;249.910,68;44. INFRAESTRUCTURAS
2012;453A;Infraestructura del transporte ferroviario;31.882,09;45. INFRAESTRUCTURAS Y ECOSISTEMAS RESILIENTES
2012;941O;Otras transferencias a Comunidades Autónomas;497.700,00;94. TRANSFERENCIAS A OTRAS ADMINISTRACIONES PÚBLICAS
2012;942N;Otras aportaciones a Entidades Locales;223.373,17;94. TRANSFERENCIAS A OTRAS ADMINISTRACIONES PÚBLICAS
2012;941N;Transferencias a Comunidades Autónomas por los Fondos de Compensación Interterritorial;671.580,00;94. TRANSFERENCIAS A OTRAS ADMINISTRACIONES PÚBLICAS
2012;943M;Transferencias al Presupuesto General de la Unión Europea;11.471.400,00;94. TRANSFERENCIAS A OTRAS ADMINISTRACIONES PÚBLICAS
2012;943N;Cooperación al desarrollo a través del Fondo Europeo de Desarrollo;299.320,00;94. TRANSFERENCIAS A OTRAS ADMINISTRACIONES PÚBLICAS
2012;929N;Fondo de contingencia de ejecución presupuestaria;2.322.809,00;92. SERVICIOS DE CARÁCTER GENERAL
2012;941M;Transferencias a Comunidades Autónomas por participación en los ingresos del Estado;21.806.230,66;94. TRANSFERENCIAS A OTRAS ADMINISTRACIONES PÚBLICAS
2012;942M;Transferencias a Entidades Locales por participación en los ingresos del Estado;14.683.078,52;94. TRANSFERENCIAS A OTRAS ADMINISTRACIONES PÚBLICAS
2012;211M;Pensiones contributivas de la Seguridad Social;102.103.288,97;21. PENSIONES
2012;212M;Pensiones no contributivas y prestaciones asistenciales;1.999.518,21;21. PENSIONES
2012;219M;Gestión de las prestaciones económicas de Seguridad Social;412.856,35;21. PENSIONES
2012;221M;Subsidios de incapacidad temporal y otras prestaciones económicas de la Seguridad Social;10.263.083,16;22. OTRAS PRESTACIONES ECONÓMICAS
2012;224M;Prestaciones económicas por cese de actividad;16.200,00;22. OTRAS PRESTACIONES ECONÓMICAS
2012;231C;Servicios Sociales de la Seguridad Social a personas con discapacidad;74.548,98;23. SERVICIOS SOCIALES Y PROMOCIÓN SOCIAL
2012;231D;Servicios Sociales de la Seguridad Social a personas mayores;124.340,75;23. SERVICIOS SOCIALES Y PROMOCIÓN SOCIAL
2012;231E;Otros servicios sociales de la Seguridad Social;41.940,47;23. SERVICIOS SOCIALES Y PROMOCIÓN SOCIAL
2012;231I;Autonomía personal y Atención a la Dependencia;1.407.150,62;23. SERVICIOS SOCIALES Y PROMOCIÓN SOCIAL
2012;239M;Gestión de los servicios sociales de la Seguridad Social;31.375,08;23. SERVICIOS SOCIALES Y PROMOCIÓN SOCIAL
2012;291M;Dirección y Servicios Generales de Seguridad Social y Protección Social;2.632.024,58;29. GESTIÓN Y ADMINISTRACIÓN DE LA INCLUSIÓN, DE LA SEGURIDAD SOCIAL Y DE LA MIGRACIÓN
2012;311M;Dirección y Servicios Generales de Sanidad, Servicios Sociales e Igualdad;15.586,13;31. SANIDAD
2012;312B;Atención primaria de salud. Instituto Nacional de Gestión Sanitaria;59.963,99;31. SANIDAD
2012;312C;Atención especializada de salud. Instituto Nacional de Gestión Sanitaria;141.627,99;31. SANIDAD
2012;312D;Medicina marítima;32.559,81;31. SANIDAD
2012;312F;Atención primaria de salud de Mutuas de Accidentes de Trabajo y E.P e I.S.M;831.128,97;31. SANIDAD
2012;312G;Atención especializada de salud de Mutuas de Accidentes de Trabajo y E.P e I.S.M;365.407,68;31. SANIDAD
2012;322I;Enseñanzas especiales;1.910,69;32. EDUCACIÓN
2012;000X;Transferencias internas (Sección: 60 SEGURIDAD SOCIAL);4.384.481,51;32. EDUCACIÓN
2013;911M;Jefatura del Estado;7.933,71;91. ÓRGANOS CONSTITUCIONALES, GOBIERNO Y OTROS
2013;911N;Actividad legislativa;201.413,03;91. ÓRGANOS CONSTITUCIONALES, GOBIERNO Y OTROS
2013;911O;Control externo del Sector Público;61.334,93;91. ÓRGANOS CONSTITUCIONALES, GOBIERNO Y OTROS
2013;911P;Control Constitucional;24.284,22;91. ÓRGANOS CONSTITUCIONALES, GOBIERNO Y OTROS
2013;912N;Alto asesoramiento del Estado;9.888,16;91. ÓRGANOS CONSTITUCIONALES, GOBIERNO Y OTROS
2013;951M;Amortización y gastos financieros de la deuda pública en moneda nacional;98.548.119,13;95. GASTOS FINANCIEROS DE LA DEUDA PUBLICA
2013;951N;Amortización y gastos financieros de la deuda pública en moneda extranjera;2.361.273,12;95. GASTOS FINANCIEROS DE LA DEUDA PUBLICA
2013;211N;Pensiones de Clases Pasivas;11.824.304,53;21. PENSIONES
2013;211O;Otras pensiones y prestaciones de Clases Pasivas;41.314,01;21. PENSIONES
2013;212N;Pensiones de guerra;284.381,46;21. PENSIONES
2013;111M;Gobierno del Poder Judicial;32.995,11;11. JUSTICIA
2013;111O;Selección y formación de jueces;21.483,24;11. JUSTICIA
2013;111P;Documentación y publicaciones judiciales;8.300,62;11. JUSTICIA
2013;141M;Dirección y Servicios Generales de Asuntos Exteriores;77.449,16;14. POLÍTICA EXTERIOR Y DE COOPERACIÓN PARA EL DESARROLLO
2013;142A;Acción del Estado en el exterior;764.171,09;14. POLÍTICA EXTERIOR Y DE COOPERACIÓN PARA EL DESARROLLO
2013;142B;Acción diplomática ante la Unión Europea;21.043,52;14. POLÍTICA EXTERIOR Y DE COOPERACIÓN PARA EL DESARROLLO
2013;143A;Cooperación para el desarrollo;519.032,05;14. POLÍTICA EXTERIOR Y DE COOPERACIÓN PARA EL DESARROLLO
2013;144A;Cooperación, promoción y difusión cultural en el exterior;90.221,22;14. POLÍTICA EXTERIOR Y DE COOPERACIÓN PARA EL DESARROLLO
2013;467G;Investigación y desarrollo de la Sociedad de la Información;2.252,19;46. INVESTIGACIÓN, DESARROLLO, INNOVACIÓN Y DIGITALIZACIÓN
2013;000X;Transferencias internas (Sección: 12 MINISTERIO DE ASUNTOS EXTERIORES Y DE COOPERACIÓN);222.264,71;46. INVESTIGACIÓN, DESARROLLO, INNOVACIÓN Y DIGITALIZACIÓN
2013;111N;Dirección y Servicios Generales de Justicia;50.871,79;11. JUSTICIA
2013;111Q;Formación del Personal de la Administración de Justicia;8.185,70;11. JUSTICIA
2013;111R;Formación de la Carrera Fiscal;3.390,17;11. JUSTICIA
2013;112A;Tribunales de Justicia y Ministerio Fiscal;1.390.682,23;11. JUSTICIA
2013;113M;Registros vinculados con la Fe Pública;26.938,43;11. JUSTICIA
2013;135M;Protección de datos de carácter personal;13.524,07;13. SEGURIDAD CIUDADANA E INSTITUCIONES PENITENCIARIAS
2013;222M;Prestaciones económicas del Mutualismo Administrativo;17.961,64;22. OTRAS PRESTACIONES ECONÓMICAS
2013;312E;Asistencia sanitaria del Mutualismo Administrativo;80.601,65;31. SANIDAD
2013;921S;Asesoramiento y defensa intereses del Estado;31.697,99;92. SERVICIOS DE CARÁCTER GENERAL
2013;000X;Transferencias internas (Sección: 13 MINISTERIO DE JUSTICIA);7.586,15;92. SERVICIOS DE CARÁCTER GENERAL
2013;121M;Administración y Servicios Generales de Defensa;1.160.309,38;12. DEFENSA
2013;121N;Formación del Personal de las Fuerzas Armadas;387.211,59;12. DEFENSA
2013;121O;Personal en reserva;554.417,11;12. DEFENSA
2013;122A;Modernización de las Fuerzas Armadas;178.654,79;12. DEFENSA
2013;122B;Programas especiales de modernización;6.842,50;12. DEFENSA
2013;122M;Gastos Operativos de las Fuerzas Armadas;2.165.010,44;12. DEFENSA
2013;122N;Apoyo Logístico;1.333.567,35;12. DEFENSA
2013;222M;Prestaciones económicas del Mutualismo Administrativo;79.459,78;22. OTRAS PRESTACIONES ECONÓMICAS
2013;312A;Asistencia hospitalaria en las Fuerzas Armadas;149.654,26;31. SANIDAD
2013;312E;Asistencia sanitaria del Mutualismo Administrativo;648.789,20;31. SANIDAD
2013;464A;Investigación y estudios de las Fuerzas Armadas;145.287,91;46. INVESTIGACIÓN, DESARROLLO, INNOVACIÓN Y DIGITALIZACIÓN
2013;931P;Control interno y Contabilidad Pública;187,56;93. ADMINISTRACIÓN FINANCIERA Y TRIBUTARIA
2013;000X;Transferencias internas (Sección: 14 MINISTERIO DE DEFENSA);104.265,79;93. ADMINISTRACIÓN FINANCIERA Y TRIBUTARIA
2013;219N;Gestión de pensiones de Clases Pasivas;7.523,07;21. PENSIONES
2013;222M;Prestaciones económicas del Mutualismo Administrativo;263.027,83;22. OTRAS PRESTACIONES ECONÓMICAS
2013;231G;Atención a la infancia y a las familias;50,00;23. SERVICIOS SOCIALES Y PROMOCIÓN SOCIAL
2013;312E;Asistencia sanitaria del Mutualismo Administrativo;1.326.684,27;31. SANIDAD
2013;337B;Conservación y restauración de bienes culturales;8.652,96;33. CULTURA
2013;422A;Incentivos regionales a la localización industrial;81.585,03;42. INDUSTRIA Y ENERGÍA
2013;462N;Investigación y estudios estadísticos y económicos;6.218,03;46. INVESTIGACIÓN, DESARROLLO, INNOVACIÓN Y DIGITALIZACIÓN
2013;467G;Investigación y desarrollo de la Sociedad de la Información;9.826,73;46. INVESTIGACIÓN, DESARROLLO, INNOVACIÓN Y DIGITALIZACIÓN
2013;492N;Regulación y vigilancia de la competencia en el Mercado de Tabacos;8.756,43;49. OTRAS ACTUACIONES DE CARÁCTER ECONÓMICO
2013;496M;Regulación del juego;6.332,73;49. OTRAS ACTUACIONES DE CARÁCTER ECONÓMICO
2013;921N;Dirección y organización de la Administración Pública;47.170,88;92. SERVICIOS DE CARÁCTER GENERAL
2013;921O;Formación del personal de las Administraciones Públicas;67.941,87;92. SERVICIOS DE CARÁCTER GENERAL
2013;921P;Administración periférica del Estado;280.377,44;92. SERVICIOS DE CARÁCTER GENERAL
2013;921T;Servicios de transportes de Ministerios;41.369,57;92. SERVICIOS DE CARÁCTER GENERAL
2013;921V;Evaluación de políticas y programas públicos, calidad de los servicios e impacto normativo;4.163,38;92. SERVICIOS DE CARÁCTER GENERAL
2013;922M;Organización territorial del Estado y desarrollo de sus sistemas de colaboración;3.305,56;92. SERVICIOS DE CARÁCTER GENERAL
2013;922N;Coordinación y relaciones financieras con los Entes Territoriales;23.005.996,60;92. SERVICIOS DE CARÁCTER GENERAL
2013;923A;Gestión del Patrimonio del Estado;173.490,99;92. SERVICIOS DE CARÁCTER GENERAL
2013;923M;Dirección y Servicios Generales de Hacienda y Administraciones Públicas;597.564,59;92. SERVICIOS DE CARÁCTER GENERAL
2013;923N;Formación del personal de Economía y Hacienda;8.952,25;92. SERVICIOS DE CARÁCTER GENERAL
2013;931N;Política presupuestaria;58.490,83;93. ADMINISTRACIÓN FINANCIERA Y TRIBUTARIA
2013;931O;Política tributaria;6.170,65;93. ADMINISTRACIÓN FINANCIERA Y TRIBUTARIA
2013;931P;Control interno y Contabilidad Pública;75.107,02;93. ADMINISTRACIÓN FINANCIERA Y TRIBUTARIA
2013;932A;Aplicación del sistema tributario estatal;948.189,15;93. ADMINISTRACIÓN FINANCIERA Y TRIBUTARIA
2013;932M;Gestión del catastro inmobiliario;98.348,52;93. ADMINISTRACIÓN FINANCIERA Y TRIBUTARIA
2013;932N;Resolución de reclamaciones económico-administrativas;29.431,59;93. ADMINISTRACIÓN FINANCIERA Y TRIBUTARIA
2013;942A;Cooperación económica local del Estado;15.162,81;94. TRANSFERENCIAS A OTRAS ADMINISTRACIONES PÚBLICAS
2013;000X;Transferencias internas (Sección: 15 MINISTERIO DE HACIENDA Y ADMINISTRACIONES PÚBLICAS);935.256,29;94. TRANSFERENCIAS A OTRAS ADMINISTRACIONES PÚBLICAS
2013;131M;Dirección y Servicios Generales de Seguridad y Protección Civil;67.118,90;13. SEGURIDAD CIUDADANA E INSTITUCIONES PENITENCIARIAS
2013;131N;Formación de Fuerzas y Cuerpos de Seguridad del Estado;75.051,37;13. SEGURIDAD CIUDADANA E INSTITUCIONES PENITENCIARIAS
2013;131O;Fuerzas y Cuerpos en reserva;615.365,14;13. SEGURIDAD CIUDADANA E INSTITUCIONES PENITENCIARIAS
2013;131P;Derecho de asilo y apátridas;3.141,54;13. SEGURIDAD CIUDADANA E INSTITUCIONES PENITENCIARIAS
2013;132A;Seguridad ciudadana;5.192.569,81;13. SEGURIDAD CIUDADANA E INSTITUCIONES PENITENCIARIAS
2013;132B;Seguridad vial;709.648,05;13. SEGURIDAD CIUDADANA E INSTITUCIONES PENITENCIARIAS
2013;132C;Actuaciones policiales en materia de droga;83.097,41;13. SEGURIDAD CIUDADANA E INSTITUCIONES PENITENCIARIAS
2013;133A;Centros e Instituciones Penitenciarias;1.102.129,38;13. SEGURIDAD CIUDADANA E INSTITUCIONES PENITENCIARIAS
2013;133B;Trabajo, formación y asistencia a reclusos;27.614,35;13. SEGURIDAD CIUDADANA E INSTITUCIONES PENITENCIARIAS
2013;134M;Protección Civil;14.297,42;13. SEGURIDAD CIUDADANA E INSTITUCIONES PENITENCIARIAS
2013;924M;Elecciones y Partidos Políticos;67.439,96;92. SERVICIOS DE CARÁCTER GENERAL
2013;000X;Transferencias internas (Sección: 16 MINISTERIO DEL INTERIOR);150.686,45;92. SERVICIOS DE CARÁCTER GENERAL
2013;261N;Promoción, administración y ayudas para rehabilitación y acceso a vivienda;738.342,53;26. ACCESO A LA VIVIENDA Y FOMENTO DE LA EDIFICACIÓN
2013;261O;Ordenación y fomento de la edificación;26.378,88;26. ACCESO A LA VIVIENDA Y FOMENTO DE LA EDIFICACIÓN
2013;261P;Urbanismo y política del suelo;1.454,47;26. ACCESO A LA VIVIENDA Y FOMENTO DE LA EDIFICACIÓN
2013;441M;Subvenciones y apoyo al transporte terrestre;580.000,00;44. INFRAESTRUCTURAS
2013;441N;Subvenciones y apoyo al transporte marítimo;58.326,31;44. INFRAESTRUCTURAS
2013;441O;Subvenciones y apoyo al transporte aéreo;274.523,30;44. INFRAESTRUCTURAS
2013;441P;Subvenciones al transporte extrapeninsular de mercancías;19.840,00;44. INFRAESTRUCTURAS
2013;451M;Estudios y servicios de asistencia técnica en Obras Públicas y Urbanismo;32.545,09;45. INFRAESTRUCTURAS Y ECOSISTEMAS RESILIENTES
2013;451N;Dirección y Servicios Generales de Fomento;854.790,38;45. INFRAESTRUCTURAS Y ECOSISTEMAS RESILIENTES
2013;453A;Infraestructura del transporte ferroviario;833.145,08;45. INFRAESTRUCTURAS Y ECOSISTEMAS RESILIENTES
2013;453B;Creación de infraestructura de carreteras;1.576.579,98;45. INFRAESTRUCTURAS Y ECOSISTEMAS RESILIENTES
2013;453C;Conservación y explotación de carreteras;993.341,80;45. INFRAESTRUCTURAS Y ECOSISTEMAS RESILIENTES
2013;453M;Ordenación e inspección del transporte terrestre;23.307,64;45. INFRAESTRUCTURAS Y ECOSISTEMAS RESILIENTES
2013;454M;Regulación y seguridad del tráfico marítimo;48.417,13;45. INFRAESTRUCTURAS Y ECOSISTEMAS RESILIENTES
2013;455M;Regulación y supervisión de la aviación civil;54.423,86;45. INFRAESTRUCTURAS Y ECOSISTEMAS RESILIENTES
2013;467B;Investigación, desarrollo y experimentación en transporte e infraestructuras;732,90;46. INVESTIGACIÓN, DESARROLLO, INNOVACIÓN Y DIGITALIZACIÓN
2013;467G;Investigación y desarrollo de la Sociedad de la Información;1.070,00;46. INVESTIGACIÓN, DESARROLLO, INNOVACIÓN Y DIGITALIZACIÓN
2013;491N;Servicio postal universal;318.930,00;49. OTRAS ACTUACIONES DE CARÁCTER ECONÓMICO
2013;495A;Desarrollo y aplicación de la información geográfica española;32.103,21;49. OTRAS ACTUACIONES DE CARÁCTER ECONÓMICO
2013;497M;Salvamento y lucha contra la contaminación en la mar;100.000,00;49. OTRAS ACTUACIONES DE CARÁCTER ECONÓMICO
2013;000X;Transferencias internas (Sección: 17 MINISTERIO DE FOMENTO);9.575,16;49. OTRAS ACTUACIONES DE CARÁCTER ECONÓMICO
2013;144A;Cooperación, promoción y difusión cultural en el exterior;19.012,57;14. POLÍTICA EXTERIOR Y DE COOPERACIÓN PARA EL DESARROLLO
2013;321M;Dirección y Servicios Generales de Educación, Cultura y Deporte;107.877,05;32. EDUCACIÓN
2013;321N;Formación permanente del profesorado de Educación;3.451,03;32. EDUCACIÓN
2013;322A;Educación infantil y primaria;159.836,74;32. EDUCACIÓN
2013;322B;Educación secundaria, formación profesional y Escuelas Oficiales de Idiomas;108.494,15;32. EDUCACIÓN
2013;322C;Enseñanzas universitarias;122.468,73;32. EDUCACIÓN
2013;322E;Enseñanzas artísticas;5.369,08;32. EDUCACIÓN
2013;322F;Educación en el exterior;100.098,81;32. EDUCACIÓN
2013;322G;Educación compensatoria;53.257,60;32. EDUCACIÓN
2013;322K;Deporte en edad escolar y en la Universidad;1.850,00;32. EDUCACIÓN
2013;322L;Otras enseñanzas y actividades educativas;52.338,77;32. EDUCACIÓN
2013;323M;Becas y ayudas a estudiantes;1.222.166,11;32. EDUCACIÓN
2013;324M;Servicios complementarios de la enseñanza;5.446,04;32. EDUCACIÓN
2013;332A;Archivos;31.080,16;33. CULTURA
2013;332B;Bibliotecas;47.208,77;33. CULTURA
2013;333A;Museos;136.728,45;33. CULTURA
2013;333B;Exposiciones;2.403,21;33. CULTURA
2013;334A;Promoción y cooperación cultural;9.988,75;33. CULTURA
2013;334B;Promoción del libro y publicaciones culturales;7.615,84;33. CULTURA
2013;334C;Fomento de las industrias culturales;14.467,05;33. CULTURA
2013;335A;Música y danza;70.567,89;33. CULTURA
2013;335B;Teatro;36.864,05;33. CULTURA
2013;335C;Cinematografía;55.035,74;33. CULTURA
2013;336A;Fomento y apoyo de las actividades deportivas;160.803,84;33. CULTURA
2013;337B;Conservación y restauración de bienes culturales;22.356,90;33. CULTURA
2013;337C;Protección del Patrimonio Histórico;5.423,51;33. CULTURA
2013;463A;Investigación científica;94.365,42;46. INVESTIGACIÓN, DESARROLLO, INNOVACIÓN Y DIGITALIZACIÓN
2013;000X;Transferencias internas (Sección: 18 MINISTERIO DE EDUCACIÓN, CULTURA Y DEPORTE);405.724,58;46. INVESTIGACIÓN, DESARROLLO, INNOVACIÓN Y DIGITALIZACIÓN
2013;143A;Cooperación para el desarrollo;2.080,63;14. POLÍTICA EXTERIOR Y DE COOPERACIÓN PARA EL DESARROLLO
2013;212M;Pensiones no contributivas y prestaciones asistenciales;17.771,02;21. PENSIONES
2013;223M;Prestaciones de garantía salarial;868.394,96;22. OTRAS PRESTACIONES ECONÓMICAS
2013;224M;Prestaciones económicas por cese de actividad;25.481,10;22. OTRAS PRESTACIONES ECONÓMICAS
2013;231B;Acciones en favor de los emigrantes;76.702,34;23. SERVICIOS SOCIALES Y PROMOCIÓN SOCIAL
2013;231H;Acciones en favor de los inmigrantes;62.412,85;23. SERVICIOS SOCIALES Y PROMOCIÓN SOCIAL
2013;241A;Fomento de la inserción y estabilidad laboral;3.765.341,59;24. FOMENTO DEL EMPLEO
2013;241N;Desarrollo del trabajo autónomo, de la economía social y de la responsabilidad soc. de las empresas;6.169,27;24. FOMENTO DEL EMPLEO
2013;251M;Prestaciones a los desempleados;26.993.695,96;25. DESEMPLEO
2013;291A;Inspección y control de Seguridad y Protección Social;122.113,88;29. GESTIÓN Y ADMINISTRACIÓN DE LA INCLUSIÓN, DE LA SEGURIDAD SOCIAL Y DE LA MIGRACIÓN
2013;291M;Dirección y Servicios Generales de Seguridad Social y Protección Social;132.150,23;29. GESTIÓN Y ADMINISTRACIÓN DE LA INCLUSIÓN, DE LA SEGURIDAD SOCIAL Y DE LA MIGRACIÓN
2013;494M;Administración de las relaciones laborales y condiciones de trabajo;36.074,30;49. OTRAS ACTUACIONES DE CARÁCTER ECONÓMICO
2013;912P;Asesoramiento del Gobierno en materia social, económica y laboral;8.392,56;91. ÓRGANOS CONSTITUCIONALES, GOBIERNO Y OTROS
2013;000X;Transferencias internas (Sección: 19 MINISTERIO DE EMPLEO Y SEGURIDAD SOCIAL);23.502.135,11;91. ÓRGANOS CONSTITUCIONALES, GOBIERNO Y OTROS
2013;421M;Dirección y Servicios Generales de Industria y Energía;63.499,36;42. INDUSTRIA Y ENERGÍA
2013;421N;Regulación y protección de la propiedad industrial;46.231,50;42. INDUSTRIA Y ENERGÍA
2013;421O;Calidad y seguridad industrial;3.838,35;42. INDUSTRIA Y ENERGÍA
2013;422B;Desarrollo industrial;425.879,08;42. INDUSTRIA Y ENERGÍA
2013;422M;Reconversión y reindustrialización;467.222,60;42. INDUSTRIA Y ENERGÍA
2013;423M;Desarrollo alternativo de las comarcas mineras del carbón;45.000,00;42. INDUSTRIA Y ENERGÍA
2013;423N;Explotación minera;457.738,67;42. INDUSTRIA Y ENERGÍA
2013;424M;Seguridad nuclear y protección radiológica;47.311,67;42. INDUSTRIA Y ENERGÍA
2013;425A;Normativa y desarrollo energético;2.936.687,64;42. INDUSTRIA Y ENERGÍA
2013;432A;Coordinación y promoción del turismo;330.618,54;43. COMERCIO, TURISMO Y PYMES
2013;433M;Apoyo a la pequeña y mediana empresa;145.372,37;43. COMERCIO, TURISMO Y PYMES
2013;457M;Infraestructuras en comarcas mineras del carbón;42.279,61;45. INFRAESTRUCTURAS Y ECOSISTEMAS RESILIENTES
2013;464B;Apoyo a la innovación tecnológica en el sector de la defensa;218.152,52;46. INVESTIGACIÓN, DESARROLLO, INNOVACIÓN Y DIGITALIZACIÓN
2013;467C;Investigación y desarrollo tecnológico-industrial;235.587,71;46. INVESTIGACIÓN, DESARROLLO, INNOVACIÓN Y DIGITALIZACIÓN
2013;467G;Investigación y desarrollo de la Sociedad de la Información;89.808,15;46. INVESTIGACIÓN, DESARROLLO, INNOVACIÓN Y DIGITALIZACIÓN
2013;467I;Innovación tecnológica de las telecomunicaciones;561.293,76;46. INVESTIGACIÓN, DESARROLLO, INNOVACIÓN Y DIGITALIZACIÓN
2013;491M;Ordenación y promoción de las telecomunicaciones y de la Sociedad de la Información;35.062,47;49. OTRAS ACTUACIONES DE CARÁCTER ECONÓMICO
2013;495C;Metrología;5.694,91;49. OTRAS ACTUACIONES DE CARÁCTER ECONÓMICO
2013;921U;Publicaciones;162,64;92. SERVICIOS DE CARÁCTER GENERAL
2013;000X;Transferencias internas (Sección: 20 MINISTERIO DE INDUSTRIA, ENERGÍA Y TURISMO);444.408,49;92. SERVICIOS DE CARÁCTER GENERAL
2013;412C;Competitividad y calidad de la producción y los mercados agrarios;39.450,21;41. AGRICULTURA, PESCA Y ALIMENTACIÓN
2013;412D;Competitividad y calidad de la sanidad agraria;47.356,91;41. AGRICULTURA, PESCA Y ALIMENTACIÓN
2013;412M;Regulación de los mercados agrarios;6.203.907,69;41. AGRICULTURA, PESCA Y ALIMENTACIÓN
2013;413A;Competitividad industria agroalimentaria y calidad alimentaria;28.695,25;41. AGRICULTURA, PESCA Y ALIMENTACIÓN
2013;414A;Gestión de Recursos Hídricos para el Regadío;47.237,66;41. AGRICULTURA, PESCA Y ALIMENTACIÓN
2013;414B;Desarrollo del medio rural;1.007.761,23;41. AGRICULTURA, PESCA Y ALIMENTACIÓN
2013;414C;Programa de Desarrollo Rural Sostenible;20.265,00;41. AGRICULTURA, PESCA Y ALIMENTACIÓN
2013;415A;Protección de los recursos pesqueros y desarrollo sostenible;13.809,62;41. AGRICULTURA, PESCA Y ALIMENTACIÓN
2013;415B;Mejora de estructuras y mercados pesqueros;48.485,12;41. AGRICULTURA, PESCA Y ALIMENTACIÓN
2013;416A;Previsión de riesgos en las producciones agrarias y pesqueras;204.897,29;41. AGRICULTURA, PESCA Y ALIMENTACIÓN
2013;451O;Dirección y Servicios Generales de Agricultura, Alimentación y Medio Ambiente;148.284,01;45. INFRAESTRUCTURAS Y ECOSISTEMAS RESILIENTES
2013;452A;Gestión e infraestructuras del agua;1.076.231,36;45. INFRAESTRUCTURAS Y ECOSISTEMAS RESILIENTES
2013;452M;Normativa y ordenación territorial de los recursos hídricos;56.854,14;45. INFRAESTRUCTURAS Y ECOSISTEMAS RESILIENTES
2013;456A;Calidad del agua;159.076,43;45. INFRAESTRUCTURAS Y ECOSISTEMAS RESILIENTES
2013;456B;Protección y mejora del medio ambiente;14.541,57;45. INFRAESTRUCTURAS Y ECOSISTEMAS RESILIENTES
2013;456C;Protección y mejora del medio natural;165.877,66;45. INFRAESTRUCTURAS Y ECOSISTEMAS RESILIENTES
2013;456D;Actuación en la costa;74.935,52;45. INFRAESTRUCTURAS Y ECOSISTEMAS RESILIENTES
2013;456M;Actuaciones para la prevención de la contaminación y el cambio climático;49.058,21;45. INFRAESTRUCTURAS Y ECOSISTEMAS RESILIENTES
2013;495B;Meteorología;82.692,56;49. OTRAS ACTUACIONES DE CARÁCTER ECONÓMICO
2013;000X;Transferencias internas (Sección: 23 MINISTERIO DE AGRICULTURA, ALIMENTACIÓN Y MEDIO AMBIENTE);482.655,25;49. OTRAS ACTUACIONES DE CARÁCTER ECONÓMICO
2013;337A;Administración del Patrimonio Histórico-Nacional;112.614,53;33. CULTURA
2013;462M;Investigación y estudios sociológicos y constitucionales;11.520,55;46. INVESTIGACIÓN, DESARROLLO, INNOVACIÓN Y DIGITALIZACIÓN
2013;467G;Investigación y desarrollo de la Sociedad de la Información;518,25;46. INVESTIGACIÓN, DESARROLLO, INNOVACIÓN Y DIGITALIZACIÓN
2013;911Q;Apoyo a la gestión administrativa de la Jefatura del Estado;6.148,67;91. ÓRGANOS CONSTITUCIONALES, GOBIERNO Y OTROS
2013;912M;Presidencia del Gobierno;38.919,64;91. ÓRGANOS CONSTITUCIONALES, GOBIERNO Y OTROS
2013;912O;Relaciones con las Cortes Generales, Secretariado del Gobierno y apoyo a la Alta Dirección;33.654,39;91. ÓRGANOS CONSTITUCIONALES, GOBIERNO Y OTROS
2013;912Q;Asesoramiento para la protección de los intereses nacionales;203.687,18;91. ÓRGANOS CONSTITUCIONALES, GOBIERNO Y OTROS
2013;921Q;Cobertura informativa;60.265,83;92. SERVICIOS DE CARÁCTER GENERAL
2013;921R;Publicidad de las normas legales;33.764,04;92. SERVICIOS DE CARÁCTER GENERAL
2013;000X;Transferencias internas (Sección: 25 MINISTERIO DE LA PRESIDENCIA);325.331,75;92. SERVICIOS DE CARÁCTER GENERAL
2013;231A;Plan Nacional sobre Drogas;14.844,48;23. SERVICIOS SOCIALES Y PROMOCIÓN SOCIAL
2013;231F;Otros servicios sociales del Estado;155.636,16;23. SERVICIOS SOCIALES Y PROMOCIÓN SOCIAL
2013;231G;Atención a la infancia y a las familias;4.377,63;23. SERVICIOS SOCIALES Y PROMOCIÓN SOCIAL
2013;232A;Promoción y servicios a la juventud;28.541,86;23. SERVICIOS SOCIALES Y PROMOCIÓN SOCIAL
2013;232B;Igualdad de oportunidades entre mujeres y hombres;18.952,81;23. SERVICIOS SOCIALES Y PROMOCIÓN SOCIAL
2013;232C;Actuaciones para la prevención integral de la violencia de género;22.197,34;23. SERVICIOS SOCIALES Y PROMOCIÓN SOCIAL
2013;311M;Dirección y Servicios Generales de Sanidad, Servicios Sociales e Igualdad;68.498,39;31. SANIDAD
2013;311O;Políticas de Salud y Ordenación Profesional;9.426,94;31. SANIDAD
2013;313A;Prestaciones sanitarias y farmacia;87.224,42;31. SANIDAD
2013;313B;Salud pública, sanidad exterior y calidad;33.138,19;31. SANIDAD
2013;313C;Seguridad alimentaria y nutrición;14.936,50;31. SANIDAD
2013;313D;Donación y trasplante de órganos, tejidos y células;3.970,99;31. SANIDAD
2013;465A;Investigación sanitaria;2.000,00;46. INVESTIGACIÓN, DESARROLLO, INNOVACIÓN Y DIGITALIZACIÓN
2013;492O;Protección y promoción de los derechos de los consumidores y usuarios;16.598,98;49. OTRAS ACTUACIONES DE CARÁCTER ECONÓMICO
2013;000X;Transferencias internas (Sección: 26 MINISTERIO DE SANIDAD, SERVICIOS SOCIALES E IGUALDAD);2.617.346,66;49. OTRAS ACTUACIONES DE CARÁCTER ECONÓMICO
2013;143A;Cooperación para el desarrollo;2.258,14;14. POLÍTICA EXTERIOR Y DE COOPERACIÓN PARA EL DESARROLLO
2013;431A;Promoción comercial e internacionalización de la empresa;389.537,59;43. COMERCIO, TURISMO Y PYMES
2013;431N;Ordenación del comercio exterior;9.337,27;43. COMERCIO, TURISMO Y PYMES
2013;431O;Ordenación y modernización de las estructuras comerciales;14.690,86;43. COMERCIO, TURISMO Y PYMES
2013;463A;Investigación científica;599.066,38;46. INVESTIGACIÓN, DESARROLLO, INNOVACIÓN Y DIGITALIZACIÓN
2013;463B;Fomento y coordinación de la investigación científica y técnica;1.411.161,29;46. INVESTIGACIÓN, DESARROLLO, INNOVACIÓN Y DIGITALIZACIÓN
2013;465A;Investigación sanitaria;279.965,92;46. INVESTIGACIÓN, DESARROLLO, INNOVACIÓN Y DIGITALIZACIÓN
2013;467A;Astronomía y astrofísica;16.737,19;46. INVESTIGACIÓN, DESARROLLO, INNOVACIÓN Y DIGITALIZACIÓN
2013;467C;Investigación y desarrollo tecnológico-industrial;2.007.991,90;46. INVESTIGACIÓN, DESARROLLO, INNOVACIÓN Y DIGITALIZACIÓN
2013;467D;Investigación y experimentación agraria;71.391,98;46. INVESTIGACIÓN, DESARROLLO, INNOVACIÓN Y DIGITALIZACIÓN
2013;467E;Investigación oceanográfica y pesquera;56.937,71;46. INVESTIGACIÓN, DESARROLLO, INNOVACIÓN Y DIGITALIZACIÓN
2013;467F;Investigación geológico-minera y medioambiental;25.111,69;46. INVESTIGACIÓN, DESARROLLO, INNOVACIÓN Y DIGITALIZACIÓN
2013;467H;Investigación energética, medioambiental y tecnológica;82.664,07;46. INVESTIGACIÓN, DESARROLLO, INNOVACIÓN Y DIGITALIZACIÓN
2013;492M;Defensa de la competencia;12.679,90;49. OTRAS ACTUACIONES DE CARÁCTER ECONÓMICO
2013;493M;Dirección, control y gestión de seguros;238.068,94;49. OTRAS ACTUACIONES DE CARÁCTER ECONÓMICO
2013;493O;Regulación contable y de auditorias;8.310,14;49. OTRAS ACTUACIONES DE CARÁCTER ECONÓMICO
2013;923C;Elaboración y difusión estadística;184.922,71;92. SERVICIOS DE CARÁCTER GENERAL
2013;923O;Gestión de la Deuda y de la Tesorería del Estado;512.194,15;92. SERVICIOS DE CARÁCTER GENERAL
2013;923P;Relaciones con los Organismos Financieros Multilaterales;272.257,20;92. SERVICIOS DE CARÁCTER GENERAL
2013;923Q;Dirección y Servicios Generales de Economía y Competitividad;66.781,85;92. SERVICIOS DE CARÁCTER GENERAL
2013;931M;Previsión y política económica;4.285.662,72;93. ADMINISTRACIÓN FINANCIERA Y TRIBUTARIA
2013;000X;Transferencias internas (Sección: 27 MINISTERIO DE ECONOMÍA Y COMPETITIVIDAD);904.318,69;93. ADMINISTRACIÓN FINANCIERA Y TRIBUTARIA
2013;467G;Investigación y desarrollo de la Sociedad de la Información;2.564,88;46. INVESTIGACIÓN, DESARROLLO, INNOVACIÓN Y DIGITALIZACIÓN
2013;923A;Gestión del Patrimonio del Estado;37.555,91;92. SERVICIOS DE CARÁCTER GENERAL
2013;929M;Imprevistos y funciones no clasificadas;1.750.933,45;92. SERVICIOS DE CARÁCTER GENERAL
2013;000X;Transferencias internas (Sección: 31 GASTOS DE DIVERSOS MINISTERIOS);154.969,23;92. SERVICIOS DE CARÁCTER GENERAL
2013;441M;Subvenciones y apoyo al transporte terrestre;247.340,74;44. INFRAESTRUCTURAS
2013;453A;Infraestructura del transporte ferroviario;23.596,60;45. INFRAESTRUCTURAS Y ECOSISTEMAS RESILIENTES
2013;941O;Otras transferencias a Comunidades Autónomas;197.700,00;94. TRANSFERENCIAS A OTRAS ADMINISTRACIONES PÚBLICAS
2013;942N;Otras aportaciones a Entidades Locales;217.373,17;94. TRANSFERENCIAS A OTRAS ADMINISTRACIONES PÚBLICAS
2013;941N;Transferencias a Comunidades Autónomas por los Fondos de Compensación Interterritorial;671.580,00;94. TRANSFERENCIAS A OTRAS ADMINISTRACIONES PÚBLICAS
2013;943M;Transferencias al Presupuesto General de la Unión Europea;11.601.600,00;94. TRANSFERENCIAS A OTRAS ADMINISTRACIONES PÚBLICAS
2013;943N;Cooperación al desarrollo a través del Fondo Europeo de Desarrollo;299.000,00;94. TRANSFERENCIAS A OTRAS ADMINISTRACIONES PÚBLICAS
2013;929N;Fondo de contingencia de ejecución presupuestaria;2.595.461,79;92. SERVICIOS DE CARÁCTER GENERAL
2013;941M;Transferencias a Comunidades Autónomas por participación en los ingresos del Estado;19.771.673,52;94. TRANSFERENCIAS A OTRAS ADMINISTRACIONES PÚBLICAS
2013;942M;Transferencias a Entidades Locales por participación en los ingresos del Estado;15.542.559,94;94. TRANSFERENCIAS A OTRAS ADMINISTRACIONES PÚBLICAS
2013;211M;Pensiones contributivas de la Seguridad Social;106.504.905,02;21. PENSIONES
2013;212M;Pensiones no contributivas y prestaciones asistenciales;2.480.039,25;21. PENSIONES
2013;219M;Gestión de las prestaciones económicas de Seguridad Social;396.272,75;21. PENSIONES
2013;221M;Subsidios de incapacidad temporal y otras prestaciones económicas de la Seguridad Social;10.602.112,94;22. OTRAS PRESTACIONES ECONÓMICAS
2013;224M;Prestaciones económicas por cese de actividad;23.820,00;22. OTRAS PRESTACIONES ECONÓMICAS
2013;231C;Servicios Sociales de la Seguridad Social a personas con discapacidad;68.779,82;23. SERVICIOS SOCIALES Y PROMOCIÓN SOCIAL
2013;231D;Servicios Sociales de la Seguridad Social a personas mayores;114.775,21;23. SERVICIOS SOCIALES Y PROMOCIÓN SOCIAL
2013;231E;Otros servicios sociales de la Seguridad Social;40.556,22;23. SERVICIOS SOCIALES Y PROMOCIÓN SOCIAL
2013;231I;Autonomía personal y Atención a la Dependencia;2.205.750,95;23. SERVICIOS SOCIALES Y PROMOCIÓN SOCIAL
2013;239M;Gestión de los servicios sociales de la Seguridad Social;31.415,90;23. SERVICIOS SOCIALES Y PROMOCIÓN SOCIAL
2013;291M;Dirección y Servicios Generales de Seguridad Social y Protección Social;4.182.065,18;29. GESTIÓN Y ADMINISTRACIÓN DE LA INCLUSIÓN, DE LA SEGURIDAD SOCIAL Y DE LA MIGRACIÓN
2013;311M;Dirección y Servicios Generales de Sanidad, Servicios Sociales e Igualdad;15.399,34;31. SANIDAD
2013;312B;Atención primaria de salud. Instituto Nacional de Gestión Sanitaria;57.634,47;31. SANIDAD
2013;312C;Atención especializada de salud. Instituto Nacional de Gestión Sanitaria;140.732,19;31. SANIDAD
2013;312D;Medicina marítima;32.146,50;31. SANIDAD
2013;312F;Atención primaria de salud de Mutuas de Accidentes de Trabajo y E.P e I.S.M;817.533,56;31. SANIDAD
2013;312G;Atención especializada de salud de Mutuas de Accidentes de Trabajo y E.P e I.S.M;369.400,24;31. SANIDAD
2013;322I;Enseñanzas especiales;2.198,65;32. EDUCACIÓN
2013;000X;Transferencias internas (Sección: 60 SEGURIDAD SOCIAL);3.755.764,05;32. EDUCACIÓN
2014;911M;Jefatura del Estado;7.775,04;91. ÓRGANOS CONSTITUCIONALES, GOBIERNO Y OTROS
2014;911N;Actividad legislativa;201.340,40;91. ÓRGANOS CONSTITUCIONALES, GOBIERNO Y OTROS
2014;911O;Control externo del Sector Público;61.413,19;91. ÓRGANOS CONSTITUCIONALES, GOBIERNO Y OTROS
2014;911P;Control Constitucional;23.620,18;91. ÓRGANOS CONSTITUCIONALES, GOBIERNO Y OTROS
2014;912N;Alto asesoramiento del Estado;9.857,44;91. ÓRGANOS CONSTITUCIONALES, GOBIERNO Y OTROS
2014;951M;Amortización y gastos financieros de la deuda pública en moneda nacional;104.168.508,28;95. GASTOS FINANCIEROS DE LA DEUDA PUBLICA
2014;951N;Amortización y gastos financieros de la deuda pública en moneda extranjera;754.771,34;95. GASTOS FINANCIEROS DE LA DEUDA PUBLICA
2014;211N;Pensiones de Clases Pasivas;12.340.613,16;21. PENSIONES
2014;211O;Otras pensiones y prestaciones de Clases Pasivas;42.638,73;21. PENSIONES
2014;212N;Pensiones de guerra;259.744,32;21. PENSIONES
2014;111M;Gobierno del Poder Judicial;31.909,53;11. JUSTICIA
2014;111O;Selección y formación de jueces;17.694,71;11. JUSTICIA
2014;111P;Documentación y publicaciones judiciales;8.350,95;11. JUSTICIA
2014;141M;Dirección y Servicios Generales de Asuntos Exteriores;75.999,16;14. POLÍTICA EXTERIOR Y DE COOPERACIÓN PARA EL DESARROLLO
2014;142A;Acción del Estado en el exterior;669.851,32;14. POLÍTICA EXTERIOR Y DE COOPERACIÓN PARA EL DESARROLLO
2014;142B;Acción diplomática ante la Unión Europea;21.251,35;14. POLÍTICA EXTERIOR Y DE COOPERACIÓN PARA EL DESARROLLO
2014;143A;Cooperación para el desarrollo;494.026,66;14. POLÍTICA EXTERIOR Y DE COOPERACIÓN PARA EL DESARROLLO
2014;144A;Cooperación, promoción y difusión cultural en el exterior;114.608,01;14. POLÍTICA EXTERIOR Y DE COOPERACIÓN PARA EL DESARROLLO
2014;467G;Investigación y desarrollo de la Sociedad de la Información;1.919,66;46. INVESTIGACIÓN, DESARROLLO, INNOVACIÓN Y DIGITALIZACIÓN
2014;000X;Transferencias internas (Sección: 12 MINISTERIO DE ASUNTOS EXTERIORES Y DE COOPERACIÓN);221.014,71;46. INVESTIGACIÓN, DESARROLLO, INNOVACIÓN Y DIGITALIZACIÓN
2014;111N;Dirección y Servicios Generales de Justicia;50.205,90;11. JUSTICIA
2014;111Q;Formación del Personal de la Administración de Justicia;6.519,53;11. JUSTICIA
2014;111R;Formación de la Carrera Fiscal;2.240,65;11. JUSTICIA
2014;112A;Tribunales de Justicia y Ministerio Fiscal;1.359.377,02;11. JUSTICIA
2014;113M;Registros vinculados con la Fe Pública;24.455,75;11. JUSTICIA
2014;135M;Protección de datos de carácter personal;13.467,91;13. SEGURIDAD CIUDADANA E INSTITUCIONES PENITENCIARIAS
2014;222M;Prestaciones económicas del Mutualismo Administrativo;18.362,08;22. OTRAS PRESTACIONES ECONÓMICAS
2014;312E;Asistencia sanitaria del Mutualismo Administrativo;80.601,65;31. SANIDAD
2014;921S;Asesoramiento y defensa intereses del Estado;31.881,79;92. SERVICIOS DE CARÁCTER GENERAL
2014;000X;Transferencias internas (Sección: 13 MINISTERIO DE JUSTICIA);6.979,29;92. SERVICIOS DE CARÁCTER GENERAL
2014;121M;Administración y Servicios Generales de Defensa;1.088.027,56;12. DEFENSA
2014;121N;Formación del Personal de las Fuerzas Armadas;373.278,61;12. DEFENSA
2014;121O;Personal en reserva;532.631,91;12. DEFENSA
2014;122A;Modernización de las Fuerzas Armadas;160.549,83;12. DEFENSA
2014;122B;Programas especiales de modernización;6.842,50;12. DEFENSA
2014;122M;Gastos Operativos de las Fuerzas Armadas;2.160.766,37;12. DEFENSA
2014;122N;Apoyo Logístico;1.332.358,90;12. DEFENSA
2014;222M;Prestaciones económicas del Mutualismo Administrativo;77.504,31;22. OTRAS PRESTACIONES ECONÓMICAS
2014;312A;Asistencia hospitalaria en las Fuerzas Armadas;136.829,78;31. SANIDAD
2014;312E;Asistencia sanitaria del Mutualismo Administrativo;650.744,67;31. SANIDAD
2014;464A;Investigación y estudios de las Fuerzas Armadas;163.296,68;46. INVESTIGACIÓN, DESARROLLO, INNOVACIÓN Y DIGITALIZACIÓN
2014;931P;Control interno y Contabilidad Pública;168,45;93. ADMINISTRACIÓN FINANCIERA Y TRIBUTARIA
2014;000X;Transferencias internas (Sección: 14 MINISTERIO DE DEFENSA);93.749,83;93. ADMINISTRACIÓN FINANCIERA Y TRIBUTARIA
2014;219N;Gestión de pensiones de Clases Pasivas;7.559,10;21. PENSIONES
2014;222M;Prestaciones económicas del Mutualismo Administrativo;259.146,44;22. OTRAS PRESTACIONES ECONÓMICAS
2014;231G;Atención a la infancia y a las familias;1.550,00;23. SERVICIOS SOCIALES Y PROMOCIÓN SOCIAL
2014;312E;Asistencia sanitaria del Mutualismo Administrativo;1.328.929,09;31. SANIDAD
2014;337B;Conservación y restauración de bienes culturales;8.047,25;33. CULTURA
2014;422A;Incentivos regionales a la localización industrial;81.565,76;42. INDUSTRIA Y ENERGÍA
2014;462N;Investigación y estudios estadísticos y económicos;6.166,49;46. INVESTIGACIÓN, DESARROLLO, INNOVACIÓN Y DIGITALIZACIÓN
2014;467G;Investigación y desarrollo de la Sociedad de la Información;9.406,45;46. INVESTIGACIÓN, DESARROLLO, INNOVACIÓN Y DIGITALIZACIÓN
2014;492N;Regulación y vigilancia de la competencia en el Mercado de Tabacos;8.734,42;49. OTRAS ACTUACIONES DE CARÁCTER ECONÓMICO
2014;496M;Regulación del juego;6.452,67;49. OTRAS ACTUACIONES DE CARÁCTER ECONÓMICO
2014;921N;Dirección y organización de la Administración Pública;45.968,55;92. SERVICIOS DE CARÁCTER GENERAL
2014;921O;Formación del personal de las Administraciones Públicas;66.148,59;92. SERVICIOS DE CARÁCTER GENERAL
2014;921P;Administración periférica del Estado;275.026,67;92. SERVICIOS DE CARÁCTER GENERAL
2014;921T;Servicios de transportes de Ministerios;42.023,88;92. SERVICIOS DE CARÁCTER GENERAL
2014;921V;Evaluación de políticas y programas públicos, calidad de los servicios e impacto normativo;3.859,55;92. SERVICIOS DE CARÁCTER GENERAL
2014;922M;Organización territorial del Estado y desarrollo de sus sistemas de colaboración;2.498,74;92. SERVICIOS DE CARÁCTER GENERAL
2014;922N;Coordinación y relaciones financieras con los Entes Territoriales;23.006.931,90;92. SERVICIOS DE CARÁCTER GENERAL
2014;923A;Gestión del Patrimonio del Estado;164.234,46;92. SERVICIOS DE CARÁCTER GENERAL
2014;923M;Dirección y Servicios Generales de Hacienda y Administraciones Públicas;556.315,67;92. SERVICIOS DE CARÁCTER GENERAL
2014;923N;Formación del personal de Economía y Hacienda;8.991,41;92. SERVICIOS DE CARÁCTER GENERAL
2014;931N;Política presupuestaria;59.109,07;93. ADMINISTRACIÓN FINANCIERA Y TRIBUTARIA
2014;931O;Política tributaria;5.790,17;93. ADMINISTRACIÓN FINANCIERA Y TRIBUTARIA
2014;931P;Control interno y Contabilidad Pública;74.836,81;93. ADMINISTRACIÓN FINANCIERA Y TRIBUTARIA
2014;931Q;Control y Supervisión de la Política Fiscal;4.484,42;93. ADMINISTRACIÓN FINANCIERA Y TRIBUTARIA
2014;932A;Aplicación del sistema tributario estatal;949.196,31;93. ADMINISTRACIÓN FINANCIERA Y TRIBUTARIA
2014;932M;Gestión del catastro inmobiliario;136.635,60;93. ADMINISTRACIÓN FINANCIERA Y TRIBUTARIA
2014;932N;Resolución de reclamaciones económico-administrativas;28.652,69;93. ADMINISTRACIÓN FINANCIERA Y TRIBUTARIA
2014;942A;Cooperación económica local del Estado;5.872,09;94. TRANSFERENCIAS A OTRAS ADMINISTRACIONES PÚBLICAS
2014;000X;Transferencias internas (Sección: 15 MINISTERIO DE HACIENDA Y ADMINISTRACIONES PÚBLICAS);935.976,55;94. TRANSFERENCIAS A OTRAS ADMINISTRACIONES PÚBLICAS
2014;131M;Dirección y Servicios Generales de Seguridad y Protección Civil;67.307,19;13. SEGURIDAD CIUDADANA E INSTITUCIONES PENITENCIARIAS
2014;131N;Formación de Fuerzas y Cuerpos de Seguridad del Estado;75.642,25;13. SEGURIDAD CIUDADANA E INSTITUCIONES PENITENCIARIAS
2014;131O;Fuerzas y Cuerpos en reserva;527.485,27;13. SEGURIDAD CIUDADANA E INSTITUCIONES PENITENCIARIAS
2014;131P;Derecho de asilo y apátridas;3.068,47;13. SEGURIDAD CIUDADANA E INSTITUCIONES PENITENCIARIAS
2014;132A;Seguridad ciudadana;5.264.098,53;13. SEGURIDAD CIUDADANA E INSTITUCIONES PENITENCIARIAS
2014;132B;Seguridad vial;711.349,48;13. SEGURIDAD CIUDADANA E INSTITUCIONES PENITENCIARIAS
2014;132C;Actuaciones policiales en materia de droga;82.213,60;13. SEGURIDAD CIUDADANA E INSTITUCIONES PENITENCIARIAS
2014;133A;Centros e Instituciones Penitenciarias;1.122.095,74;13. SEGURIDAD CIUDADANA E INSTITUCIONES PENITENCIARIAS
2014;134M;Protección Civil;14.297,42;13. SEGURIDAD CIUDADANA E INSTITUCIONES PENITENCIARIAS
2014;924M;Elecciones y Partidos Políticos;161.104,23;92. SERVICIOS DE CARÁCTER GENERAL
2014;000X;Transferencias internas (Sección: 16 MINISTERIO DEL INTERIOR);137.841,28;92. SERVICIOS DE CARÁCTER GENERAL
2014;261N;Promoción, administración y ayudas para rehabilitación y acceso a vivienda;772.839,07;26. ACCESO A LA VIVIENDA Y FOMENTO DE LA EDIFICACIÓN
2014;261O;Ordenación y fomento de la edificación;25.710,19;26. ACCESO A LA VIVIENDA Y FOMENTO DE LA EDIFICACIÓN
2014;261P;Urbanismo y política del suelo;1.474,82;26. ACCESO A LA VIVIENDA Y FOMENTO DE LA EDIFICACIÓN
2014;441M;Subvenciones y apoyo al transporte terrestre;893.199,00;44. INFRAESTRUCTURAS
2014;441N;Subvenciones y apoyo al transporte marítimo;97.416,31;44. INFRAESTRUCTURAS
2014;441O;Subvenciones y apoyo al transporte aéreo;357.482,30;44. INFRAESTRUCTURAS
2014;441P;Subvenciones al transporte extrapeninsular de mercancías;20.150,00;44. INFRAESTRUCTURAS
2014;451M;Estudios y servicios de asistencia técnica en Obras Públicas y Urbanismo;32.709,74;45. INFRAESTRUCTURAS Y ECOSISTEMAS RESILIENTES
2014;451N;Dirección y Servicios Generales de Fomento;702.198,92;45. INFRAESTRUCTURAS Y ECOSISTEMAS RESILIENTES
2014;453A;Infraestructura del transporte ferroviario;826.718,67;45. INFRAESTRUCTURAS Y ECOSISTEMAS RESILIENTES
2014;453B;Creación de infraestructura de carreteras;1.059.131,57;45. INFRAESTRUCTURAS Y ECOSISTEMAS RESILIENTES
2014;453C;Conservación y explotación de carreteras;878.152,29;45. INFRAESTRUCTURAS Y ECOSISTEMAS RESILIENTES
2014;453M;Ordenación e inspección del transporte terrestre;21.158,92;45. INFRAESTRUCTURAS Y ECOSISTEMAS RESILIENTES
2014;454M;Regulación y seguridad del tráfico marítimo;44.286,57;45. INFRAESTRUCTURAS Y ECOSISTEMAS RESILIENTES
2014;455M;Regulación y supervisión de la aviación civil;69.904,50;45. INFRAESTRUCTURAS Y ECOSISTEMAS RESILIENTES
2014;467B;Investigación, desarrollo y experimentación en transporte e infraestructuras;340,00;46. INVESTIGACIÓN, DESARROLLO, INNOVACIÓN Y DIGITALIZACIÓN
2014;467G;Investigación y desarrollo de la Sociedad de la Información;980,00;46. INVESTIGACIÓN, DESARROLLO, INNOVACIÓN Y DIGITALIZACIÓN
2014;491N;Servicio postal universal;518.700,00;49. OTRAS ACTUACIONES DE CARÁCTER ECONÓMICO
2014;495A;Desarrollo y aplicación de la información geográfica española;31.085,15;49. OTRAS ACTUACIONES DE CARÁCTER ECONÓMICO
2014;497M;Salvamento y lucha contra la contaminación en la mar;135.000,00;49. OTRAS ACTUACIONES DE CARÁCTER ECONÓMICO
2014;000X;Transferencias internas (Sección: 17 MINISTERIO DE FOMENTO);20.945,00;49. OTRAS ACTUACIONES DE CARÁCTER ECONÓMICO
2014;144A;Cooperación, promoción y difusión cultural en el exterior;16.471,09;14. POLÍTICA EXTERIOR Y DE COOPERACIÓN PARA EL DESARROLLO
2014;321M;Dirección y Servicios Generales de Educación, Cultura y Deporte;98.961,32;32. EDUCACIÓN
2014;321N;Formación permanente del profesorado de Educación;3.938,18;32. EDUCACIÓN
2014;322A;Educación infantil y primaria;159.360,42;32. EDUCACIÓN
2014;322B;Educación secundaria, formación profesional y Escuelas Oficiales de Idiomas;100.926,04;32. EDUCACIÓN
2014;322C;Enseñanzas universitarias;120.560,70;32. EDUCACIÓN
2014;322E;Enseñanzas artísticas;5.492,72;32. EDUCACIÓN
2014;322F;Educación en el exterior;99.795,54;32. EDUCACIÓN
2014;322G;Educación compensatoria;53.657,60;32. EDUCACIÓN
2014;322K;Deporte en edad escolar y en la Universidad;2.372,70;32. EDUCACIÓN
2014;322L;Otras enseñanzas y actividades educativas;53.122,90;32. EDUCACIÓN
2014;323M;Becas y ayudas a estudiantes;1.467.145,59;32. EDUCACIÓN
2014;324M;Servicios complementarios de la enseñanza;7.277,60;32. EDUCACIÓN
2014;332A;Archivos;26.674,54;33. CULTURA
2014;332B;Bibliotecas;43.205,84;33. CULTURA
2014;333A;Museos;131.718,14;33. CULTURA
2014;333B;Exposiciones;2.186,31;33. CULTURA
2014;334A;Promoción y cooperación cultural;10.189,99;33. CULTURA
2014;334B;Promoción del libro y publicaciones culturales;7.350,64;33. CULTURA
2014;334C;Fomento de las industrias culturales;14.135,22;33. CULTURA
2014;335A;Música y danza;86.162,82;33. CULTURA
2014;335B;Teatro;58.019,64;33. CULTURA
2014;335C;Cinematografía;48.212,34;33. CULTURA
2014;336A;Fomento y apoyo de las actividades deportivas;146.784,19;33. CULTURA
2014;337B;Conservación y restauración de bienes culturales;20.095,10;33. CULTURA
2014;337C;Protección del Patrimonio Histórico;4.874,47;33. CULTURA
2014;463A;Investigación científica;94.357,12;46. INVESTIGACIÓN, DESARROLLO, INNOVACIÓN Y DIGITALIZACIÓN
2014;000X;Transferencias internas (Sección: 18 MINISTERIO DE EDUCACIÓN, CULTURA Y DEPORTE);378.517,59;46. INVESTIGACIÓN, DESARROLLO, INNOVACIÓN Y DIGITALIZACIÓN
2014;143A;Cooperación para el desarrollo;1.740,38;14. POLÍTICA EXTERIOR Y DE COOPERACIÓN PARA EL DESARROLLO
2014;212M;Pensiones no contributivas y prestaciones asistenciales;14.972,91;21. PENSIONES
2014;223M;Prestaciones de garantía salarial;1.375.646,66;22. OTRAS PRESTACIONES ECONÓMICAS
2014;224M;Prestaciones económicas por cese de actividad;23.549,66;22. OTRAS PRESTACIONES ECONÓMICAS
2014;231B;Acciones en favor de los emigrantes;75.175,70;23. SERVICIOS SOCIALES Y PROMOCIÓN SOCIAL
2014;231H;Acciones en favor de los inmigrantes;61.669,12;23. SERVICIOS SOCIALES Y PROMOCIÓN SOCIAL
2014;241A;Fomento de la inserción y estabilidad laboral;4.041.564,08;24. FOMENTO DEL EMPLEO
2014;241N;Desarrollo del trabajo autónomo, de la economía social y de la responsabilidad soc. de las empresas;31.957,02;24. FOMENTO DEL EMPLEO
2014;251M;Prestaciones a los desempleados;29.727.534,27;25. DESEMPLEO
2014;291A;Inspección y control de Seguridad y Protección Social;124.029,35;29. GESTIÓN Y ADMINISTRACIÓN DE LA INCLUSIÓN, DE LA SEGURIDAD SOCIAL Y DE LA MIGRACIÓN
2014;291M;Dirección y Servicios Generales de Seguridad Social y Protección Social;128.265,34;29. GESTIÓN Y ADMINISTRACIÓN DE LA INCLUSIÓN, DE LA SEGURIDAD SOCIAL Y DE LA MIGRACIÓN
2014;494M;Administración de las relaciones laborales y condiciones de trabajo;34.718,33;49. OTRAS ACTUACIONES DE CARÁCTER ECONÓMICO
2014;912P;Asesoramiento del Gobierno en materia social, económica y laboral;7.866,00;91. ÓRGANOS CONSTITUCIONALES, GOBIERNO Y OTROS
2014;000X;Transferencias internas (Sección: 19 MINISTERIO DE EMPLEO Y SEGURIDAD SOCIAL);26.222.135,89;91. ÓRGANOS CONSTITUCIONALES, GOBIERNO Y OTROS
2014;421M;Dirección y Servicios Generales de Industria y Energía;68.072,20;42. INDUSTRIA Y ENERGÍA
2014;421N;Regulación y protección de la propiedad industrial;45.969,20;42. INDUSTRIA Y ENERGÍA
2014;421O;Calidad y seguridad industrial;3.856,65;42. INDUSTRIA Y ENERGÍA
2014;422B;Desarrollo industrial;416.929,68;42. INDUSTRIA Y ENERGÍA
2014;422M;Reconversión y reindustrialización;475.443,26;42. INDUSTRIA Y ENERGÍA
2014;423M;Desarrollo alternativo de las comarcas mineras del carbón;61.000,00;42. INDUSTRIA Y ENERGÍA
2014;423N;Explotación minera;411.412,61;42. INDUSTRIA Y ENERGÍA
2014;424M;Seguridad nuclear y protección radiológica;46.611,64;42. INDUSTRIA Y ENERGÍA
2014;425A;Normativa y desarrollo energético;4.166.900,95;42. INDUSTRIA Y ENERGÍA
2014;432A;Coordinación y promoción del turismo;315.956,52;43. COMERCIO, TURISMO Y PYMES
2014;433M;Apoyo a la pequeña y mediana empresa;153.757,65;43. COMERCIO, TURISMO Y PYMES
2014;457M;Infraestructuras en comarcas mineras del carbón;53.747,95;45. INFRAESTRUCTURAS Y ECOSISTEMAS RESILIENTES
2014;464B;Apoyo a la innovación tecnológica en el sector de la defensa;343.600,00;46. INVESTIGACIÓN, DESARROLLO, INNOVACIÓN Y DIGITALIZACIÓN
2014;467C;Investigación y desarrollo tecnológico-industrial;227.345,92;46. INVESTIGACIÓN, DESARROLLO, INNOVACIÓN Y DIGITALIZACIÓN
2014;467G;Investigación y desarrollo de la Sociedad de la Información;94.840,79;46. INVESTIGACIÓN, DESARROLLO, INNOVACIÓN Y DIGITALIZACIÓN
2014;467I;Innovación tecnológica de las telecomunicaciones;582.182,95;46. INVESTIGACIÓN, DESARROLLO, INNOVACIÓN Y DIGITALIZACIÓN
2014;491M;Ordenación y promoción de las telecomunicaciones y de la Sociedad de la Información;27.884,90;49. OTRAS ACTUACIONES DE CARÁCTER ECONÓMICO
2014;495C;Metrología;6.096,78;49. OTRAS ACTUACIONES DE CARÁCTER ECONÓMICO
2014;921U;Publicaciones;162,64;92. SERVICIOS DE CARÁCTER GENERAL
2014;000X;Transferencias internas (Sección: 20 MINISTERIO DE INDUSTRIA, ENERGÍA Y TURISMO);420.647,76;92. SERVICIOS DE CARÁCTER GENERAL
2014;412C;Competitividad y calidad de la producción y los mercados agrarios;30.472,07;41. AGRICULTURA, PESCA Y ALIMENTACIÓN
2014;412D;Competitividad y calidad de la sanidad agraria;41.392,53;41. AGRICULTURA, PESCA Y ALIMENTACIÓN
2014;412M;Regulación de los mercados agrarios;5.815.098,80;41. AGRICULTURA, PESCA Y ALIMENTACIÓN
2014;413A;Competitividad industria agroalimentaria y calidad alimentaria;25.877,88;41. AGRICULTURA, PESCA Y ALIMENTACIÓN
2014;414A;Gestión de recursos hídricos para el regadío;46.581,68;41. AGRICULTURA, PESCA Y ALIMENTACIÓN
2014;414B;Desarrollo del medio rural;1.475.584,97;41. AGRICULTURA, PESCA Y ALIMENTACIÓN
2014;414C;Programa de Desarrollo Rural Sostenible;19.639,00;41. AGRICULTURA, PESCA Y ALIMENTACIÓN
2014;415A;Protección de los recursos pesqueros y desarrollo sostenible;14.904,91;41. AGRICULTURA, PESCA Y ALIMENTACIÓN
2014;415B;Mejora de estructuras y mercados pesqueros;46.294,19;41. AGRICULTURA, PESCA Y ALIMENTACIÓN
2014;416A;Previsión de riesgos en las producciones agrarias y pesqueras;204.682,06;41. AGRICULTURA, PESCA Y ALIMENTACIÓN
2014;451O;Dirección y Servicios Generales de Agricultura, Alimentación y Medio Ambiente;141.843,06;45. INFRAESTRUCTURAS Y ECOSISTEMAS RESILIENTES
2014;452A;Gestión e infraestructuras del agua;1.428.585,99;45. INFRAESTRUCTURAS Y ECOSISTEMAS RESILIENTES
2014;452M;Normativa y ordenación territorial de los recursos hídricos;10.659,06;45. INFRAESTRUCTURAS Y ECOSISTEMAS RESILIENTES
2014;456A;Calidad del agua;156.139,50;45. INFRAESTRUCTURAS Y ECOSISTEMAS RESILIENTES
2014;456B;Protección y mejora del medio ambiente;14.128,19;45. INFRAESTRUCTURAS Y ECOSISTEMAS RESILIENTES
2014;456C;Protección y mejora del medio natural;147.283,03;45. INFRAESTRUCTURAS Y ECOSISTEMAS RESILIENTES
2014;456D;Actuación en la costa;66.407,65;45. INFRAESTRUCTURAS Y ECOSISTEMAS RESILIENTES
2014;456M;Actuaciones para la prevención de la contaminación y el cambio climático;42.411,75;45. INFRAESTRUCTURAS Y ECOSISTEMAS RESILIENTES
2014;495B;Meteorología;82.692,56;49. OTRAS ACTUACIONES DE CARÁCTER ECONÓMICO
2014;000X;Transferencias internas (Sección: 23 MINISTERIO DE AGRICULTURA, ALIMENTACIÓN Y MEDIO AMBIENTE);538.437,57;49. OTRAS ACTUACIONES DE CARÁCTER ECONÓMICO
2014;337A;Administración del Patrimonio Histórico-Nacional;110.414,53;33. CULTURA
2014;462M;Investigación y estudios sociológicos y constitucionales;11.737,39;46. INVESTIGACIÓN, DESARROLLO, INNOVACIÓN Y DIGITALIZACIÓN
2014;467G;Investigación y desarrollo de la Sociedad de la Información;504,83;46. INVESTIGACIÓN, DESARROLLO, INNOVACIÓN Y DIGITALIZACIÓN
2014;911Q;Apoyo a la gestión administrativa de la Jefatura del Estado;6.028,63;91. ÓRGANOS CONSTITUCIONALES, GOBIERNO Y OTROS
2014;912M;Presidencia del Gobierno;37.797,41;91. ÓRGANOS CONSTITUCIONALES, GOBIERNO Y OTROS
2014;912O;Relaciones con las Cortes Generales, Secretariado del Gobierno y apoyo a la Alta Dirección;34.419,96;91. ÓRGANOS CONSTITUCIONALES, GOBIERNO Y OTROS
2014;912Q;Asesoramiento para la protección de los intereses nacionales;203.687,18;91. ÓRGANOS CONSTITUCIONALES, GOBIERNO Y OTROS
2014;921Q;Cobertura informativa;54.815,58;92. SERVICIOS DE CARÁCTER GENERAL
2014;921R;Publicidad de las normas legales;31.657,88;92. SERVICIOS DE CARÁCTER GENERAL
2014;000X;Transferencias internas (Sección: 25 MINISTERIO DE LA PRESIDENCIA);320.018,68;92. SERVICIOS DE CARÁCTER GENERAL
2014;231A;Plan Nacional sobre Drogas;14.886,58;23. SERVICIOS SOCIALES Y PROMOCIÓN SOCIAL
2014;231F;Otros servicios sociales del Estado;157.264,64;23. SERVICIOS SOCIALES Y PROMOCIÓN SOCIAL
2014;231G;Atención a la infancia y a las familias;4.322,12;23. SERVICIOS SOCIALES Y PROMOCIÓN SOCIAL
2014;232A;Promoción y servicios a la juventud;27.948,75;23. SERVICIOS SOCIALES Y PROMOCIÓN SOCIAL
2014;232B;Igualdad de oportunidades entre mujeres y hombres;19.073,91;23. SERVICIOS SOCIALES Y PROMOCIÓN SOCIAL
2014;232C;Actuaciones para la prevención integral de la violencia de género;21.854,42;23. SERVICIOS SOCIALES Y PROMOCIÓN SOCIAL
2014;311M;Dirección y Servicios Generales de Sanidad, Servicios Sociales e Igualdad;54.040,39;31. SANIDAD
2014;311O;Políticas de Salud y Ordenación Profesional;8.637,32;31. SANIDAD
2014;313A;Prestaciones sanitarias y farmacia;73.673,87;31. SANIDAD
2014;313B;Salud pública, sanidad exterior y calidad;33.884,47;31. SANIDAD
2014;313C;Seguridad alimentaria y nutrición;14.936,50;31. SANIDAD
2014;313D;Donación y trasplante de órganos, tejidos y células;3.970,99;31. SANIDAD
2014;492O;Protección y promoción de los derechos de los consumidores y usuarios;16.447,47;49. OTRAS ACTUACIONES DE CARÁCTER ECONÓMICO
2014;000X;Transferencias internas (Sección: 26 MINISTERIO DE SANIDAD, SERVICIOS SOCIALES E IGUALDAD);1.588.555,95;49. OTRAS ACTUACIONES DE CARÁCTER ECONÓMICO
2014;143A;Cooperación para el desarrollo;1.221,12;14. POLÍTICA EXTERIOR Y DE COOPERACIÓN PARA EL DESARROLLO
2014;431A;Promoción comercial e internacionalización de la empresa;442.731,05;43. COMERCIO, TURISMO Y PYMES
2014;431N;Ordenación del comercio exterior;9.020,94;43. COMERCIO, TURISMO Y PYMES
2014;431O;Ordenación y modernización de las estructuras comerciales;14.728,91;43. COMERCIO, TURISMO Y PYMES
2014;463A;Investigación científica;599.823,40;46. INVESTIGACIÓN, DESARROLLO, INNOVACIÓN Y DIGITALIZACIÓN
2014;463B;Fomento y coordinación de la investigación científica y técnica;1.464.723,46;46. INVESTIGACIÓN, DESARROLLO, INNOVACIÓN Y DIGITALIZACIÓN
2014;465A;Investigación sanitaria;286.762,84;46. INVESTIGACIÓN, DESARROLLO, INNOVACIÓN Y DIGITALIZACIÓN
2014;467C;Investigación y desarrollo tecnológico-industrial;2.007.894,29;46. INVESTIGACIÓN, DESARROLLO, INNOVACIÓN Y DIGITALIZACIÓN
2014;467D;Investigación y experimentación agraria;78.887,93;46. INVESTIGACIÓN, DESARROLLO, INNOVACIÓN Y DIGITALIZACIÓN
2014;467E;Investigación oceanográfica y pesquera;60.337,71;46. INVESTIGACIÓN, DESARROLLO, INNOVACIÓN Y DIGITALIZACIÓN
2014;467F;Investigación geológico-minera y medioambiental;24.955,93;46. INVESTIGACIÓN, DESARROLLO, INNOVACIÓN Y DIGITALIZACIÓN
2014;467H;Investigación energética, medioambiental y tecnológica;83.424,92;46. INVESTIGACIÓN, DESARROLLO, INNOVACIÓN Y DIGITALIZACIÓN
2014;492M;Defensa de la competencia en los mercados y regulación de sectores productivos;52.767,61;49. OTRAS ACTUACIONES DE CARÁCTER ECONÓMICO
2014;493M;Dirección, control y gestión de seguros;230.755,40;49. OTRAS ACTUACIONES DE CARÁCTER ECONÓMICO
2014;493O;Regulación contable y de auditorías;8.731,01;49. OTRAS ACTUACIONES DE CARÁCTER ECONÓMICO
2014;923C;Elaboración y difusión estadística;183.766,74;92. SERVICIOS DE CARÁCTER GENERAL
2014;923O;Gestión de la Deuda y de la Tesorería del Estado;270.813,98;92. SERVICIOS DE CARÁCTER GENERAL
2014;923P;Relaciones con los Organismos Financieros Multilaterales;232.075,43;92. SERVICIOS DE CARÁCTER GENERAL
2014;923Q;Dirección y Servicios Generales de Economía y Competitividad;80.778,09;92. SERVICIOS DE CARÁCTER GENERAL
2014;931M;Previsión y política económica;8.445.990,28;93. ADMINISTRACIÓN FINANCIERA Y TRIBUTARIA
2014;000X;Transferencias internas (Sección: 27 MINISTERIO DE ECONOMÍA Y COMPETITIVIDAD);999.722,20;93. ADMINISTRACIÓN FINANCIERA Y TRIBUTARIA
2014;467G;Investigación y desarrollo de la Sociedad de la Información;2.564,88;46. INVESTIGACIÓN, DESARROLLO, INNOVACIÓN Y DIGITALIZACIÓN
2014;923A;Gestión del Patrimonio del Estado;37.555,91;92. SERVICIOS DE CARÁCTER GENERAL
2014;929M;Imprevistos y funciones no clasificadas;1.983.930,94;92. SERVICIOS DE CARÁCTER GENERAL
2014;000X;Transferencias internas (Sección: 31 GASTOS DE DIVERSOS MINISTERIOS);152.033,41;92. SERVICIOS DE CARÁCTER GENERAL
2014;441M;Subvenciones y apoyo al transporte terrestre;246.907,74;44. INFRAESTRUCTURAS
2014;453A;Infraestructura del transporte ferroviario;23.311,12;45. INFRAESTRUCTURAS Y ECOSISTEMAS RESILIENTES
2014;941O;Otras transferencias a Comunidades Autónomas;500.000,00;94. TRANSFERENCIAS A OTRAS ADMINISTRACIONES PÚBLICAS
2014;942N;Otras aportaciones a Entidades Locales;227.701,57;94. TRANSFERENCIAS A OTRAS ADMINISTRACIONES PÚBLICAS
2014;941N;Transferencias a Comunidades Autónomas por los Fondos de Compensación Interterritorial;582.430,00;94. TRANSFERENCIAS A OTRAS ADMINISTRACIONES PÚBLICAS
2014;943M;Transferencias al Presupuesto General de la Unión Europea;12.799.890,00;94. TRANSFERENCIAS A OTRAS ADMINISTRACIONES PÚBLICAS
2014;943N;Cooperación al desarrollo a través del Fondo Europeo de Desarrollo;283.400,00;94. TRANSFERENCIAS A OTRAS ADMINISTRACIONES PÚBLICAS
2014;929N;Fondo de contingencia de ejecución presupuestaria;2.665.180,00;92. SERVICIOS DE CARÁCTER GENERAL
2014;941M;Transferencias a Comunidades Autónomas por participación en los ingresos del Estado;16.041.187,56;94. TRANSFERENCIAS A OTRAS ADMINISTRACIONES PÚBLICAS
2014;942M;Transferencias a Entidades Locales por participación en los ingresos del Estado;15.548.308,21;94. TRANSFERENCIAS A OTRAS ADMINISTRACIONES PÚBLICAS
2014;211M;Pensiones contributivas de la Seguridad Social;104.627.825,00;21. PENSIONES
2014;212M;Pensiones no contributivas y prestaciones asistenciales;2.167.912,09;21. PENSIONES
2014;212O;Gestión y control de los complementos a mínimos de pensiones;7.633.020,00;21. PENSIONES
2014;219M;Gestión de las prestaciones económicas de Seguridad Social;389.548,04;21. PENSIONES
2014;221M;Subsidios de incapacidad temporal y otras prestaciones económicas de la Seguridad Social;9.838.563,45;22. OTRAS PRESTACIONES ECONÓMICAS
2014;224M;Prestaciones económicas por cese de actividad;11.060,00;22. OTRAS PRESTACIONES ECONÓMICAS
2014;231C;Servicios Sociales de la Seguridad Social a personas con discapacidad;62.638,49;23. SERVICIOS SOCIALES Y PROMOCIÓN SOCIAL
2014;231D;Servicios Sociales de la Seguridad Social a personas mayores;117.216,37;23. SERVICIOS SOCIALES Y PROMOCIÓN SOCIAL
2014;231E;Otros servicios sociales de la Seguridad Social;41.004,16;23. SERVICIOS SOCIALES Y PROMOCIÓN SOCIAL
2014;231I;Autonomía personal y Atención a la Dependencia;1.176.579,24;23. SERVICIOS SOCIALES Y PROMOCIÓN SOCIAL
2014;239M;Gestión de los servicios sociales de la Seguridad Social;28.723,46;23. SERVICIOS SOCIALES Y PROMOCIÓN SOCIAL
2014;291M;Dirección y Servicios Generales de Seguridad Social y Protección Social;4.125.157,14;29. GESTIÓN Y ADMINISTRACIÓN DE LA INCLUSIÓN, DE LA SEGURIDAD SOCIAL Y DE LA MIGRACIÓN
2014;311M;Dirección y Servicios Generales de Sanidad, Servicios Sociales e Igualdad;15.380,34;31. SANIDAD
2014;312B;Atención primaria de salud. Instituto Nacional de Gestión Sanitaria;58.094,64;31. SANIDAD
2014;312C;Atención especializada de salud. Instituto Nacional de Gestión Sanitaria;145.996,87;31. SANIDAD
2014;312D;Medicina marítima;32.100,50;31. SANIDAD
2014;312F;Atención primaria de salud de Mutuas de Accidentes de Trabajo y E.P e I.S.M;823.422,71;31. SANIDAD
2014;312G;Atención especializada de salud de Mutuas de Accidentes de Trabajo y E.P e I.S.M;378.512,16;31. SANIDAD
2014;322I;Enseñanzas especiales;2.384,80;32. EDUCACIÓN
2014;000X;Transferencias internas (Sección: 60 SEGURIDAD SOCIAL);3.909.014,90;32. EDUCACIÓN
2015;911M;Jefatura del Estado;7.775,04;91. ÓRGANOS CONSTITUCIONALES, GOBIERNO Y OTROS
2015;911N;Actividad legislativa;202.148,84;91. ÓRGANOS CONSTITUCIONALES, GOBIERNO Y OTROS
2015;911O;Control externo del Sector Público;60.989,23;91. ÓRGANOS CONSTITUCIONALES, GOBIERNO Y OTROS
2015;911P;Control Constitucional;23.084,44;91. ÓRGANOS CONSTITUCIONALES, GOBIERNO Y OTROS
2015;912N;Alto asesoramiento del Estado;9.941,69;91. ÓRGANOS CONSTITUCIONALES, GOBIERNO Y OTROS
2015;951M;Amortización y gastos financieros de la deuda pública en euros;126.924.125,25;95. GASTOS FINANCIEROS DE LA DEUDA PUBLICA
2015;951N;Amortización y gastos financieros de la deuda pública en moneda extranjera;563.923,00;95. GASTOS FINANCIEROS DE LA DEUDA PUBLICA
2015;211N;Pensiones de Clases Pasivas;12.928.006,48;21. PENSIONES
2015;211O;Otras pensiones y prestaciones de Clases Pasivas;41.992,68;21. PENSIONES
2015;212N;Pensiones de guerra;214.886,70;21. PENSIONES
2015;111M;Gobierno del Poder Judicial;31.185,46;11. JUSTICIA
2015;111O;Selección y formación de jueces;15.372,41;11. JUSTICIA
2015;111P;Documentación y publicaciones judiciales;8.325,69;11. JUSTICIA
2015;141M;Dirección y Servicios Generales de Asuntos Exteriores;67.708,49;14. POLÍTICA EXTERIOR Y DE COOPERACIÓN PARA EL DESARROLLO
2015;142A;Acción del Estado en el exterior;676.505,65;14. POLÍTICA EXTERIOR Y DE COOPERACIÓN PARA EL DESARROLLO
2015;142B;Acción diplomática ante la Unión Europea;21.301,36;14. POLÍTICA EXTERIOR Y DE COOPERACIÓN PARA EL DESARROLLO
2015;143A;Cooperación para el desarrollo;516.476,70;14. POLÍTICA EXTERIOR Y DE COOPERACIÓN PARA EL DESARROLLO
2015;144A;Cooperación, promoción y difusión cultural en el exterior;118.924,93;14. POLÍTICA EXTERIOR Y DE COOPERACIÓN PARA EL DESARROLLO
2015;467G;Investigación y desarrollo de la Sociedad de la Información;1.939,66;46. INVESTIGACIÓN, DESARROLLO, INNOVACIÓN Y DIGITALIZACIÓN
2015;000X;Transferencias internas (Sección: 12 MINISTERIO DE ASUNTOS EXTERIORES Y DE COOPERACIÓN);259.827,83;46. INVESTIGACIÓN, DESARROLLO, INNOVACIÓN Y DIGITALIZACIÓN
2015;111N;Dirección y Servicios Generales de Justicia;46.691,81;11. JUSTICIA
2015;111Q;Formación del Personal de la Administración de Justicia;6.812,31;11. JUSTICIA
2015;111R;Formación de la Carrera Fiscal;3.684,12;11. JUSTICIA
2015;112A;Tribunales de Justicia y Ministerio Fiscal;1.371.626,90;11. JUSTICIA
2015;113M;Registros vinculados con la Fe Pública;24.455,75;11. JUSTICIA
2015;135M;Protección de datos de carácter personal;14.090,77;13. SEGURIDAD CIUDADANA E INSTITUCIONES PENITENCIARIAS
2015;222M;Prestaciones económicas del Mutualismo Administrativo;18.445,28;22. OTRAS PRESTACIONES ECONÓMICAS
2015;312E;Asistencia sanitaria del Mutualismo Administrativo;80.901,65;31. SANIDAD
2015;921S;Asesoramiento y defensa intereses del Estado;31.493,34;92. SERVICIOS DE CARÁCTER GENERAL
2015;000X;Transferencias internas (Sección: 13 MINISTERIO DE JUSTICIA);7.692,20;92. SERVICIOS DE CARÁCTER GENERAL
2015;121M;Administración y Servicios Generales de Defensa;1.133.983,12;12. DEFENSA
2015;121N;Formación del Personal de las Fuerzas Armadas;374.176,70;12. DEFENSA
2015;121O;Personal en reserva;513.423,05;12. DEFENSA
2015;122A;Modernización de las Fuerzas Armadas;192.539,00;12. DEFENSA
2015;122B;Programas especiales de modernización;6.842,50;12. DEFENSA
2015;122M;Gastos Operativos de las Fuerzas Armadas;2.190.086,49;12. DEFENSA
2015;122N;Apoyo Logístico;1.300.637,58;12. DEFENSA
2015;222M;Prestaciones económicas del Mutualismo Administrativo;77.704,31;22. OTRAS PRESTACIONES ECONÓMICAS
2015;312A;Asistencia hospitalaria en las Fuerzas Armadas;129.182,45;31. SANIDAD
2015;312E;Asistencia sanitaria del Mutualismo Administrativo;654.012,57;31. SANIDAD
2015;464A;Investigación y estudios de las Fuerzas Armadas;163.009,34;46. INVESTIGACIÓN, DESARROLLO, INNOVACIÓN Y DIGITALIZACIÓN
2015;931P;Control interno y Contabilidad Pública;168,43;93. ADMINISTRACIÓN FINANCIERA Y TRIBUTARIA
2015;000X;Transferencias internas (Sección: 14 MINISTERIO DE DEFENSA);118.143,71;93. ADMINISTRACIÓN FINANCIERA Y TRIBUTARIA
2015;219N;Gestión de pensiones de Clases Pasivas;6.657,78;21. PENSIONES
2015;222M;Prestaciones económicas del Mutualismo Administrativo;256.787,26;22. OTRAS PRESTACIONES ECONÓMICAS
2015;231G;Atención a la infancia y a las familias;3.500,00;23. SERVICIOS SOCIALES Y PROMOCIÓN SOCIAL
2015;312E;Asistencia sanitaria del Mutualismo Administrativo;1.356.379,09;31. SANIDAD
2015;337B;Conservación y restauración de bienes culturales;8.047,25;33. CULTURA
2015;422A;Incentivos regionales a la localización industrial;81.545,61;42. INDUSTRIA Y ENERGÍA
2015;462N;Investigación y estudios estadísticos y económicos;6.373,22;46. INVESTIGACIÓN, DESARROLLO, INNOVACIÓN Y DIGITALIZACIÓN
2015;467G;Investigación y desarrollo de la Sociedad de la Información;14.334,50;46. INVESTIGACIÓN, DESARROLLO, INNOVACIÓN Y DIGITALIZACIÓN
2015;492N;Regulación y vigilancia de la competencia en el Mercado de Tabacos;8.358,94;49. OTRAS ACTUACIONES DE CARÁCTER ECONÓMICO
2015;496M;Regulación del juego;6.673,70;49. OTRAS ACTUACIONES DE CARÁCTER ECONÓMICO
2015;921N;Dirección y organización de la Administración Pública;49.704,92;92. SERVICIOS DE CARÁCTER GENERAL
2015;921O;Formación del personal de las Administraciones Públicas;69.139,76;92. SERVICIOS DE CARÁCTER GENERAL
2015;921P;Administración periférica del Estado;266.986,52;92. SERVICIOS DE CARÁCTER GENERAL
2015;921T;Servicios de transportes de Ministerios;38.943,67;92. SERVICIOS DE CARÁCTER GENERAL
2015;921V;Evaluación de políticas y programas públicos, calidad de los servicios e impacto normativo;3.802,35;92. SERVICIOS DE CARÁCTER GENERAL
2015;921X;Evaluación de la transparencia de la actividad pública;2.580,20;92. SERVICIOS DE CARÁCTER GENERAL
2015;922M;Organización territorial del Estado y desarrollo de sus sistemas de colaboración;2.622,11;92. SERVICIOS DE CARÁCTER GENERAL
2015;922N;Coordinación y relaciones financieras con los Entes Territoriales;21.007.490,41;92. SERVICIOS DE CARÁCTER GENERAL
2015;923A;Gestión del Patrimonio del Estado;148.021,87;92. SERVICIOS DE CARÁCTER GENERAL
2015;923M;Dirección y Servicios Generales de Hacienda y Administraciones Públicas;539.707,99;92. SERVICIOS DE CARÁCTER GENERAL
2015;923N;Formación del personal de Economía y Hacienda;9.435,06;92. SERVICIOS DE CARÁCTER GENERAL
2015;931N;Política presupuestaria;61.233,86;93. ADMINISTRACIÓN FINANCIERA Y TRIBUTARIA
2015;931O;Política tributaria;5.659,07;93. ADMINISTRACIÓN FINANCIERA Y TRIBUTARIA
2015;931P;Control interno y Contabilidad Pública;74.013,02;93. ADMINISTRACIÓN FINANCIERA Y TRIBUTARIA
2015;931Q;Control y Supervisión de la Política Fiscal;4.484,42;93. ADMINISTRACIÓN FINANCIERA Y TRIBUTARIA
2015;932A;Aplicación del sistema tributario estatal;996.639,85;93. ADMINISTRACIÓN FINANCIERA Y TRIBUTARIA
2015;932M;Gestión del catastro inmobiliario;131.441,08;93. ADMINISTRACIÓN FINANCIERA Y TRIBUTARIA
2015;932N;Resolución de reclamaciones económico-administrativas;28.356,78;93. ADMINISTRACIÓN FINANCIERA Y TRIBUTARIA
2015;942A;Cooperación económica local del Estado;8.818,43;94. TRANSFERENCIAS A OTRAS ADMINISTRACIONES PÚBLICAS
2015;000X;Transferencias internas (Sección: 15 MINISTERIO DE HACIENDA Y ADMINISTRACIONES PÚBLICAS);980.614,65;94. TRANSFERENCIAS A OTRAS ADMINISTRACIONES PÚBLICAS
2015;131M;Dirección y Servicios Generales de Seguridad y Protección Civil;70.412,04;13. SEGURIDAD CIUDADANA E INSTITUCIONES PENITENCIARIAS
2015;131N;Formación de Fuerzas y Cuerpos de Seguridad del Estado;79.170,90;13. SEGURIDAD CIUDADANA E INSTITUCIONES PENITENCIARIAS
2015;131O;Fuerzas y Cuerpos en reserva;448.826,43;13. SEGURIDAD CIUDADANA E INSTITUCIONES PENITENCIARIAS
2015;131P;Derecho de asilo y apátridas;3.020,71;13. SEGURIDAD CIUDADANA E INSTITUCIONES PENITENCIARIAS
2015;132A;Seguridad ciudadana;5.275.762,59;13. SEGURIDAD CIUDADANA E INSTITUCIONES PENITENCIARIAS
2015;132B;Seguridad vial;734.076,96;13. SEGURIDAD CIUDADANA E INSTITUCIONES PENITENCIARIAS
2015;132C;Actuaciones policiales en materia de droga;79.062,11;13. SEGURIDAD CIUDADANA E INSTITUCIONES PENITENCIARIAS
2015;133A;Centros e Instituciones Penitenciarias;1.124.663,95;13. SEGURIDAD CIUDADANA E INSTITUCIONES PENITENCIARIAS
2015;134M;Protección Civil;14.115,48;13. SEGURIDAD CIUDADANA E INSTITUCIONES PENITENCIARIAS
2015;924M;Elecciones y Partidos Políticos;345.382,62;92. SERVICIOS DE CARÁCTER GENERAL
2015;000X;Transferencias internas (Sección: 16 MINISTERIO DEL INTERIOR);137.817,81;92. SERVICIOS DE CARÁCTER GENERAL
2015;261N;Promoción, administración y ayudas para rehabilitación y acceso a vivienda;556.349,94;26. ACCESO A LA VIVIENDA Y FOMENTO DE LA EDIFICACIÓN
2015;261O;Ordenación y fomento de la edificación;29.604,64;26. ACCESO A LA VIVIENDA Y FOMENTO DE LA EDIFICACIÓN
2015;261P;Urbanismo y política del suelo;1.454,51;26. ACCESO A LA VIVIENDA Y FOMENTO DE LA EDIFICACIÓN
2015;441M;Subvenciones y apoyo al transporte terrestre;651.809,06;44. INFRAESTRUCTURAS
2015;441N;Subvenciones y apoyo al transporte marítimo;82.249,65;44. INFRAESTRUCTURAS
2015;441O;Subvenciones y apoyo al transporte aéreo;324.558,17;44. INFRAESTRUCTURAS
2015;441P;Subvenciones al transporte extrapeninsular de mercancías;29.779,38;44. INFRAESTRUCTURAS
2015;451M;Estudios y servicios de asistencia técnica en Obras Públicas y Urbanismo;30.591,20;45. INFRAESTRUCTURAS Y ECOSISTEMAS RESILIENTES
2015;451N;Dirección y Servicios Generales de Fomento;1.143.073,22;45. INFRAESTRUCTURAS Y ECOSISTEMAS RESILIENTES
2015;453A;Infraestructura del transporte ferroviario;840.291,12;45. INFRAESTRUCTURAS Y ECOSISTEMAS RESILIENTES
2015;453B;Creación de infraestructura de carreteras;1.011.866,66;45. INFRAESTRUCTURAS Y ECOSISTEMAS RESILIENTES
2015;453C;Conservación y explotación de carreteras;909.507,18;45. INFRAESTRUCTURAS Y ECOSISTEMAS RESILIENTES
2015;453M;Ordenación e inspección del transporte terrestre;24.470,18;45. INFRAESTRUCTURAS Y ECOSISTEMAS RESILIENTES
2015;454M;Regulación y seguridad del tráfico marítimo;43.168,22;45. INFRAESTRUCTURAS Y ECOSISTEMAS RESILIENTES
2015;455M;Regulación y supervisión de la aviación civil;75.460,82;45. INFRAESTRUCTURAS Y ECOSISTEMAS RESILIENTES
2015;467B;Investigación, desarrollo y experimentación en transporte e infraestructuras;340,00;46. INVESTIGACIÓN, DESARROLLO, INNOVACIÓN Y DIGITALIZACIÓN
2015;467G;Investigación y desarrollo de la Sociedad de la Información;980,00;46. INVESTIGACIÓN, DESARROLLO, INNOVACIÓN Y DIGITALIZACIÓN
2015;491N;Servicio postal universal;180.710,00;49. OTRAS ACTUACIONES DE CARÁCTER ECONÓMICO
2015;495A;Desarrollo y aplicación de la información geográfica española;30.850,80;49. OTRAS ACTUACIONES DE CARÁCTER ECONÓMICO
2015;497M;Salvamento y lucha contra la contaminación en la mar;140.000,00;49. OTRAS ACTUACIONES DE CARÁCTER ECONÓMICO
2015;000X;Transferencias internas (Sección: 17 MINISTERIO DE FOMENTO);21.560,83;49. OTRAS ACTUACIONES DE CARÁCTER ECONÓMICO
2015;144A;Cooperación, promoción y difusión cultural en el exterior;16.072,29;14. POLÍTICA EXTERIOR Y DE COOPERACIÓN PARA EL DESARROLLO
2015;144B;Cooperación, promoción y difusión educativa en el exterior;2.570,37;14. POLÍTICA EXTERIOR Y DE COOPERACIÓN PARA EL DESARROLLO
2015;321M;Dirección y Servicios Generales de Educación, Cultura y Deporte;89.632,55;32. EDUCACIÓN
2015;321N;Formación permanente del profesorado de Educación;3.390,51;32. EDUCACIÓN
2015;322A;Educación infantil y primaria;158.894,02;32. EDUCACIÓN
2015;322B;Educación secundaria, formación profesional y Escuelas Oficiales de Idiomas;237.348,65;32. EDUCACIÓN
2015;322C;Enseñanzas universitarias;118.141,38;32. EDUCACIÓN
2015;322E;Enseñanzas artísticas;4.790,74;32. EDUCACIÓN
2015;322F;Educación en el exterior;95.872,31;32. EDUCACIÓN
2015;322G;Educación compensatoria;5.247,14;32. EDUCACIÓN
2015;322K;Deporte en edad escolar y en la Universidad;2.400,00;32. EDUCACIÓN
2015;322L;Otras enseñanzas y actividades educativas;77.659,23;32. EDUCACIÓN
2015;323M;Becas y ayudas a estudiantes;1.469.595,59;32. EDUCACIÓN
2015;324M;Servicios complementarios de la enseñanza;7.399,74;32. EDUCACIÓN
2015;332A;Archivos;25.552,82;33. CULTURA
2015;332B;Bibliotecas;42.638,99;33. CULTURA
2015;333A;Museos;142.719,12;33. CULTURA
2015;333B;Exposiciones;2.009,69;33. CULTURA
2015;334A;Promoción y cooperación cultural;9.621,87;33. CULTURA
2015;334B;Promoción del libro y publicaciones culturales;7.395,68;33. CULTURA
2015;334C;Fomento de las industrias culturales;13.932,90;33. CULTURA
2015;335A;Música y danza;92.068,05;33. CULTURA
2015;335B;Teatro;53.159,78;33. CULTURA
2015;335C;Cinematografía;50.694,50;33. CULTURA
2015;336A;Fomento y apoyo de las actividades deportivas;153.973,10;33. CULTURA
2015;337B;Conservación y restauración de bienes culturales;18.301,76;33. CULTURA
2015;337C;Protección del Patrimonio Histórico;4.248,87;33. CULTURA
2015;463A;Investigación científica;94.196,83;46. INVESTIGACIÓN, DESARROLLO, INNOVACIÓN Y DIGITALIZACIÓN
2015;000X;Transferencias internas (Sección: 18 MINISTERIO DE EDUCACIÓN, CULTURA Y DEPORTE);400.823,01;46. INVESTIGACIÓN, DESARROLLO, INNOVACIÓN Y DIGITALIZACIÓN
2015;143A;Cooperación para el desarrollo;1.645,22;14. POLÍTICA EXTERIOR Y DE COOPERACIÓN PARA EL DESARROLLO
2015;212M;Pensiones no contributivas y prestaciones asistenciales;10.894,95;21. PENSIONES
2015;223M;Prestaciones de garantía salarial;1.064.051,93;22. OTRAS PRESTACIONES ECONÓMICAS
2015;224M;Prestaciones económicas por cese de actividad;19.843,28;22. OTRAS PRESTACIONES ECONÓMICAS
2015;231B;Acciones en favor de los emigrantes;70.471,95;23. SERVICIOS SOCIALES Y PROMOCIÓN SOCIAL
2015;231H;Acciones en favor de los inmigrantes;66.383,61;23. SERVICIOS SOCIALES Y PROMOCIÓN SOCIAL
2015;241A;Fomento de la inserción y estabilidad laboral;4.712.114,39;24. FOMENTO DEL EMPLEO
2015;241N;Desarrollo del trabajo autónomo, de la economía social y de la responsabilidad social de las empresas;34.247,02;24. FOMENTO DEL EMPLEO
2015;251M;Prestaciones a los desempleados;25.300.040,46;25. DESEMPLEO
2015;291A;Inspección y control de Seguridad y Protección Social;122.872,53;29. GESTIÓN Y ADMINISTRACIÓN DE LA INCLUSIÓN, DE LA SEGURIDAD SOCIAL Y DE LA MIGRACIÓN
2015;291M;Dirección y Servicios Generales de Seguridad Social y Protección Social;128.408,34;29. GESTIÓN Y ADMINISTRACIÓN DE LA INCLUSIÓN, DE LA SEGURIDAD SOCIAL Y DE LA MIGRACIÓN
2015;494M;Administración de las relaciones laborales y condiciones de trabajo;33.709,87;49. OTRAS ACTUACIONES DE CARÁCTER ECONÓMICO
2015;912P;Asesoramiento del Gobierno en materia social, económica y laboral;7.866,00;91. ÓRGANOS CONSTITUCIONALES, GOBIERNO Y OTROS
2015;000X;Transferencias internas (Sección: 19 MINISTERIO DE EMPLEO Y SEGURIDAD SOCIAL);22.192.134,10;91. ÓRGANOS CONSTITUCIONALES, GOBIERNO Y OTROS
2015;421M;Dirección y Servicios Generales de Industria y Energía;67.725,22;42. INDUSTRIA Y ENERGÍA
2015;421N;Regulación y protección de la propiedad industrial;46.849,75;42. INDUSTRIA Y ENERGÍA
2015;421O;Calidad y seguridad industrial;3.028,65;42. INDUSTRIA Y ENERGÍA
2015;422B;Desarrollo industrial;375.589,84;42. INDUSTRIA Y ENERGÍA
2015;422M;Reconversión y reindustrialización;525.398,10;42. INDUSTRIA Y ENERGÍA
2015;423M;Desarrollo alternativo de las comarcas mineras del carbón;50.000,00;42. INDUSTRIA Y ENERGÍA
2015;423N;Explotación minera;345.700,18;42. INDUSTRIA Y ENERGÍA
2015;424M;Seguridad nuclear y protección radiológica;46.507,13;42. INDUSTRIA Y ENERGÍA
2015;425A;Normativa y desarrollo energético;278.247,48;42. INDUSTRIA Y ENERGÍA
2015;432A;Coordinación y promoción del turismo;323.022,24;43. COMERCIO, TURISMO Y PYMES
2015;433M;Apoyo a la pequeña y mediana empresa;159.518,38;43. COMERCIO, TURISMO Y PYMES
2015;457M;Infraestructuras en comarcas mineras del carbón;50.000,00;45. INFRAESTRUCTURAS Y ECOSISTEMAS RESILIENTES
2015;464B;Apoyo a la innovación tecnológica en el sector de la defensa;563.925,76;46. INVESTIGACIÓN, DESARROLLO, INNOVACIÓN Y DIGITALIZACIÓN
2015;467C;Investigación y desarrollo tecnológico-industrial;231.083,44;46. INVESTIGACIÓN, DESARROLLO, INNOVACIÓN Y DIGITALIZACIÓN
2015;467G;Investigación y desarrollo de la Sociedad de la Información;104.755,52;46. INVESTIGACIÓN, DESARROLLO, INNOVACIÓN Y DIGITALIZACIÓN
2015;467I;Innovación tecnológica de las telecomunicaciones;658.406,01;46. INVESTIGACIÓN, DESARROLLO, INNOVACIÓN Y DIGITALIZACIÓN
2015;491M;Ordenación y promoción de las telecomunicaciones y de la Sociedad de la Información;304.983,51;49. OTRAS ACTUACIONES DE CARÁCTER ECONÓMICO
2015;495C;Metrología;7.060,78;49. OTRAS ACTUACIONES DE CARÁCTER ECONÓMICO
2015;921U;Publicaciones;162,64;92. SERVICIOS DE CARÁCTER GENERAL
2015;000X;Transferencias internas (Sección: 20 MINISTERIO DE INDUSTRIA, ENERGÍA Y TURISMO);4.620.017,96;92. SERVICIOS DE CARÁCTER GENERAL
2015;231F;Otros servicios sociales del Estado;102.923,16;23. SERVICIOS SOCIALES Y PROMOCIÓN SOCIAL
2015;412C;Competitividad y calidad de la producción y los mercados agrarios;29.403,21;41. AGRICULTURA, PESCA Y ALIMENTACIÓN
2015;412D;Competitividad y calidad de la sanidad agraria;40.770,48;41. AGRICULTURA, PESCA Y ALIMENTACIÓN
2015;412M;Regulación de los mercados agrarios;5.797.111,61;41. AGRICULTURA, PESCA Y ALIMENTACIÓN
2015;413A;Competitividad industria agroalimentaria y calidad alimentaria;25.125,70;41. AGRICULTURA, PESCA Y ALIMENTACIÓN
2015;414A;Gestión de recursos hídricos para el regadío;46.291,39;41. AGRICULTURA, PESCA Y ALIMENTACIÓN
2015;414B;Desarrollo del medio rural;2.346.994,82;41. AGRICULTURA, PESCA Y ALIMENTACIÓN
2015;414C;Programa de Desarrollo Rural Sostenible;19.639,00;41. AGRICULTURA, PESCA Y ALIMENTACIÓN
2015;415A;Protección de los recursos pesqueros y desarrollo sostenible;18.247,97;41. AGRICULTURA, PESCA Y ALIMENTACIÓN
2015;415B;Mejora de estructuras y mercados pesqueros;51.901,48;41. AGRICULTURA, PESCA Y ALIMENTACIÓN
2015;416A;Previsión de riesgos en las producciones agrarias y pesqueras;204.432,06;41. AGRICULTURA, PESCA Y ALIMENTACIÓN
2015;451O;Dirección y Servicios Generales de Agricultura, Alimentación y Medio Ambiente;142.503,08;45. INFRAESTRUCTURAS Y ECOSISTEMAS RESILIENTES
2015;452A;Gestión e infraestructuras del agua;1.385.471,55;45. INFRAESTRUCTURAS Y ECOSISTEMAS RESILIENTES
2015;452M;Normativa y ordenación territorial de los recursos hídricos;118.466,20;45. INFRAESTRUCTURAS Y ECOSISTEMAS RESILIENTES
2015;456A;Calidad del agua;250.331,56;45. INFRAESTRUCTURAS Y ECOSISTEMAS RESILIENTES
2015;456B;Protección y mejora del medio ambiente;24.529,99;45. INFRAESTRUCTURAS Y ECOSISTEMAS RESILIENTES
2015;456C;Protección y mejora del medio natural;154.641,82;45. INFRAESTRUCTURAS Y ECOSISTEMAS RESILIENTES
2015;456D;Actuación en la costa;89.766,27;45. INFRAESTRUCTURAS Y ECOSISTEMAS RESILIENTES
2015;456M;Actuaciones para la prevención de la contaminación y el cambio climático;55.449,69;45. INFRAESTRUCTURAS Y ECOSISTEMAS RESILIENTES
2015;495B;Meteorología;120.124,13;49. OTRAS ACTUACIONES DE CARÁCTER ECONÓMICO
2015;000X;Transferencias internas (Sección: 23 MINISTERIO DE AGRICULTURA, ALIMENTACIÓN Y MEDIO AMBIENTE);599.760,64;49. OTRAS ACTUACIONES DE CARÁCTER ECONÓMICO
2015;337A;Administración del Patrimonio Histórico-Nacional;124.793,13;33. CULTURA
2015;462M;Investigación y estudios sociológicos y constitucionales;12.239,87;46. INVESTIGACIÓN, DESARROLLO, INNOVACIÓN Y DIGITALIZACIÓN
2015;467G;Investigación y desarrollo de la Sociedad de la Información;504,83;46. INVESTIGACIÓN, DESARROLLO, INNOVACIÓN Y DIGITALIZACIÓN
2015;911Q;Apoyo a la gestión administrativa de la Jefatura del Estado;6.028,63;91. ÓRGANOS CONSTITUCIONALES, GOBIERNO Y OTROS
2015;912M;Presidencia del Gobierno;37.323,84;91. ÓRGANOS CONSTITUCIONALES, GOBIERNO Y OTROS
2015;912O;Relaciones con las Cortes Generales, Secretariado del Gobierno y apoyo a la Alta Dirección;33.998,62;91. ÓRGANOS CONSTITUCIONALES, GOBIERNO Y OTROS
2015;912Q;Asesoramiento para la protección de los intereses nacionales;223.687,18;91. ÓRGANOS CONSTITUCIONALES, GOBIERNO Y OTROS
2015;921Q;Cobertura informativa;54.528,54;92. SERVICIOS DE CARÁCTER GENERAL
2015;921R;Publicidad de las normas legales;31.619,06;92. SERVICIOS DE CARÁCTER GENERAL
2015;000X;Transferencias internas (Sección: 25 MINISTERIO DE LA PRESIDENCIA);340.117,69;92. SERVICIOS DE CARÁCTER GENERAL
2015;231A;Plan Nacional sobre Drogas;14.681,32;23. SERVICIOS SOCIALES Y PROMOCIÓN SOCIAL
2015;231F;Otros servicios sociales del Estado;187.619,12;23. SERVICIOS SOCIALES Y PROMOCIÓN SOCIAL
2015;231G;Atención a la infancia y a las familias;4.188,38;23. SERVICIOS SOCIALES Y PROMOCIÓN SOCIAL
2015;232A;Promoción y servicios a la juventud;27.948,75;23. SERVICIOS SOCIALES Y PROMOCIÓN SOCIAL
2015;232B;Igualdad de oportunidades entre mujeres y hombres;20.829,24;23. SERVICIOS SOCIALES Y PROMOCIÓN SOCIAL
2015;232C;Actuaciones para la prevención integral de la violencia de género;23.728,18;23. SERVICIOS SOCIALES Y PROMOCIÓN SOCIAL
2015;311M;Dirección y Servicios Generales de Sanidad, Servicios Sociales e Igualdad;54.319,08;31. SANIDAD
2015;311O;Políticas de Salud y Ordenación Profesional;8.805,42;31. SANIDAD
2015;313A;Prestaciones sanitarias y farmacia;53.018,58;31. SANIDAD
2015;313B;Salud pública, sanidad exterior y calidad;33.806,51;31. SANIDAD
2015;313C;Seguridad alimentaria y nutrición;15.733,14;31. SANIDAD
2015;313D;Donación y trasplante de órganos, tejidos y células;3.952,04;31. SANIDAD
2015;492O;Protección y promoción de los derechos de los consumidores y usuarios;12.816,23;49. OTRAS ACTUACIONES DE CARÁCTER ECONÓMICO
2015;000X;Transferencias internas (Sección: 26 MINISTERIO DE SANIDAD, SERVICIOS SOCIALES E IGUALDAD);1.824.267,30;49. OTRAS ACTUACIONES DE CARÁCTER ECONÓMICO
2015;143A;Cooperación para el desarrollo;1.221,12;14. POLÍTICA EXTERIOR Y DE COOPERACIÓN PARA EL DESARROLLO
2015;425A;Normativa y desarrollo energético;4.207.170,00;42. INDUSTRIA Y ENERGÍA
2015;431A;Promoción comercial e internacionalización de la empresa;456.911,59;43. COMERCIO, TURISMO Y PYMES
2015;431N;Ordenación del comercio exterior;9.337,93;43. COMERCIO, TURISMO Y PYMES
2015;431O;Ordenación y modernización de las estructuras comerciales;14.511,72;43. COMERCIO, TURISMO Y PYMES
2015;463A;Investigación científica;598.807,04;46. INVESTIGACIÓN, DESARROLLO, INNOVACIÓN Y DIGITALIZACIÓN
2015;463B;Fomento y coordinación de la investigación científica y técnica;1.443.093,13;46. INVESTIGACIÓN, DESARROLLO, INNOVACIÓN Y DIGITALIZACIÓN
2015;465A;Investigación sanitaria;273.820,83;46. INVESTIGACIÓN, DESARROLLO, INNOVACIÓN Y DIGITALIZACIÓN
2015;467C;Investigación y desarrollo tecnológico-industrial;1.972.433,64;46. INVESTIGACIÓN, DESARROLLO, INNOVACIÓN Y DIGITALIZACIÓN
2015;467D;Investigación y experimentación agraria;77.895,48;46. INVESTIGACIÓN, DESARROLLO, INNOVACIÓN Y DIGITALIZACIÓN
2015;467E;Investigación oceanográfica y pesquera;67.746,58;46. INVESTIGACIÓN, DESARROLLO, INNOVACIÓN Y DIGITALIZACIÓN
2015;467F;Investigación geológico-minera y medioambiental;24.607,32;46. INVESTIGACIÓN, DESARROLLO, INNOVACIÓN Y DIGITALIZACIÓN
2015;467H;Investigación energética, medioambiental y tecnológica;92.855,59;46. INVESTIGACIÓN, DESARROLLO, INNOVACIÓN Y DIGITALIZACIÓN
2015;492M;Defensa de la competencia en los mercados y regulación de sectores productivos;59.708,89;49. OTRAS ACTUACIONES DE CARÁCTER ECONÓMICO
2015;493M;Dirección, control y gestión de seguros;13.733,37;49. OTRAS ACTUACIONES DE CARÁCTER ECONÓMICO
2015;493O;Regulación contable y de auditorías;8.759,37;49. OTRAS ACTUACIONES DE CARÁCTER ECONÓMICO
2015;923C;Elaboración y difusión estadística;179.819,71;92. SERVICIOS DE CARÁCTER GENERAL
2015;923O;Gestión de la Deuda y de la Tesorería del Estado;274.770,00;92. SERVICIOS DE CARÁCTER GENERAL
2015;923P;Relaciones con los Organismos Financieros Multilaterales;231.648,38;92. SERVICIOS DE CARÁCTER GENERAL
2015;923Q;Dirección y Servicios Generales de Economía y Competitividad;79.206,54;92. SERVICIOS DE CARÁCTER GENERAL
2015;931M;Previsión y política económica;575.807,59;93. ADMINISTRACIÓN FINANCIERA Y TRIBUTARIA
2015;000X;Transferencias internas (Sección: 27 MINISTERIO DE ECONOMÍA Y COMPETITIVIDAD);1.021.631,44;93. ADMINISTRACIÓN FINANCIERA Y TRIBUTARIA
2015;467G;Investigación y desarrollo de la Sociedad de la Información;3.149,15;46. INVESTIGACIÓN, DESARROLLO, INNOVACIÓN Y DIGITALIZACIÓN
2015;923A;Gestión del Patrimonio del Estado;37.554,01;92. SERVICIOS DE CARÁCTER GENERAL
2015;923R;Contratación centralizada;80.334,46;92. SERVICIOS DE CARÁCTER GENERAL
2015;929M;Imprevistos y funciones no clasificadas;2.351.293,68;92. SERVICIOS DE CARÁCTER GENERAL
2015;000X;Transferencias internas (Sección: 31 GASTOS DE DIVERSOS MINISTERIOS);146.432,46;92. SERVICIOS DE CARÁCTER GENERAL
2015;441M;Subvenciones y apoyo al transporte terrestre;252.073,00;44. INFRAESTRUCTURAS
2015;453A;Infraestructura del transporte ferroviario;23.025,62;45. INFRAESTRUCTURAS Y ECOSISTEMAS RESILIENTES
2015;941O;Otras transferencias a Comunidades Autónomas;492.300,00;94. TRANSFERENCIAS A OTRAS ADMINISTRACIONES PÚBLICAS
2015;942N;Otras aportaciones a Entidades Locales;227.701,57;94. TRANSFERENCIAS A OTRAS ADMINISTRACIONES PÚBLICAS
2015;941N;Transferencias a Comunidades Autónomas por los Fondos de Compensación Interterritorial;582.430,00;94. TRANSFERENCIAS A OTRAS ADMINISTRACIONES PÚBLICAS
2015;943M;Transferencias al Presupuesto General de la Unión Europea;12.639.360,00;94. TRANSFERENCIAS A OTRAS ADMINISTRACIONES PÚBLICAS
2015;943N;Cooperación al desarrollo a través del Fondo Europeo de Desarrollo;282.600,00;94. TRANSFERENCIAS A OTRAS ADMINISTRACIONES PÚBLICAS
2015;929N;Fondo de contingencia de ejecución presupuestaria;2.581.200,00;92. SERVICIOS DE CARÁCTER GENERAL
2015;941M;Transferencias a Comunidades Autónomas por participación en los ingresos del Estado;17.081.699,23;94. TRANSFERENCIAS A OTRAS ADMINISTRACIONES PÚBLICAS
2015;942M;Transferencias a Entidades Locales por participación en los ingresos del Estado;15.850.980,37;94. TRANSFERENCIAS A OTRAS ADMINISTRACIONES PÚBLICAS
2015;211M;Pensiones contributivas de la Seguridad Social;108.265.205,72;21. PENSIONES
2015;212M;Pensiones no contributivas y prestaciones asistenciales;2.242.945,55;21. PENSIONES
2015;212O;Gestión y control de los complementos a mínimos de pensiones;7.563.020,00;21. PENSIONES
2015;219M;Gestión de las prestaciones económicas de Seguridad Social;384.921,51;21. PENSIONES
2015;221M;Subsidios de incapacidad temporal y otras prestaciones económicas de la Seguridad Social;9.495.762,85;22. OTRAS PRESTACIONES ECONÓMICAS
2015;224M;Prestaciones económicas por cese de actividad;11.060,00;22. OTRAS PRESTACIONES ECONÓMICAS
2015;231C;Servicios Sociales de la Seguridad Social a personas con discapacidad;58.773,11;23. SERVICIOS SOCIALES Y PROMOCIÓN SOCIAL
2015;231D;Servicios Sociales de la Seguridad Social a personas mayores;117.628,32;23. SERVICIOS SOCIALES Y PROMOCIÓN SOCIAL
2015;231E;Otros servicios sociales de la Seguridad Social;40.642,83;23. SERVICIOS SOCIALES Y PROMOCIÓN SOCIAL
2015;231I;Autonomía personal y Atención a la Dependencia;1.177.037,78;23. SERVICIOS SOCIALES Y PROMOCIÓN SOCIAL
2015;239M;Gestión de los servicios sociales de la Seguridad Social;27.931,60;23. SERVICIOS SOCIALES Y PROMOCIÓN SOCIAL
2015;291M;Dirección y Servicios Generales de Seguridad Social y Protección Social;5.093.500,92;29. GESTIÓN Y ADMINISTRACIÓN DE LA INCLUSIÓN, DE LA SEGURIDAD SOCIAL Y DE LA MIGRACIÓN
2015;311M;Dirección y Servicios Generales de Sanidad, Servicios Sociales e Igualdad;15.380,34;31. SANIDAD
2015;312B;Atención primaria de salud. Instituto Nacional de Gestión Sanitaria;58.299,63;31. SANIDAD
2015;312C;Atención especializada de salud. Instituto Nacional de Gestión Sanitaria;149.679,85;31. SANIDAD
2015;312D;Medicina marítima;31.373,77;31. SANIDAD
2015;312F;Atención primaria de salud de Mutuas de Accidentes de Trabajo y E.P e I.S.M;823.158,52;31. SANIDAD
2015;312G;Atención especializada de salud de Mutuas de Accidentes de Trabajo y E.P e I.S.M;395.829,34;31. SANIDAD
2015;322I;Enseñanzas especiales;2.491,02;32. EDUCACIÓN
2015;000X;Transferencias internas (Sección: 60 SEGURIDAD SOCIAL);4.253.560,10;32. EDUCACIÓN
2016;911M;Jefatura del Estado;7.775,04;91. ÓRGANOS CONSTITUCIONALES, GOBIERNO Y OTROS
2016;911N;Actividad legislativa;206.290,39;91. ÓRGANOS CONSTITUCIONALES, GOBIERNO Y OTROS
2016;911O;Control externo del Sector Público;62.897,82;91. ÓRGANOS CONSTITUCIONALES, GOBIERNO Y OTROS
2016;911P;Control Constitucional;23.001,80;91. ÓRGANOS CONSTITUCIONALES, GOBIERNO Y OTROS
2016;912N;Alto asesoramiento del Estado;10.646,29;91. ÓRGANOS CONSTITUCIONALES, GOBIERNO Y OTROS
2016;951M;Amortización y gastos financieros de la deuda pública en euros;117.657.311,91;95. GASTOS FINANCIEROS DE LA DEUDA PUBLICA
2016;951N;Amortización y gastos financieros de la deuda pública en moneda extranjera;135.013,00;95. GASTOS FINANCIEROS DE LA DEUDA PUBLICA
2016;211N;Pensiones de Clases Pasivas;13.419.284,71;21. PENSIONES
2016;211O;Otras pensiones y prestaciones de Clases Pasivas;41.326,33;21. PENSIONES
2016;212N;Pensiones de guerra;190.571,61;21. PENSIONES
2016;000X;Transferencias internas (Sección: 07 CLASES PASIVAS);249,75;21. PENSIONES
2016;111M;Gobierno del Poder Judicial;31.672,75;11. JUSTICIA
2016;111O;Selección y formación de jueces;14.547,44;11. JUSTICIA
2016;111P;Documentación y publicaciones judiciales;8.663,37;11. JUSTICIA
2016;141M;Dirección y Servicios Generales de Asuntos Exteriores;64.429,42;14. POLÍTICA EXTERIOR Y DE COOPERACIÓN PARA EL DESARROLLO
2016;142A;Acción del Estado en el exterior;736.538,94;14. POLÍTICA EXTERIOR Y DE COOPERACIÓN PARA EL DESARROLLO
2016;142B;Acción diplomática ante la Unión Europea;21.248,73;14. POLÍTICA EXTERIOR Y DE COOPERACIÓN PARA EL DESARROLLO
2016;143A;Cooperación para el desarrollo;515.085,12;14. POLÍTICA EXTERIOR Y DE COOPERACIÓN PARA EL DESARROLLO
2016;144A;Cooperación, promoción y difusión cultural en el exterior;119.471,32;14. POLÍTICA EXTERIOR Y DE COOPERACIÓN PARA EL DESARROLLO
2016;467G;Investigación y desarrollo de la Sociedad de la Información;1.949,66;46. INVESTIGACIÓN, DESARROLLO, INNOVACIÓN Y DIGITALIZACIÓN
2016;000X;Transferencias internas (Sección: 12 MINISTERIO DE ASUNTOS EXTERIORES Y DE COOPERACIÓN);279.460,00;46. INVESTIGACIÓN, DESARROLLO, INNOVACIÓN Y DIGITALIZACIÓN
2016;111N;Dirección y Servicios Generales de Justicia;45.240,20;11. JUSTICIA
2016;111Q;Formación del Personal de la Administración de Justicia;9.250,14;11. JUSTICIA
2016;111R;Formación de la Carrera Fiscal;3.098,01;11. JUSTICIA
2016;112A;Tribunales de Justicia y Ministerio Fiscal;1.465.024,13;11. JUSTICIA
2016;113M;Registros vinculados con la Fe Pública;26.815,75;11. JUSTICIA
2016;135M;Protección de datos de carácter personal;13.833,13;13. SEGURIDAD CIUDADANA E INSTITUCIONES PENITENCIARIAS
2016;222M;Prestaciones económicas del Mutualismo Administrativo;18.982,92;22. OTRAS PRESTACIONES ECONÓMICAS
2016;312E;Asistencia sanitaria del Mutualismo Administrativo;82.420,72;31. SANIDAD
2016;921S;Asesoramiento y defensa de los intereses del Estado;32.508,98;92. SERVICIOS DE CARÁCTER GENERAL
2016;000X;Transferencias internas (Sección: 13 MINISTERIO DE JUSTICIA);9.349,43;92. SERVICIOS DE CARÁCTER GENERAL
2016;121M;Administración y Servicios Generales de Defensa;1.167.948,84;12. DEFENSA
2016;121N;Formación del Personal de las Fuerzas Armadas;384.906,94;12. DEFENSA
2016;121O;Personal en reserva;524.130,18;12. DEFENSA
2016;122A;Modernización de las Fuerzas Armadas;202.053,66;12. DEFENSA
2016;122B;Programas especiales de modernización;6.842,50;12. DEFENSA
2016;122M;Gastos Operativos de las Fuerzas Armadas;2.197.422,95;12. DEFENSA
2016;122N;Apoyo Logístico;1.250.986,84;12. DEFENSA
2016;222M;Prestaciones económicas del Mutualismo Administrativo;77.482,38;22. OTRAS PRESTACIONES ECONÓMICAS
2016;312A;Asistencia hospitalaria en las Fuerzas Armadas;130.723,07;31. SANIDAD
2016;312E;Asistencia sanitaria del Mutualismo Administrativo;677.050,39;31. SANIDAD
2016;464A;Investigación y estudios de las Fuerzas Armadas;163.886,99;46. INVESTIGACIÓN, DESARROLLO, INNOVACIÓN Y DIGITALIZACIÓN
2016;931P;Control interno y Contabilidad Pública;168,43;93. ADMINISTRACIÓN FINANCIERA Y TRIBUTARIA
2016;000X;Transferencias internas (Sección: 14 MINISTERIO DE DEFENSA);115.620,63;93. ADMINISTRACIÓN FINANCIERA Y TRIBUTARIA
2016;219N;Gestión de pensiones de Clases Pasivas;6.240,40;21. PENSIONES
2016;222M;Prestaciones económicas del Mutualismo Administrativo;267.491,62;22. OTRAS PRESTACIONES ECONÓMICAS
2016;231G;Atención a la infancia y a las familias;4.800,00;23. SERVICIOS SOCIALES Y PROMOCIÓN SOCIAL
2016;312E;Asistencia sanitaria del Mutualismo Administrativo;1.404.569,10;31. SANIDAD
2016;337B;Conservación y restauración de bienes culturales;8.047,25;33. CULTURA
2016;422A;Incentivos regionales a la localización industrial;81.625,05;42. INDUSTRIA Y ENERGÍA
2016;462N;Investigación y estudios estadísticos y económicos;6.098,60;46. INVESTIGACIÓN, DESARROLLO, INNOVACIÓN Y DIGITALIZACIÓN
2016;467G;Investigación y desarrollo de la Sociedad de la Información;22.834,50;46. INVESTIGACIÓN, DESARROLLO, INNOVACIÓN Y DIGITALIZACIÓN
2016;492N;Regulación y vigilancia de la competencia en el Mercado de Tabacos;8.148,20;49. OTRAS ACTUACIONES DE CARÁCTER ECONÓMICO
2016;496M;Regulación del juego;6.921,42;49. OTRAS ACTUACIONES DE CARÁCTER ECONÓMICO
2016;921N;Dirección y organización de la Administración Pública;44.745,55;92. SERVICIOS DE CARÁCTER GENERAL
2016;921O;Formación del personal de las Administraciones Públicas;74.319,46;92. SERVICIOS DE CARÁCTER GENERAL
2016;921P;Administración periférica del Estado;267.851,36;92. SERVICIOS DE CARÁCTER GENERAL
2016;921T;Servicios de transportes de Ministerios;37.798,21;92. SERVICIOS DE CARÁCTER GENERAL
2016;921V;Evaluación de políticas y programas públicos, calidad de los servicios e impacto normativo;3.705,35;92. SERVICIOS DE CARÁCTER GENERAL
2016;921X;Evaluación de la transparencia de la actividad pública;2.974,54;92. SERVICIOS DE CARÁCTER GENERAL
2016;922M;Organización territorial del Estado y desarrollo de sus sistemas de colaboración;2.686,56;92. SERVICIOS DE CARÁCTER GENERAL
2016;922N;Coordinación y relaciones financieras con los Entes Territoriales;26.008.432,45;92. SERVICIOS DE CARÁCTER GENERAL
2016;923A;Gestión del Patrimonio del Estado;138.092,83;92. SERVICIOS DE CARÁCTER GENERAL
2016;923M;Dirección y Servicios Generales de Hacienda y Administraciones Públicas;578.000,55;92. SERVICIOS DE CARÁCTER GENERAL
2016;923N;Formación del personal de Economía y Hacienda;12.080,64;92. SERVICIOS DE CARÁCTER GENERAL
2016;931N;Política presupuestaria;63.210,58;93. ADMINISTRACIÓN FINANCIERA Y TRIBUTARIA
2016;931O;Política tributaria;5.654,88;93. ADMINISTRACIÓN FINANCIERA Y TRIBUTARIA
2016;931P;Control interno y Contabilidad Pública;73.952,89;93. ADMINISTRACIÓN FINANCIERA Y TRIBUTARIA
2016;931Q;Control y Supervisión de la Política Fiscal;4.484,42;93. ADMINISTRACIÓN FINANCIERA Y TRIBUTARIA
2016;932A;Aplicación del sistema tributario estatal;999.478,18;93. ADMINISTRACIÓN FINANCIERA Y TRIBUTARIA
2016;932M;Gestión del catastro inmobiliario;132.044,65;93. ADMINISTRACIÓN FINANCIERA Y TRIBUTARIA
2016;932N;Resolución de reclamaciones económico-administrativas;28.394,61;93. ADMINISTRACIÓN FINANCIERA Y TRIBUTARIA
2016;942A;Cooperación económica local del Estado;6.637,03;94. TRANSFERENCIAS A OTRAS ADMINISTRACIONES PÚBLICAS
2016;000X;Transferencias internas (Sección: 15 MINISTERIO DE HACIENDA Y ADMINISTRACIONES PÚBLICAS);997.571,05;94. TRANSFERENCIAS A OTRAS ADMINISTRACIONES PÚBLICAS
2016;131M;Dirección y Servicios Generales de Seguridad y Protección Civil;68.013,18;13. SEGURIDAD CIUDADANA E INSTITUCIONES PENITENCIARIAS
2016;131N;Formación de Fuerzas y Cuerpos de Seguridad del Estado;94.917,76;13. SEGURIDAD CIUDADANA E INSTITUCIONES PENITENCIARIAS
2016;131O;Fuerzas y Cuerpos en reserva;426.648,93;13. SEGURIDAD CIUDADANA E INSTITUCIONES PENITENCIARIAS
2016;131P;Derecho de asilo y apátridas;6.201,00;13. SEGURIDAD CIUDADANA E INSTITUCIONES PENITENCIARIAS
2016;132A;Seguridad ciudadana;5.299.219,04;13. SEGURIDAD CIUDADANA E INSTITUCIONES PENITENCIARIAS
2016;132B;Seguridad vial;754.517,80;13. SEGURIDAD CIUDADANA E INSTITUCIONES PENITENCIARIAS
2016;132C;Actuaciones policiales en materia de droga;76.540,58;13. SEGURIDAD CIUDADANA E INSTITUCIONES PENITENCIARIAS
2016;133A;Centros e Instituciones Penitenciarias;1.149.713,63;13. SEGURIDAD CIUDADANA E INSTITUCIONES PENITENCIARIAS
2016;134M;Protección Civil;14.085,15;13. SEGURIDAD CIUDADANA E INSTITUCIONES PENITENCIARIAS
2016;924M;Elecciones y Partidos Políticos;123.121,23;92. SERVICIOS DE CARÁCTER GENERAL
2016;000X;Transferencias internas (Sección: 16 MINISTERIO DEL INTERIOR);140.744,39;92. SERVICIOS DE CARÁCTER GENERAL
2016;261N;Promoción, administración y ayudas para rehabilitación y acceso a vivienda;553.084,21;26. ACCESO A LA VIVIENDA Y FOMENTO DE LA EDIFICACIÓN
2016;261O;Ordenación y fomento de la edificación;32.862,81;26. ACCESO A LA VIVIENDA Y FOMENTO DE LA EDIFICACIÓN
2016;261P;Urbanismo y política del suelo;1.462,07;26. ACCESO A LA VIVIENDA Y FOMENTO DE LA EDIFICACIÓN
2016;441M;Subvenciones y apoyo al transporte terrestre;649.751,45;44. INFRAESTRUCTURAS
2016;441N;Subvenciones y apoyo al transporte marítimo;109.899,65;44. INFRAESTRUCTURAS
2016;441O;Subvenciones y apoyo al transporte aéreo;358.808,17;44. INFRAESTRUCTURAS
2016;441P;Subvenciones al transporte extrapeninsular de mercancías;55.327,93;44. INFRAESTRUCTURAS
2016;451M;Estudios y servicios de asistencia técnica en Obras Públicas y Urbanismo;29.801,86;45. INFRAESTRUCTURAS Y ECOSISTEMAS RESILIENTES
2016;451N;Dirección y Servicios Generales de Fomento;1.019.512,38;45. INFRAESTRUCTURAS Y ECOSISTEMAS RESILIENTES
2016;453A;Infraestructura del transporte ferroviario;828.568,04;45. INFRAESTRUCTURAS Y ECOSISTEMAS RESILIENTES
2016;453B;Creación de infraestructura de carreteras;1.075.187,64;45. INFRAESTRUCTURAS Y ECOSISTEMAS RESILIENTES
2016;453C;Conservación y explotación de carreteras;934.910,66;45. INFRAESTRUCTURAS Y ECOSISTEMAS RESILIENTES
2016;453M;Ordenación e inspección del transporte terrestre;23.853,45;45. INFRAESTRUCTURAS Y ECOSISTEMAS RESILIENTES
2016;453N;Regulación y supervisión de la seguridad ferroviaria;16.304,52;45. INFRAESTRUCTURAS Y ECOSISTEMAS RESILIENTES
2016;454M;Regulación y seguridad del tráfico marítimo;41.231,49;45. INFRAESTRUCTURAS Y ECOSISTEMAS RESILIENTES
2016;455M;Regulación y supervisión de la aviación civil;74.881,12;45. INFRAESTRUCTURAS Y ECOSISTEMAS RESILIENTES
2016;467B;Investigación, desarrollo y experimentación en transporte e infraestructuras;960,00;46. INVESTIGACIÓN, DESARROLLO, INNOVACIÓN Y DIGITALIZACIÓN
2016;467G;Investigación y desarrollo de la Sociedad de la Información;980,00;46. INVESTIGACIÓN, DESARROLLO, INNOVACIÓN Y DIGITALIZACIÓN
2016;491N;Servicio postal universal;180.790,00;49. OTRAS ACTUACIONES DE CARÁCTER ECONÓMICO
2016;495A;Desarrollo y aplicación de la información geográfica española;31.956,89;49. OTRAS ACTUACIONES DE CARÁCTER ECONÓMICO
2016;497M;Salvamento y lucha contra la contaminación en la mar;147.910,00;49. OTRAS ACTUACIONES DE CARÁCTER ECONÓMICO
2016;000X;Transferencias internas (Sección: 17 MINISTERIO DE FOMENTO);37.308,33;49. OTRAS ACTUACIONES DE CARÁCTER ECONÓMICO
2016;144A;Cooperación, promoción y difusión cultural en el exterior;8.536,77;14. POLÍTICA EXTERIOR Y DE COOPERACIÓN PARA EL DESARROLLO
2016;144B;Cooperación, promoción y difusión educativa en el exterior;9.999,33;14. POLÍTICA EXTERIOR Y DE COOPERACIÓN PARA EL DESARROLLO
2016;321M;Dirección y Servicios Generales de Educación, Cultura y Deporte;89.541,81;32. EDUCACIÓN
2016;321N;Formación permanente del profesorado de Educación;3.258,17;32. EDUCACIÓN
2016;322A;Educación infantil y primaria;161.689,91;32. EDUCACIÓN
2016;322B;Educación secundaria, formación profesional y Escuelas Oficiales de Idiomas;454.464,78;32. EDUCACIÓN
2016;322C;Enseñanzas universitarias;119.117,45;32. EDUCACIÓN
2016;322E;Enseñanzas artísticas;3.372,18;32. EDUCACIÓN
2016;322F;Educación en el exterior;96.133,92;32. EDUCACIÓN
2016;322G;Educación compensatoria;5.113,22;32. EDUCACIÓN
2016;322K;Deporte en edad escolar y en la Universidad;2.600,00;32. EDUCACIÓN
2016;322L;Otras enseñanzas y actividades educativas;42.001,66;32. EDUCACIÓN
2016;323M;Becas y ayudas a estudiantes;1.472.397,88;32. EDUCACIÓN
2016;324M;Servicios complementarios de la enseñanza;32.098,81;32. EDUCACIÓN
2016;332A;Archivos;26.941,78;33. CULTURA
2016;332B;Bibliotecas;43.551,47;33. CULTURA
2016;333A;Museos;151.421,94;33. CULTURA
2016;333B;Exposiciones;2.202,32;33. CULTURA
2016;334A;Promoción y cooperación cultural;10.612,42;33. CULTURA
2016;334B;Promoción del libro y publicaciones culturales;7.465,68;33. CULTURA
2016;334C;Fomento de las industrias culturales;13.997,54;33. CULTURA
2016;335A;Música y danza;94.282,03;33. CULTURA
2016;335B;Teatro;53.476,73;33. CULTURA
2016;335C;Cinematografía;74.539,15;33. CULTURA
2016;336A;Fomento y apoyo de las actividades deportivas;170.318,86;33. CULTURA
2016;337B;Conservación y restauración de bienes culturales;19.372,89;33. CULTURA
2016;337C;Protección del Patrimonio Histórico;4.425,70;33. CULTURA
2016;463A;Investigación científica;94.310,27;46. INVESTIGACIÓN, DESARROLLO, INNOVACIÓN Y DIGITALIZACIÓN
2016;000X;Transferencias internas (Sección: 18 MINISTERIO DE EDUCACIÓN, CULTURA Y DEPORTE);471.752,88;46. INVESTIGACIÓN, DESARROLLO, INNOVACIÓN Y DIGITALIZACIÓN
2016;143A;Cooperación para el desarrollo;1.645,22;14. POLÍTICA EXTERIOR Y DE COOPERACIÓN PARA EL DESARROLLO
2016;212M;Pensiones no contributivas y prestaciones asistenciales;10.194,15;21. PENSIONES
2016;223M;Prestaciones de garantía salarial;1.087.118,47;22. OTRAS PRESTACIONES ECONÓMICAS
2016;224M;Prestaciones económicas por cese de actividad;17.415,19;22. OTRAS PRESTACIONES ECONÓMICAS
2016;231B;Acciones en favor de los emigrantes;69.458,23;23. SERVICIOS SOCIALES Y PROMOCIÓN SOCIAL
2016;231H;Acciones en favor de los inmigrantes;312.696,33;23. SERVICIOS SOCIALES Y PROMOCIÓN SOCIAL
2016;241A;Fomento de la inserción y estabilidad laboral;5.178.875,88;24. FOMENTO DEL EMPLEO
2016;241N;Desarrollo del trabajo autónomo, de la economía social y de la responsabilidad social de las empresas;36.040,06;24. FOMENTO DEL EMPLEO
2016;251M;Prestaciones a los desempleados;19.620.938,90;25. DESEMPLEO
2016;291A;Inspección y control de Seguridad y Protección Social;122.939,74;29. GESTIÓN Y ADMINISTRACIÓN DE LA INCLUSIÓN, DE LA SEGURIDAD SOCIAL Y DE LA MIGRACIÓN
2016;291M;Dirección y Servicios Generales de Seguridad Social y Protección Social;127.444,25;29. GESTIÓN Y ADMINISTRACIÓN DE LA INCLUSIÓN, DE LA SEGURIDAD SOCIAL Y DE LA MIGRACIÓN
2016;494M;Administración de las relaciones laborales y condiciones de trabajo;35.231,86;49. OTRAS ACTUACIONES DE CARÁCTER ECONÓMICO
2016;912P;Asesoramiento del Gobierno en materia social, económica y laboral;7.866,00;91. ÓRGANOS CONSTITUCIONALES, GOBIERNO Y OTROS
2016;000X;Transferencias internas (Sección: 19 MINISTERIO DE EMPLEO Y SEGURIDAD SOCIAL);16.050.637,73;91. ÓRGANOS CONSTITUCIONALES, GOBIERNO Y OTROS
2016;421M;Dirección y Servicios Generales de Industria y Energía;68.850,15;42. INDUSTRIA Y ENERGÍA
2016;421N;Regulación y protección de la propiedad industrial;47.673,57;42. INDUSTRIA Y ENERGÍA
2016;421O;Calidad y seguridad industrial;3.673,85;42. INDUSTRIA Y ENERGÍA
2016;422B;Desarrollo industrial;63.828,57;42. INDUSTRIA Y ENERGÍA
2016;422M;Reconversión y reindustrialización;844.573,30;42. INDUSTRIA Y ENERGÍA
2016;423M;Desarrollo alternativo de las comarcas mineras del carbón;50.000,00;42. INDUSTRIA Y ENERGÍA
2016;423N;Explotación minera;331.529,77;42. INDUSTRIA Y ENERGÍA
2016;424M;Seguridad nuclear y protección radiológica;46.457,13;42. INDUSTRIA Y ENERGÍA
2016;425A;Normativa y desarrollo energético;23.665,82;42. INDUSTRIA Y ENERGÍA
2016;432A;Coordinación y promoción del turismo;329.257,21;43. COMERCIO, TURISMO Y PYMES
2016;433M;Apoyo a la pequeña y mediana empresa;164.474,02;43. COMERCIO, TURISMO Y PYMES
2016;457M;Infraestructuras en comarcas mineras del carbón;30.000,00;45. INFRAESTRUCTURAS Y ECOSISTEMAS RESILIENTES
2016;464B;Apoyo a la innovación tecnológica en el sector de la defensa;468.138,99;46. INVESTIGACIÓN, DESARROLLO, INNOVACIÓN Y DIGITALIZACIÓN
2016;467C;Investigación y desarrollo tecnológico-industrial;322.204,15;46. INVESTIGACIÓN, DESARROLLO, INNOVACIÓN Y DIGITALIZACIÓN
2016;467G;Investigación y desarrollo de la Sociedad de la Información;96.936,48;46. INVESTIGACIÓN, DESARROLLO, INNOVACIÓN Y DIGITALIZACIÓN
2016;467I;Innovación tecnológica de las telecomunicaciones;670.168,83;46. INVESTIGACIÓN, DESARROLLO, INNOVACIÓN Y DIGITALIZACIÓN
2016;491M;Ordenación y promoción de las telecomunicaciones y de la Sociedad de la Información;27.472,80;49. OTRAS ACTUACIONES DE CARÁCTER ECONÓMICO
2016;495C;Metrología;8.225,37;49. OTRAS ACTUACIONES DE CARÁCTER ECONÓMICO
2016;921U;Publicaciones;162,64;92. SERVICIOS DE CARÁCTER GENERAL
2016;000X;Transferencias internas (Sección: 20 MINISTERIO DE INDUSTRIA, ENERGÍA Y TURISMO);4.281.251,39;92. SERVICIOS DE CARÁCTER GENERAL
2016;231F;Otros servicios sociales del Estado;107.000,00;23. SERVICIOS SOCIALES Y PROMOCIÓN SOCIAL
2016;412C;Competitividad y calidad de la producción y los mercados agrarios;36.962,54;41. AGRICULTURA, PESCA Y ALIMENTACIÓN
2016;412D;Competitividad y calidad de la sanidad agraria;41.816,66;41. AGRICULTURA, PESCA Y ALIMENTACIÓN
2016;412M;Regulación de los mercados agrarios;5.899.795,54;41. AGRICULTURA, PESCA Y ALIMENTACIÓN
2016;413A;Competitividad industria agroalimentaria y calidad alimentaria;32.337,07;41. AGRICULTURA, PESCA Y ALIMENTACIÓN
2016;414A;Gestión de recursos hídricos para el regadío;70.193,89;41. AGRICULTURA, PESCA Y ALIMENTACIÓN
2016;414B;Desarrollo del medio rural;1.034.345,72;41. AGRICULTURA, PESCA Y ALIMENTACIÓN
2016;415A;Protección de los recursos pesqueros y desarrollo sostenible;18.290,39;41. AGRICULTURA, PESCA Y ALIMENTACIÓN
2016;415B;Mejora de estructuras y mercados pesqueros;53.078,43;41. AGRICULTURA, PESCA Y ALIMENTACIÓN
2016;416A;Previsión de riesgos en las producciones agrarias y pesqueras;216.432,06;41. AGRICULTURA, PESCA Y ALIMENTACIÓN
2016;451O;Dirección y Servicios Generales de Agricultura, Alimentación y Medio Ambiente;140.774,68;45. INFRAESTRUCTURAS Y ECOSISTEMAS RESILIENTES
2016;452A;Gestión e infraestructuras del agua;1.330.689,67;45. INFRAESTRUCTURAS Y ECOSISTEMAS RESILIENTES
2016;452M;Normativa y ordenación territorial de los recursos hídricos;109.524,64;45. INFRAESTRUCTURAS Y ECOSISTEMAS RESILIENTES
2016;456A;Calidad del agua;218.397,36;45. INFRAESTRUCTURAS Y ECOSISTEMAS RESILIENTES
2016;456B;Protección y mejora del medio ambiente;18.481,99;45. INFRAESTRUCTURAS Y ECOSISTEMAS RESILIENTES
2016;456C;Protección y mejora del medio natural;197.349,97;45. INFRAESTRUCTURAS Y ECOSISTEMAS RESILIENTES
2016;456D;Actuación en la costa;91.707,43;45. INFRAESTRUCTURAS Y ECOSISTEMAS RESILIENTES
2016;456M;Actuaciones para la prevención de la contaminación y el cambio climático;50.851,82;45. INFRAESTRUCTURAS Y ECOSISTEMAS RESILIENTES
2016;495B;Meteorología;121.995,80;49. OTRAS ACTUACIONES DE CARÁCTER ECONÓMICO
2016;000X;Transferencias internas (Sección: 23 MINISTERIO DE AGRICULTURA, ALIMENTACIÓN Y MEDIO AMBIENTE);489.464,70;49. OTRAS ACTUACIONES DE CARÁCTER ECONÓMICO
2016;337A;Administración del Patrimonio Histórico-Nacional;126.203,58;33. CULTURA
2016;462M;Investigación y estudios sociológicos y constitucionales;12.612,99;46. INVESTIGACIÓN, DESARROLLO, INNOVACIÓN Y DIGITALIZACIÓN
2016;467G;Investigación y desarrollo de la Sociedad de la Información;504,83;46. INVESTIGACIÓN, DESARROLLO, INNOVACIÓN Y DIGITALIZACIÓN
2016;911Q;Apoyo a la gestión administrativa de la Jefatura del Estado;6.028,63;91. ÓRGANOS CONSTITUCIONALES, GOBIERNO Y OTROS
2016;912M;Presidencia del Gobierno;36.053,52;91. ÓRGANOS CONSTITUCIONALES, GOBIERNO Y OTROS
2016;912O;Relaciones con las Cortes Generales, Secretariado del Gobierno y apoyo a la Alta Dirección;32.054,23;91. ÓRGANOS CONSTITUCIONALES, GOBIERNO Y OTROS
2016;912Q;Asesoramiento para la protección de los intereses nacionales;240.977,17;91. ÓRGANOS CONSTITUCIONALES, GOBIERNO Y OTROS
2016;921Q;Cobertura informativa;55.096,85;92. SERVICIOS DE CARÁCTER GENERAL
2016;921R;Publicidad de las normas legales;30.885,60;92. SERVICIOS DE CARÁCTER GENERAL
2016;000X;Transferencias internas (Sección: 25 MINISTERIO DE LA PRESIDENCIA);357.481,39;92. SERVICIOS DE CARÁCTER GENERAL
2016;231A;Plan Nacional sobre Drogas;14.692,44;23. SERVICIOS SOCIALES Y PROMOCIÓN SOCIAL
2016;231F;Otros servicios sociales del Estado;205.661,70;23. SERVICIOS SOCIALES Y PROMOCIÓN SOCIAL
2016;231G;Atención a la infancia y a las familias;7.170,49;23. SERVICIOS SOCIALES Y PROMOCIÓN SOCIAL
2016;232A;Promoción y servicios a la juventud;28.953,16;23. SERVICIOS SOCIALES Y PROMOCIÓN SOCIAL
2016;232B;Igualdad de oportunidades entre mujeres y hombres;19.741,84;23. SERVICIOS SOCIALES Y PROMOCIÓN SOCIAL
2016;232C;Actuaciones para la prevención integral de la violencia de género;25.228,18;23. SERVICIOS SOCIALES Y PROMOCIÓN SOCIAL
2016;311M;Dirección y Servicios Generales de Sanidad, Servicios Sociales e Igualdad;50.565,50;31. SANIDAD
2016;311O;Políticas de Salud y Ordenación Profesional;8.835,66;31. SANIDAD
2016;313A;Prestaciones sanitarias y farmacia;51.515,22;31. SANIDAD
2016;313B;Salud pública, sanidad exterior y calidad;35.709,75;31. SANIDAD
2016;313C;Seguridad alimentaria y nutrición;15.807,24;31. SANIDAD
2016;313D;Donación y trasplante de órganos, tejidos y células;4.065,41;31. SANIDAD
2016;492O;Protección y promoción de los derechos de los consumidores y usuarios;13.045,52;49. OTRAS ACTUACIONES DE CARÁCTER ECONÓMICO
2016;000X;Transferencias internas (Sección: 26 MINISTERIO DE SANIDAD, SERVICIOS SOCIALES E IGUALDAD);1.733.690,43;49. OTRAS ACTUACIONES DE CARÁCTER ECONÓMICO
2016;143A;Cooperación para el desarrollo;985,00;14. POLÍTICA EXTERIOR Y DE COOPERACIÓN PARA EL DESARROLLO
2016;425A;Normativa y desarrollo energético;3.895.142,25;42. INDUSTRIA Y ENERGÍA
2016;431A;Promoción comercial e internacionalización de la empresa;465.410,34;43. COMERCIO, TURISMO Y PYMES
2016;431N;Ordenación del comercio exterior;9.518,48;43. COMERCIO, TURISMO Y PYMES
2016;431O;Ordenación y modernización de las estructuras comerciales;13.958,76;43. COMERCIO, TURISMO Y PYMES
2016;463A;Investigación científica;627.907,81;46. INVESTIGACIÓN, DESARROLLO, INNOVACIÓN Y DIGITALIZACIÓN
2016;463B;Fomento y coordinación de la investigación científica y técnica;1.613.215,32;46. INVESTIGACIÓN, DESARROLLO, INNOVACIÓN Y DIGITALIZACIÓN
2016;465A;Investigación sanitaria;272.128,90;46. INVESTIGACIÓN, DESARROLLO, INNOVACIÓN Y DIGITALIZACIÓN
2016;467C;Investigación y desarrollo tecnológico-industrial;1.792.445,39;46. INVESTIGACIÓN, DESARROLLO, INNOVACIÓN Y DIGITALIZACIÓN
2016;467D;Investigación y experimentación agraria;79.867,51;46. INVESTIGACIÓN, DESARROLLO, INNOVACIÓN Y DIGITALIZACIÓN
2016;467E;Investigación oceanográfica y pesquera;65.021,34;46. INVESTIGACIÓN, DESARROLLO, INNOVACIÓN Y DIGITALIZACIÓN
2016;467F;Investigación geológico-minera y medioambiental;24.617,17;46. INVESTIGACIÓN, DESARROLLO, INNOVACIÓN Y DIGITALIZACIÓN
2016;467H;Investigación energética, medioambiental y tecnológica;89.759,54;46. INVESTIGACIÓN, DESARROLLO, INNOVACIÓN Y DIGITALIZACIÓN
2016;492M;Defensa de la competencia en los mercados y regulación de sectores productivos;60.019,61;49. OTRAS ACTUACIONES DE CARÁCTER ECONÓMICO
2016;493M;Dirección, control y gestión de seguros;15.622,20;49. OTRAS ACTUACIONES DE CARÁCTER ECONÓMICO
2016;493O;Regulación contable y de auditorías;8.040,25;49. OTRAS ACTUACIONES DE CARÁCTER ECONÓMICO
2016;923C;Elaboración y difusión estadística;177.582,97;92. SERVICIOS DE CARÁCTER GENERAL
2016;923O;Gestión de la Deuda y de la Tesorería del Estado;57.363,84;92. SERVICIOS DE CARÁCTER GENERAL
2016;923P;Relaciones con Instituciones Financieras Multilaterales;557.975,64;92. SERVICIOS DE CARÁCTER GENERAL
2016;923Q;Dirección y Servicios Generales de Economía y Competitividad;62.926,16;92. SERVICIOS DE CARÁCTER GENERAL
2016;931M;Previsión y política económica;349.426,49;93. ADMINISTRACIÓN FINANCIERA Y TRIBUTARIA
2016;000X;Transferencias internas (Sección: 27 MINISTERIO DE ECONOMÍA Y COMPETITIVIDAD);1.026.567,52;93. ADMINISTRACIÓN FINANCIERA Y TRIBUTARIA
2016;467G;Investigación y desarrollo de la Sociedad de la Información;3.050,00;46. INVESTIGACIÓN, DESARROLLO, INNOVACIÓN Y DIGITALIZACIÓN
2016;923A;Gestión del Patrimonio del Estado;37.554,01;92. SERVICIOS DE CARÁCTER GENERAL
2016;923R;Contratación centralizada;193.769,22;92. SERVICIOS DE CARÁCTER GENERAL
2016;929M;Imprevistos y funciones no clasificadas;3.030.643,55;92. SERVICIOS DE CARÁCTER GENERAL
2016;000X;Transferencias internas (Sección: 31 GASTOS DE DIVERSOS MINISTERIOS);145.830,74;92. SERVICIOS DE CARÁCTER GENERAL
2016;441M;Subvenciones y apoyo al transporte terrestre;250.280,56;44. INFRAESTRUCTURAS
2016;453A;Infraestructura del transporte ferroviario;22.740,13;45. INFRAESTRUCTURAS Y ECOSISTEMAS RESILIENTES
2016;941O;Otras transferencias a Comunidades Autónomas;444.300,00;94. TRANSFERENCIAS A OTRAS ADMINISTRACIONES PÚBLICAS
2016;942N;Otras aportaciones a Entidades Locales;228.351,57;94. TRANSFERENCIAS A OTRAS ADMINISTRACIONES PÚBLICAS
2016;941N;Transferencias a Comunidades Autónomas por los Fondos de Compensación Interterritorial;582.430,00;94. TRANSFERENCIAS A OTRAS ADMINISTRACIONES PÚBLICAS
2016;943M;Transferencias al Presupuesto General de la Unión Europea;13.446.100,00;94. TRANSFERENCIAS A OTRAS ADMINISTRACIONES PÚBLICAS
2016;943N;Cooperación al desarrollo a través del Fondo Europeo de Desarrollo;311.501,00;94. TRANSFERENCIAS A OTRAS ADMINISTRACIONES PÚBLICAS
2016;929N;Fondo de contingencia de ejecución presupuestaria;2.467.880,00;92. SERVICIOS DE CARÁCTER GENERAL
2016;941M;Transferencias a Comunidades Autónomas por participación en los ingresos del Estado;17.388.239,40;94. TRANSFERENCIAS A OTRAS ADMINISTRACIONES PÚBLICAS
2016;942M;Transferencias a Entidades Locales por participación en los ingresos del Estado;16.408.483,45;94. TRANSFERENCIAS A OTRAS ADMINISTRACIONES PÚBLICAS
2016;211M;Pensiones contributivas de la Seguridad Social;111.691.309,56;21. PENSIONES
2016;212M;Pensiones no contributivas y prestaciones asistenciales;2.291.196,99;21. PENSIONES
2016;212O;Gestión y control de los complementos a mínimos de pensiones;7.409.936,20;21. PENSIONES
2016;219M;Gestión de las prestaciones económicas de Seguridad Social;388.865,84;21. PENSIONES
2016;221M;Subsidios de incapacidad temporal y otras prestaciones económicas de la Seguridad Social;10.208.026,38;22. OTRAS PRESTACIONES ECONÓMICAS
2016;224M;Prestaciones económicas por cese de actividad;9.194,25;22. OTRAS PRESTACIONES ECONÓMICAS
2016;231C;Servicios Sociales de la Seguridad Social a personas con discapacidad;55.675,53;23. SERVICIOS SOCIALES Y PROMOCIÓN SOCIAL
2016;231D;Servicios Sociales de la Seguridad Social a personas mayores;117.489,44;23. SERVICIOS SOCIALES Y PROMOCIÓN SOCIAL
2016;231E;Otros servicios sociales de la Seguridad Social;47.651,29;23. SERVICIOS SOCIALES Y PROMOCIÓN SOCIAL
2016;231I;Autonomía personal y Atención a la Dependencia;1.252.289,19;23. SERVICIOS SOCIALES Y PROMOCIÓN SOCIAL
2016;239M;Gestión de los servicios sociales de la Seguridad Social;27.714,70;23. SERVICIOS SOCIALES Y PROMOCIÓN SOCIAL
2016;291M;Dirección y Servicios Generales de Seguridad Social y Protección Social;5.740.386,16;29. GESTIÓN Y ADMINISTRACIÓN DE LA INCLUSIÓN, DE LA SEGURIDAD SOCIAL Y DE LA MIGRACIÓN
2016;311M;Dirección y Servicios Generales de Sanidad, Servicios Sociales e Igualdad;15.338,34;31. SANIDAD
2016;312B;Atención primaria de salud. Instituto Nacional de Gestión Sanitaria;64.174,94;31. SANIDAD
2016;312C;Atención especializada de salud. Instituto Nacional de Gestión Sanitaria;150.932,62;31. SANIDAD
2016;312D;Medicina marítima;31.373,77;31. SANIDAD
2016;312F;Atención primaria de salud de mutuas colaboradoras con la Seguridad Social e I.S.M.;857.211,89;31. SANIDAD
2016;312G;Atención especializada de salud de mutuas colaboradoras con la Seguridad Social e I.S.M.;419.824,03;31. SANIDAD
2016;322I;Enseñanzas especiales;2.491,02;32. EDUCACIÓN
2016;000X;Transferencias internas (Sección: 60 SEGURIDAD SOCIAL);4.604.876,15;32. EDUCACIÓN
2017;911M;Jefatura del Estado;7.818,89;91. ÓRGANOS CONSTITUCIONALES, GOBIERNO Y OTROS
2017;911N;Actividad legislativa;207.435,26;91. ÓRGANOS CONSTITUCIONALES, GOBIERNO Y OTROS
2017;911O;Control externo del Sector Público;62.199,27;91. ÓRGANOS CONSTITUCIONALES, GOBIERNO Y OTROS
2017;911P;Control Constitucional;23.590,92;91. ÓRGANOS CONSTITUCIONALES, GOBIERNO Y OTROS
2017;912N;Alto asesoramiento del Estado;10.857,35;91. ÓRGANOS CONSTITUCIONALES, GOBIERNO Y OTROS
2017;951M;Amortización y gastos financieros de la deuda pública en euros;119.510.901,38;95. GASTOS FINANCIEROS DE LA DEUDA PUBLICA
2017;951N;Amortización y gastos financieros de la deuda pública en moneda extranjera;563.905,00;95. GASTOS FINANCIEROS DE LA DEUDA PUBLICA
2017;211N;Pensiones de Clases Pasivas;13.782.850,49;21. PENSIONES
2017;211O;Otras pensiones y prestaciones de Clases Pasivas;40.905,36;21. PENSIONES
2017;212N;Pensiones de guerra;170.226,17;21. PENSIONES
2017;000X;Transferencias internas (Sección: 07 CLASES PASIVAS);249,75;21. PENSIONES
2017;111M;Gobierno del Poder Judicial;32.144,75;11. JUSTICIA
2017;111O;Selección y formación de jueces;15.248,44;11. JUSTICIA
2017;111P;Documentación y publicaciones judiciales;8.881,48;11. JUSTICIA
2017;141M;Dirección y Servicios Generales de Asuntos Exteriores;63.488,91;14. POLÍTICA EXTERIOR Y DE COOPERACIÓN PARA EL DESARROLLO
2017;142A;Acción del Estado en el exterior;780.433,83;14. POLÍTICA EXTERIOR Y DE COOPERACIÓN PARA EL DESARROLLO
2017;142B;Acción diplomática ante la Unión Europea;20.302,77;14. POLÍTICA EXTERIOR Y DE COOPERACIÓN PARA EL DESARROLLO
2017;143A;Cooperación para el desarrollo;509.940,41;14. POLÍTICA EXTERIOR Y DE COOPERACIÓN PARA EL DESARROLLO
2017;144A;Cooperación, promoción y difusión cultural en el exterior;124.523,76;14. POLÍTICA EXTERIOR Y DE COOPERACIÓN PARA EL DESARROLLO
2017;467G;Investigación y desarrollo de la Sociedad de la Información;1.886,66;46. INVESTIGACIÓN, DESARROLLO, INNOVACIÓN Y DIGITALIZACIÓN
2017;000X;Transferencias internas (Sección: 12 MINISTERIO DE ASUNTOS EXTERIORES Y DE COOPERACIÓN);274.230,30;46. INVESTIGACIÓN, DESARROLLO, INNOVACIÓN Y DIGITALIZACIÓN
2017;111N;Dirección y Servicios Generales de Justicia;48.416,73;11. JUSTICIA
2017;111Q;Formación del Personal de la Administración de Justicia;8.307,44;11. JUSTICIA
2017;111R;Formación de la Carrera Fiscal;2.947,24;11. JUSTICIA
2017;112A;Tribunales de Justicia y Ministerio Fiscal;1.580.183,83;11. JUSTICIA
2017;113M;Registros vinculados con la Fe Pública;30.061,02;11. JUSTICIA
2017;135M;Protección de datos de carácter personal;13.833,13;13. SEGURIDAD CIUDADANA E INSTITUCIONES PENITENCIARIAS
2017;222M;Prestaciones económicas del Mutualismo Administrativo;19.482,92;22. OTRAS PRESTACIONES ECONÓMICAS
2017;312E;Asistencia sanitaria del Mutualismo Administrativo;82.420,72;31. SANIDAD
2017;921S;Asesoramiento y defensa de los intereses del Estado;33.764,23;92. SERVICIOS DE CARÁCTER GENERAL
2017;000X;Transferencias internas (Sección: 13 MINISTERIO DE JUSTICIA);7.849,43;92. SERVICIOS DE CARÁCTER GENERAL
2017;121M;Administración y Servicios Generales de Defensa;1.244.176,80;12. DEFENSA
2017;121N;Formación del Personal de las Fuerzas Armadas;400.243,62;12. DEFENSA
2017;121O;Personal en reserva;567.726,59;12. DEFENSA
2017;122A;Modernización de las Fuerzas Armadas;146.052,85;12. DEFENSA
2017;122B;Programas especiales de modernización;1.824.477,00;12. DEFENSA
2017;122M;Gastos Operativos de las Fuerzas Armadas;2.155.188,46;12. DEFENSA
2017;122N;Apoyo Logístico;1.237.727,55;12. DEFENSA
2017;222M;Prestaciones económicas del Mutualismo Administrativo;77.813,63;22. OTRAS PRESTACIONES ECONÓMICAS
2017;312A;Asistencia hospitalaria en las Fuerzas Armadas;133.585,96;31. SANIDAD
2017;312E;Asistencia sanitaria del Mutualismo Administrativo;677.050,39;31. SANIDAD
2017;464A;Investigación y estudios de las Fuerzas Armadas;159.390,04;46. INVESTIGACIÓN, DESARROLLO, INNOVACIÓN Y DIGITALIZACIÓN
2017;931P;Control interno y Contabilidad Pública;162,94;93. ADMINISTRACIÓN FINANCIERA Y TRIBUTARIA
2017;000X;Transferencias internas (Sección: 14 MINISTERIO DE DEFENSA);92.871,36;93. ADMINISTRACIÓN FINANCIERA Y TRIBUTARIA
2017;219N;Gestión de pensiones de Clases Pasivas;5.851,92;21. PENSIONES
2017;222M;Prestaciones económicas del Mutualismo Administrativo;285.495,58;22. OTRAS PRESTACIONES ECONÓMICAS
2017;231G;Atención a la infancia y a las familias;4.800,00;23. SERVICIOS SOCIALES Y PROMOCIÓN SOCIAL
2017;312E;Asistencia sanitaria del Mutualismo Administrativo;1.418.220,56;31. SANIDAD
2017;337B;Conservación y restauración de bienes culturales;7.644,89;33. CULTURA
2017;422A;Incentivos regionales a la localización industrial;64.359,83;42. INDUSTRIA Y ENERGÍA
2017;462N;Investigación y estudios estadísticos y económicos;5.980,91;46. INVESTIGACIÓN, DESARROLLO, INNOVACIÓN Y DIGITALIZACIÓN
2017;467G;Investigación y desarrollo de la Sociedad de la Información;21.284,25;46. INVESTIGACIÓN, DESARROLLO, INNOVACIÓN Y DIGITALIZACIÓN
2017;492N;Regulación y vigilancia de la competencia en el Mercado de Tabacos;8.148,20;49. OTRAS ACTUACIONES DE CARÁCTER ECONÓMICO
2017;496M;Regulación del juego;6.814,14;49. OTRAS ACTUACIONES DE CARÁCTER ECONÓMICO
2017;921N;Dirección y organización de la Administración Pública;42.916,59;92. SERVICIOS DE CARÁCTER GENERAL
2017;921O;Formación del personal de las Administraciones Públicas;79.415,76;92. SERVICIOS DE CARÁCTER GENERAL
2017;921T;Servicios de transportes de Ministerios;37.309,07;92. SERVICIOS DE CARÁCTER GENERAL
2017;921V;Evaluación de políticas y programas públicos, calidad de los servicios e impacto normativo;3.617,84;92. SERVICIOS DE CARÁCTER GENERAL
2017;921X;Evaluación de la transparencia de la actividad pública;2.919,02;92. SERVICIOS DE CARÁCTER GENERAL
2017;922N;Coordinación y relaciones financieras con los Entes Territoriales;17.508.445,01;92. SERVICIOS DE CARÁCTER GENERAL
2017;923A;Gestión del Patrimonio del Estado;130.784,85;92. SERVICIOS DE CARÁCTER GENERAL
2017;923M;Dirección y Servicios Generales de Hacienda y Función Pública;533.433,26;92. SERVICIOS DE CARÁCTER GENERAL
2017;923N;Formación del personal de Economía y Hacienda;13.400,95;92. SERVICIOS DE CARÁCTER GENERAL
2017;931N;Política presupuestaria;61.903,64;93. ADMINISTRACIÓN FINANCIERA Y TRIBUTARIA
2017;931O;Política tributaria;5.486,16;93. ADMINISTRACIÓN FINANCIERA Y TRIBUTARIA
2017;931P;Control interno y Contabilidad Pública;73.096,71;93. ADMINISTRACIÓN FINANCIERA Y TRIBUTARIA
2017;931Q;Control y Supervisión de la Política Fiscal;4.675,00;93. ADMINISTRACIÓN FINANCIERA Y TRIBUTARIA
2017;932A;Aplicación del sistema tributario estatal;1.059.985,56;93. ADMINISTRACIÓN FINANCIERA Y TRIBUTARIA
2017;932M;Gestión del catastro inmobiliario;121.791,26;93. ADMINISTRACIÓN FINANCIERA Y TRIBUTARIA
2017;932N;Resolución de reclamaciones económico-administrativas;28.559,78;93. ADMINISTRACIÓN FINANCIERA Y TRIBUTARIA
2017;000X;Transferencias internas (Sección: 15 MINISTERIO DE HACIENDA Y FUNCIÓN PÚBLICA);1.053.395,80;93. ADMINISTRACIÓN FINANCIERA Y TRIBUTARIA
2017;131M;Dirección y Servicios Generales de Seguridad y Protección Civil;62.679,80;13. SEGURIDAD CIUDADANA E INSTITUCIONES PENITENCIARIAS
2017;131N;Formación de Fuerzas y Cuerpos de Seguridad del Estado;124.348,09;13. SEGURIDAD CIUDADANA E INSTITUCIONES PENITENCIARIAS
2017;131O;Fuerzas y Cuerpos en reserva;404.063,81;13. SEGURIDAD CIUDADANA E INSTITUCIONES PENITENCIARIAS
2017;131P;Derecho de asilo y apátridas;6.305,71;13. SEGURIDAD CIUDADANA E INSTITUCIONES PENITENCIARIAS
2017;132A;Seguridad ciudadana;5.325.865,07;13. SEGURIDAD CIUDADANA E INSTITUCIONES PENITENCIARIAS
2017;132B;Seguridad vial;740.038,00;13. SEGURIDAD CIUDADANA E INSTITUCIONES PENITENCIARIAS
2017;132C;Actuaciones policiales en materia de droga;76.304,25;13. SEGURIDAD CIUDADANA E INSTITUCIONES PENITENCIARIAS
2017;133A;Centros e Instituciones Penitenciarias;1.144.995,16;13. SEGURIDAD CIUDADANA E INSTITUCIONES PENITENCIARIAS
2017;134M;Protección Civil;13.965,07;13. SEGURIDAD CIUDADANA E INSTITUCIONES PENITENCIARIAS
2017;924M;Elecciones y Partidos Políticos;72.149,33;92. SERVICIOS DE CARÁCTER GENERAL
2017;000X;Transferencias internas (Sección: 16 MINISTERIO DEL INTERIOR);168.890,53;92. SERVICIOS DE CARÁCTER GENERAL
2017;261N;Promoción, administración y ayudas para rehabilitación y acceso a vivienda;453.369,89;26. ACCESO A LA VIVIENDA Y FOMENTO DE LA EDIFICACIÓN
2017;261O;Ordenación y fomento de la edificación;19.757,87;26. ACCESO A LA VIVIENDA Y FOMENTO DE LA EDIFICACIÓN
2017;261P;Urbanismo y política del suelo;1.414,27;26. ACCESO A LA VIVIENDA Y FOMENTO DE LA EDIFICACIÓN
2017;441M;Subvenciones y apoyo al transporte terrestre;638.094,18;44. INFRAESTRUCTURAS
2017;441N;Subvenciones y apoyo al transporte marítimo;109.899,65;44. INFRAESTRUCTURAS
2017;441O;Subvenciones y apoyo al transporte aéreo;350.509,65;44. INFRAESTRUCTURAS
2017;441P;Subvenciones al transporte extrapeninsular de mercancías;60.327,93;44. INFRAESTRUCTURAS
2017;451M;Estudios y servicios de asistencia técnica en Obras Públicas y Urbanismo;27.771,25;45. INFRAESTRUCTURAS Y ECOSISTEMAS RESILIENTES
2017;451N;Dirección y Servicios Generales de Fomento;605.199,94;45. INFRAESTRUCTURAS Y ECOSISTEMAS RESILIENTES
2017;453A;Infraestructura del transporte ferroviario;832.471,66;45. INFRAESTRUCTURAS Y ECOSISTEMAS RESILIENTES
2017;453B;Creación de infraestructura de carreteras;1.122.162,57;45. INFRAESTRUCTURAS Y ECOSISTEMAS RESILIENTES
2017;453C;Conservación y explotación de carreteras;935.612,19;45. INFRAESTRUCTURAS Y ECOSISTEMAS RESILIENTES
2017;453M;Ordenación e inspección del transporte terrestre;20.359,92;45. INFRAESTRUCTURAS Y ECOSISTEMAS RESILIENTES
2017;453N;Regulación y supervisión de la seguridad ferroviaria;14.065,48;45. INFRAESTRUCTURAS Y ECOSISTEMAS RESILIENTES
2017;453O;Comisión de Investigación de Accidentes Ferroviarios;323,64;45. INFRAESTRUCTURAS Y ECOSISTEMAS RESILIENTES
2017;454M;Regulación y seguridad del tráfico marítimo;41.964,06;45. INFRAESTRUCTURAS Y ECOSISTEMAS RESILIENTES
2017;454O;Comisión de Investigación de Accidentes e Incidentes Marítimos;635,36;45. INFRAESTRUCTURAS Y ECOSISTEMAS RESILIENTES
2017;455M;Regulación y supervisión de la aviación civil;75.278,91;45. INFRAESTRUCTURAS Y ECOSISTEMAS RESILIENTES
2017;455O;Comisión de Investigación de Accidentes e Incidentes de Aviación Civil;1.501,23;45. INFRAESTRUCTURAS Y ECOSISTEMAS RESILIENTES
2017;467B;Investigación, desarrollo y experimentación en transporte e infraestructuras;960,00;46. INVESTIGACIÓN, DESARROLLO, INNOVACIÓN Y DIGITALIZACIÓN
2017;467G;Investigación y desarrollo de la Sociedad de la Información;980,00;46. INVESTIGACIÓN, DESARROLLO, INNOVACIÓN Y DIGITALIZACIÓN
2017;491N;Servicio postal universal;59.490,00;49. OTRAS ACTUACIONES DE CARÁCTER ECONÓMICO
2017;495A;Desarrollo y aplicación de la información geográfica española;32.410,52;49. OTRAS ACTUACIONES DE CARÁCTER ECONÓMICO
2017;497M;Salvamento y lucha contra la contaminación en la mar;137.910,00;49. OTRAS ACTUACIONES DE CARÁCTER ECONÓMICO
2017;000X;Transferencias internas (Sección: 17 MINISTERIO DE FOMENTO);30.705,43;49. OTRAS ACTUACIONES DE CARÁCTER ECONÓMICO
2017;144A;Cooperación, promoción y difusión cultural en el exterior;8.420,74;14. POLÍTICA EXTERIOR Y DE COOPERACIÓN PARA EL DESARROLLO
2017;144B;Cooperación, promoción y difusión educativa en el exterior;11.945,52;14. POLÍTICA EXTERIOR Y DE COOPERACIÓN PARA EL DESARROLLO
2017;321M;Dirección y Servicios Generales de Educación, Cultura y Deporte;87.134,10;32. EDUCACIÓN
2017;321N;Formación permanente del profesorado de Educación;2.682,88;32. EDUCACIÓN
2017;322A;Educación infantil y primaria;159.234,73;32. EDUCACIÓN
2017;322B;Educación secundaria, formación profesional y Escuelas Oficiales de Idiomas;429.367,55;32. EDUCACIÓN
2017;322C;Enseñanzas universitarias;124.413,30;32. EDUCACIÓN
2017;322E;Enseñanzas artísticas;3.372,55;32. EDUCACIÓN
2017;322F;Educación en el exterior;95.319,18;32. EDUCACIÓN
2017;322G;Educación compensatoria;4.652,88;32. EDUCACIÓN
2017;322K;Deporte en edad escolar y en la Universidad;2.112,00;32. EDUCACIÓN
2017;322L;Inversiones en centros educativos y otras actividades educativas;89.559,04;32. EDUCACIÓN
2017;323M;Becas y ayudas a estudiantes;1.523.352,88;32. EDUCACIÓN
2017;332A;Archivos;26.426,09;33. CULTURA
2017;332B;Bibliotecas;43.682,14;33. CULTURA
2017;333A;Museos;151.587,13;33. CULTURA
2017;333B;Exposiciones;2.022,65;33. CULTURA
2017;334A;Promoción y cooperación cultural;8.998,81;33. CULTURA
2017;334B;Promoción del libro y publicaciones culturales;8.421,65;33. CULTURA
2017;334C;Fomento de las industrias culturales;13.551,47;33. CULTURA
2017;335A;Música y danza;99.660,26;33. CULTURA
2017;335B;Teatro;50.597,21;33. CULTURA
2017;335C;Cinematografía;84.862,66;33. CULTURA
2017;336A;Fomento y apoyo de las actividades deportivas;171.464,68;33. CULTURA
2017;337B;Conservación y restauración de bienes culturales;20.070,46;33. CULTURA
2017;337C;Protección del Patrimonio Histórico;4.755,23;33. CULTURA
2017;463A;Investigación científica;93.053,58;46. INVESTIGACIÓN, DESARROLLO, INNOVACIÓN Y DIGITALIZACIÓN
2017;000X;Transferencias internas (Sección: 18 MINISTERIO DE EDUCACIÓN, CULTURA Y DEPORTE);506.232,01;46. INVESTIGACIÓN, DESARROLLO, INNOVACIÓN Y DIGITALIZACIÓN
2017;143A;Cooperación para el desarrollo;1.657,56;14. POLÍTICA EXTERIOR Y DE COOPERACIÓN PARA EL DESARROLLO
2017;212M;Pensiones no contributivas y prestaciones asistenciales;9.100,62;21. PENSIONES
2017;223M;Prestaciones de garantía salarial;1.072.118,47;22. OTRAS PRESTACIONES ECONÓMICAS
2017;224M;Prestaciones económicas por cese de actividad;15.501,72;22. OTRAS PRESTACIONES ECONÓMICAS
2017;231B;Acciones en favor de los emigrantes;57.475,68;23. SERVICIOS SOCIALES Y PROMOCIÓN SOCIAL
2017;231H;Acciones en favor de los inmigrantes;312.802,76;23. SERVICIOS SOCIALES Y PROMOCIÓN SOCIAL
2017;241A;Fomento de la inserción y estabilidad laboral;5.487.883,60;24. FOMENTO DEL EMPLEO
2017;241N;Desarrollo del trabajo autónomo, de la economía social y de la responsabilidad social de las empresas;11.371,15;24. FOMENTO DEL EMPLEO
2017;251M;Prestaciones a los desempleados;18.318.312,65;25. DESEMPLEO
2017;291A;Inspección y control de Seguridad y Protección Social;124.092,97;29. GESTIÓN Y ADMINISTRACIÓN DE LA INCLUSIÓN, DE LA SEGURIDAD SOCIAL Y DE LA MIGRACIÓN
2017;291M;Dirección y Servicios Generales de Seguridad Social y Protección Social;10.322.275,12;29. GESTIÓN Y ADMINISTRACIÓN DE LA INCLUSIÓN, DE LA SEGURIDAD SOCIAL Y DE LA MIGRACIÓN
2017;494M;Administración de las relaciones laborales y condiciones de trabajo;50.617,21;49. OTRAS ACTUACIONES DE CARÁCTER ECONÓMICO
2017;912P;Asesoramiento del Gobierno en materia social, económica y laboral;7.566,00;91. ÓRGANOS CONSTITUCIONALES, GOBIERNO Y OTROS
2017;000X;Transferencias internas (Sección: 19 MINISTERIO DE EMPLEO Y SEGURIDAD SOCIAL);13.541.211,16;91. ÓRGANOS CONSTITUCIONALES, GOBIERNO Y OTROS
2017;421M;Dirección y Servicios Generales de Energía, Turismo y Agenda Digital;68.215,93;42. INDUSTRIA Y ENERGÍA
2017;421N;Regulación y protección de la propiedad industrial;47.333,08;42. INDUSTRIA Y ENERGÍA
2017;423M;Desarrollo alternativo de las comarcas mineras del carbón;33.747,49;42. INDUSTRIA Y ENERGÍA
2017;423N;Explotación minera;319.814,89;42. INDUSTRIA Y ENERGÍA
2017;424M;Seguridad nuclear y protección radiológica;46.447,13;42. INDUSTRIA Y ENERGÍA
2017;425A;Normativa y desarrollo energético;201.886,97;42. INDUSTRIA Y ENERGÍA
2017;432A;Coordinación y promoción del turismo;319.611,49;43. COMERCIO, TURISMO Y PYMES
2017;457M;Infraestructuras en comarcas mineras del carbón;30.000,00;45. INFRAESTRUCTURAS Y ECOSISTEMAS RESILIENTES
2017;467C;Investigación y desarrollo tecnológico-industrial;2.900,00;46. INVESTIGACIÓN, DESARROLLO, INNOVACIÓN Y DIGITALIZACIÓN
2017;467G;Investigación y desarrollo de la Sociedad de la Información;103.294,27;46. INVESTIGACIÓN, DESARROLLO, INNOVACIÓN Y DIGITALIZACIÓN
2017;467I;Innovación tecnológica de las telecomunicaciones;535.760,45;46. INVESTIGACIÓN, DESARROLLO, INNOVACIÓN Y DIGITALIZACIÓN
2017;491M;Ordenación y promoción de las telecomunicaciones y de la Sociedad de la Información;28.674,77;49. OTRAS ACTUACIONES DE CARÁCTER ECONÓMICO
2017;921U;Publicaciones;98,34;92. SERVICIOS DE CARÁCTER GENERAL
2017;000X;Transferencias internas (Sección: 20 MINISTERIO DE ENERGÍA, TURISMO Y AGENDA DIGITAL);4.088.537,35;92. SERVICIOS DE CARÁCTER GENERAL
2017;231F;Otros servicios sociales del Estado;102.000,00;23. SERVICIOS SOCIALES Y PROMOCIÓN SOCIAL
2017;412C;Competitividad y calidad de la producción y los mercados agrarios;49.003,91;41. AGRICULTURA, PESCA Y ALIMENTACIÓN
2017;412D;Competitividad y calidad de la sanidad agraria;41.525,76;41. AGRICULTURA, PESCA Y ALIMENTACIÓN
2017;412M;Regulación de los mercados agrarios;5.741.134,86;41. AGRICULTURA, PESCA Y ALIMENTACIÓN
2017;413A;Competitividad industria agroalimentaria y calidad alimentaria;32.076,74;41. AGRICULTURA, PESCA Y ALIMENTACIÓN
2017;414A;Gestión de recursos hídricos para el regadío;57.127,77;41. AGRICULTURA, PESCA Y ALIMENTACIÓN
2017;414B;Desarrollo del medio rural;1.213.714,10;41. AGRICULTURA, PESCA Y ALIMENTACIÓN
2017;415A;Protección de los recursos pesqueros y desarrollo sostenible;18.588,30;41. AGRICULTURA, PESCA Y ALIMENTACIÓN
2017;415B;Mejora de estructuras y mercados pesqueros;42.896,79;41. AGRICULTURA, PESCA Y ALIMENTACIÓN
2017;416A;Previsión de riesgos en las producciones agrarias y pesqueras;216.432,06;41. AGRICULTURA, PESCA Y ALIMENTACIÓN
2017;451O;Dirección y Servicios Generales de Agricultura y Pesca, Alimentación y Medio Ambiente;127.959,74;45. INFRAESTRUCTURAS Y ECOSISTEMAS RESILIENTES
2017;452A;Gestión e infraestructuras del agua;1.168.889,07;45. INFRAESTRUCTURAS Y ECOSISTEMAS RESILIENTES
2017;452M;Normativa y ordenación territorial de los recursos hídricos;44.027,83;45. INFRAESTRUCTURAS Y ECOSISTEMAS RESILIENTES
2017;456A;Calidad del agua;188.212,68;45. INFRAESTRUCTURAS Y ECOSISTEMAS RESILIENTES
2017;456B;Protección y mejora del medio ambiente;16.533,74;45. INFRAESTRUCTURAS Y ECOSISTEMAS RESILIENTES
2017;456C;Protección y mejora del medio natural;171.854,16;45. INFRAESTRUCTURAS Y ECOSISTEMAS RESILIENTES
2017;456D;Actuación en la costa;94.644,14;45. INFRAESTRUCTURAS Y ECOSISTEMAS RESILIENTES
2017;456M;Actuaciones para la prevención de la contaminación y el cambio climático;27.641,50;45. INFRAESTRUCTURAS Y ECOSISTEMAS RESILIENTES
2017;495B;Meteorología;126.293,15;49. OTRAS ACTUACIONES DE CARÁCTER ECONÓMICO
2017;000X;Transferencias internas (Sección: 23 MINISTERIO DE AGRICULTURA Y PESCA, ALIMENTACIÓN Y MEDIO AMBIENTE);474.604,87;49. OTRAS ACTUACIONES DE CARÁCTER ECONÓMICO
2017;337A;Administración del Patrimonio Histórico-Nacional;108.946,70;33. CULTURA
2017;462M;Investigación y estudios sociológicos y constitucionales;11.985,64;46. INVESTIGACIÓN, DESARROLLO, INNOVACIÓN Y DIGITALIZACIÓN
2017;467G;Investigación y desarrollo de la Sociedad de la Información;463,21;46. INVESTIGACIÓN, DESARROLLO, INNOVACIÓN Y DIGITALIZACIÓN
2017;911Q;Apoyo a la gestión administrativa de la Jefatura del Estado;6.016,67;91. ÓRGANOS CONSTITUCIONALES, GOBIERNO Y OTROS
2017;912M;Presidencia del Gobierno;35.209,70;91. ÓRGANOS CONSTITUCIONALES, GOBIERNO Y OTROS
2017;912O;Relaciones con las Cortes Generales, Secretariado del Gobierno y apoyo a la Alta Dirección;30.775,71;91. ÓRGANOS CONSTITUCIONALES, GOBIERNO Y OTROS
2017;912Q;Asesoramiento para la protección de los intereses nacionales;260.960,15;91. ÓRGANOS CONSTITUCIONALES, GOBIERNO Y OTROS
2017;921P;Administración periférica del Estado;260.438,43;92. SERVICIOS DE CARÁCTER GENERAL
2017;921Q;Cobertura informativa;55.159,42;92. SERVICIOS DE CARÁCTER GENERAL
2017;921R;Publicidad de las normas legales;30.725,84;92. SERVICIOS DE CARÁCTER GENERAL
2017;922M;Organización territorial del Estado y desarrollo de sus sistemas de colaboración;4.047,28;92. SERVICIOS DE CARÁCTER GENERAL
2017;942A;Cooperación económica local del Estado;36.070,23;94. TRANSFERENCIAS A OTRAS ADMINISTRACIONES PÚBLICAS
2017;000X;Transferencias internas (Sección: 25 MINISTERIO DE LA PRESIDENCIA Y PARA LAS ADMINISTRACIONES TERRITORIALES);367.554,25;94. TRANSFERENCIAS A OTRAS ADMINISTRACIONES PÚBLICAS
2017;231A;Plan Nacional sobre Drogas;14.719,70;23. SERVICIOS SOCIALES Y PROMOCIÓN SOCIAL
2017;231F;Otros servicios sociales del Estado;226.961,14;23. SERVICIOS SOCIALES Y PROMOCIÓN SOCIAL
2017;231G;Atención a la infancia y a las familias;7.329,14;23. SERVICIOS SOCIALES Y PROMOCIÓN SOCIAL
2017;232A;Promoción y servicios a la juventud;30.937,13;23. SERVICIOS SOCIALES Y PROMOCIÓN SOCIAL
2017;232B;Igualdad de oportunidades entre mujeres y hombres;19.741,84;23. SERVICIOS SOCIALES Y PROMOCIÓN SOCIAL
2017;232C;Actuaciones para la prevención integral de la violencia de género;31.728,18;23. SERVICIOS SOCIALES Y PROMOCIÓN SOCIAL
2017;311M;Dirección y Servicios Generales de Sanidad, Servicios Sociales e Igualdad;50.296,51;31. SANIDAD
2017;311O;Políticas de Salud y Ordenación Profesional;8.864,19;31. SANIDAD
2017;313A;Prestaciones sanitarias y farmacia;55.679,70;31. SANIDAD
2017;313B;Salud pública, sanidad exterior y calidad;36.636,87;31. SANIDAD
2017;313C;Seguridad alimentaria y nutrición;16.007,24;31. SANIDAD
2017;313D;Donación y trasplante de órganos, tejidos y células;4.065,41;31. SANIDAD
2017;492O;Protección y promoción de los derechos de los consumidores y usuarios;16.545,52;49. OTRAS ACTUACIONES DE CARÁCTER ECONÓMICO
2017;000X;Transferencias internas (Sección: 26 MINISTERIO DE SANIDAD, SERVICIOS SOCIALES E IGUALDAD);1.862.695,44;49. OTRAS ACTUACIONES DE CARÁCTER ECONÓMICO
2017;143A;Cooperación para el desarrollo;985,00;14. POLÍTICA EXTERIOR Y DE COOPERACIÓN PARA EL DESARROLLO
2017;421O;Calidad y seguridad industrial;3.739,36;42. INDUSTRIA Y ENERGÍA
2017;422B;Desarrollo industrial;25.399,67;42. INDUSTRIA Y ENERGÍA
2017;422M;Reconversión y reindustrialización;875.226,74;42. INDUSTRIA Y ENERGÍA
2017;425A;Normativa y desarrollo energético;3.746.000,00;42. INDUSTRIA Y ENERGÍA
2017;431A;Promoción comercial e internacionalización de la empresa;401.395,08;43. COMERCIO, TURISMO Y PYMES
2017;431N;Ordenación del comercio exterior;9.186,38;43. COMERCIO, TURISMO Y PYMES
2017;431O;Ordenación y modernización de las estructuras comerciales;4.741,32;43. COMERCIO, TURISMO Y PYMES
2017;433M;Apoyo a la pequeña y mediana empresa;140.452,78;43. COMERCIO, TURISMO Y PYMES
2017;463A;Investigación científica;621.941,99;46. INVESTIGACIÓN, DESARROLLO, INNOVACIÓN Y DIGITALIZACIÓN
2017;463B;Fomento y coordinación de la investigación científica y técnica;3.395.349,59;46. INVESTIGACIÓN, DESARROLLO, INNOVACIÓN Y DIGITALIZACIÓN
2017;464B;Apoyo a la innovación tecnológica en el sector de la defensa;302.357,00;46. INVESTIGACIÓN, DESARROLLO, INNOVACIÓN Y DIGITALIZACIÓN
2017;465A;Investigación sanitaria;269.957,38;46. INVESTIGACIÓN, DESARROLLO, INNOVACIÓN Y DIGITALIZACIÓN
2017;467C;Investigación y desarrollo tecnológico-industrial;757.800,60;46. INVESTIGACIÓN, DESARROLLO, INNOVACIÓN Y DIGITALIZACIÓN
2017;467D;Investigación y experimentación agraria;53.995,11;46. INVESTIGACIÓN, DESARROLLO, INNOVACIÓN Y DIGITALIZACIÓN
2017;467E;Investigación oceanográfica y pesquera;60.490,06;46. INVESTIGACIÓN, DESARROLLO, INNOVACIÓN Y DIGITALIZACIÓN
2017;467F;Investigación geológico-minera y medioambiental;23.592,17;46. INVESTIGACIÓN, DESARROLLO, INNOVACIÓN Y DIGITALIZACIÓN
2017;467H;Investigación energética, medioambiental y tecnológica;87.304,68;46. INVESTIGACIÓN, DESARROLLO, INNOVACIÓN Y DIGITALIZACIÓN
2017;492M;Defensa de la competencia en los mercados y regulación de los sectores productivos;58.414,82;49. OTRAS ACTUACIONES DE CARÁCTER ECONÓMICO
2017;493M;Dirección, control y gestión de seguros;13.997,37;49. OTRAS ACTUACIONES DE CARÁCTER ECONÓMICO
2017;493O;Regulación contable y de auditorías;7.996,09;49. OTRAS ACTUACIONES DE CARÁCTER ECONÓMICO
2017;495C;Metrología;8.272,16;49. OTRAS ACTUACIONES DE CARÁCTER ECONÓMICO
2017;923C;Elaboración y difusión estadística;174.118,54;92. SERVICIOS DE CARÁCTER GENERAL
2017;923O;Gestión de la Deuda y de la Tesorería del Estado;82.527,53;92. SERVICIOS DE CARÁCTER GENERAL
2017;923P;Relaciones con Instituciones Financieras Multilaterales;592.021,76;92. SERVICIOS DE CARÁCTER GENERAL
2017;923Q;Dirección y Servicios Generales de Economía, Industria y Competitividad;58.554,90;92. SERVICIOS DE CARÁCTER GENERAL
2017;931M;Previsión y política económica;26.729,33;93. ADMINISTRACIÓN FINANCIERA Y TRIBUTARIA
2017;000X;Transferencias internas (Sección: 27 MINISTERIO DE ECONOMÍA, INDUSTRIA Y COMPETITIVIDAD);1.595.051,48;93. ADMINISTRACIÓN FINANCIERA Y TRIBUTARIA
2017;467G;Investigación y desarrollo de la Sociedad de la Información;3.050,00;46. INVESTIGACIÓN, DESARROLLO, INNOVACIÓN Y DIGITALIZACIÓN
2017;923A;Gestión del Patrimonio del Estado;47.810,75;92. SERVICIOS DE CARÁCTER GENERAL
2017;923R;Contratación centralizada;259.271,75;92. SERVICIOS DE CARÁCTER GENERAL
2017;929M;Imprevistos y funciones no clasificadas;2.338.633,38;92. SERVICIOS DE CARÁCTER GENERAL
2017;000X;Transferencias internas (Sección: 31 GASTOS DE DIVERSOS MINISTERIOS);136.981,80;92. SERVICIOS DE CARÁCTER GENERAL
2017;441M;Subvenciones y apoyo al transporte terrestre;262.194,48;44. INFRAESTRUCTURAS
2017;453A;Infraestructura del transporte ferroviario;12.675,81;45. INFRAESTRUCTURAS Y ECOSISTEMAS RESILIENTES
2017;941O;Otras transferencias a Comunidades Autónomas;429.550,00;94. TRANSFERENCIAS A OTRAS ADMINISTRACIONES PÚBLICAS
2017;942N;Otras aportaciones a Entidades Locales;226.898,17;94. TRANSFERENCIAS A OTRAS ADMINISTRACIONES PÚBLICAS
2017;941N;Transferencias a Comunidades Autónomas por los Fondos de Compensación Interterritorial;582.430,00;94. TRANSFERENCIAS A OTRAS ADMINISTRACIONES PÚBLICAS
2017;943M;Transferencias al Presupuesto General de la Unión Europea;12.924.704,00;94. TRANSFERENCIAS A OTRAS ADMINISTRACIONES PÚBLICAS
2017;943N;Cooperación al desarrollo a través del Fondo Europeo de Desarrollo;325.000,00;94. TRANSFERENCIAS A OTRAS ADMINISTRACIONES PÚBLICAS
2017;929N;Fondo de contingencia de ejecución presupuestaria;2.366.740,00;92. SERVICIOS DE CARÁCTER GENERAL
2017;941M;Transferencias a Comunidades Autónomas por participación en los ingresos del Estado;17.548.423,01;94. TRANSFERENCIAS A OTRAS ADMINISTRACIONES PÚBLICAS
2017;942M;Transferencias a Entidades Locales por participación en los ingresos del Estado;16.149.435,66;94. TRANSFERENCIAS A OTRAS ADMINISTRACIONES PÚBLICAS
2017;211M;Pensiones contributivas de la Seguridad Social;115.757.032,38;21. PENSIONES
2017;212M;Pensiones no contributivas y prestaciones asistenciales;2.320.587,38;21. PENSIONES
2017;212O;Gestión y control de los complementos a mínimos de pensiones;7.179.594,91;21. PENSIONES
2017;219M;Gestión de las prestaciones económicas de Seguridad Social;380.573,85;21. PENSIONES
2017;221M;Subsidios de incapacidad temporal y otras prestaciones económicas de la Seguridad Social;12.020.627,91;22. OTRAS PRESTACIONES ECONÓMICAS
2017;224M;Prestaciones económicas por cese de actividad;20.860,00;22. OTRAS PRESTACIONES ECONÓMICAS
2017;231C;Servicios Sociales de la Seguridad Social a personas con discapacidad;53.278,52;23. SERVICIOS SOCIALES Y PROMOCIÓN SOCIAL
2017;231D;Servicios Sociales de la Seguridad Social a personas mayores;117.512,58;23. SERVICIOS SOCIALES Y PROMOCIÓN SOCIAL
2017;231E;Otros servicios sociales de la Seguridad Social;46.923,43;23. SERVICIOS SOCIALES Y PROMOCIÓN SOCIAL
2017;231I;Autonomía personal y atención a la dependencia;1.354.811,38;23. SERVICIOS SOCIALES Y PROMOCIÓN SOCIAL
2017;239M;Gestión de los servicios sociales de la Seguridad Social;27.271,79;23. SERVICIOS SOCIALES Y PROMOCIÓN SOCIAL
2017;291M;Dirección y Servicios Generales de Seguridad Social y Protección Social;3.841.396,63;29. GESTIÓN Y ADMINISTRACIÓN DE LA INCLUSIÓN, DE LA SEGURIDAD SOCIAL Y DE LA MIGRACIÓN
2017;311M;Dirección y Servicios Generales de Sanidad, Servicios Sociales e Igualdad;15.876,42;31. SANIDAD
2017;312B;Atención primaria de salud. Instituto Nacional de Gestión Sanitaria;64.914,38;31. SANIDAD
2017;312C;Atención especializada de salud. Instituto Nacional de Gestión Sanitaria;156.910,73;31. SANIDAD
2017;312D;Medicina marítima;34.873,77;31. SANIDAD
2017;312F;Atención primaria de salud de Mutuas colaboradoras con la Seguridad Social e Instituto Social de la Marina;904.755,11;31. SANIDAD
2017;312G;Atención especializada de salud de Mutuas colaboradoras con la Seguridad Social e Instituto Social de la Marina;433.319,87;31. SANIDAD
2017;322I;Enseñanzas especiales;2.615,11;32. EDUCACIÓN
2017;000X;Transferencias internas (Sección: 60 SEGURIDAD SOCIAL);4.272.693,64;32. EDUCACIÓN
2018;911M;Jefatura del Estado;7.887,15;91. ÓRGANOS CONSTITUCIONALES, GOBIERNO Y OTROS
2018;911N;Actividad legislativa;212.136,84;91. ÓRGANOS CONSTITUCIONALES, GOBIERNO Y OTROS
2018;911O;Control externo del Sector Público;63.016,62;91. ÓRGANOS CONSTITUCIONALES, GOBIERNO Y OTROS
2018;911P;Control Constitucional;23.866,87;91. ÓRGANOS CONSTITUCIONALES, GOBIERNO Y OTROS
2018;912N;Alto asesoramiento del Estado;11.388,65;91. ÓRGANOS CONSTITUCIONALES, GOBIERNO Y OTROS
2018;951M;Amortización y gastos financieros de la deuda pública en euros;110.939.165,82;95. GASTOS FINANCIEROS DE LA DEUDA PUBLICA
2018;951N;Amortización y gastos financieros de la deuda pública en moneda extranjera;1.918.962,00;95. GASTOS FINANCIEROS DE LA DEUDA PUBLICA
2018;211N;Pensiones de Clases Pasivas;14.589.889,81;21. PENSIONES
2018;211O;Otras pensiones y prestaciones de Clases Pasivas;42.274,37;21. PENSIONES
2018;212N;Pensiones de guerra;158.817,84;21. PENSIONES
2018;000X;Transferencias internas (Sección: 07 CLASES PASIVAS);249,75;21. PENSIONES
2018;111M;Gobierno del Poder Judicial;33.607,16;11. JUSTICIA
2018;111O;Selección y formación de jueces;15.230,34;11. JUSTICIA
2018;111P;Documentación y publicaciones judiciales;9.288,64;11. JUSTICIA
2018;923S;Aportaciones al Mutualismo Administrativo;2.058.169,27;92. SERVICIOS DE CARÁCTER GENERAL
2018;000X;Transferencias internas (Sección: 09 APORTACIONES AL MUTUALISMO ADMINISTRATIVO);103.533,67;92. SERVICIOS DE CARÁCTER GENERAL
2018;923R;Contratación centralizada;283.321,43;92. SERVICIOS DE CARÁCTER GENERAL
2018;141M;Dirección y Servicios Generales de Asuntos Exteriores;64.411,38;14. POLÍTICA EXTERIOR Y DE COOPERACIÓN PARA EL DESARROLLO
2018;142A;Acción del Estado en el exterior;790.916,79;14. POLÍTICA EXTERIOR Y DE COOPERACIÓN PARA EL DESARROLLO
2018;142B;Acción Diplomática para Asuntos Europeos;21.244,02;14. POLÍTICA EXTERIOR Y DE COOPERACIÓN PARA EL DESARROLLO
2018;143A;Cooperación para el desarrollo;552.183,50;14. POLÍTICA EXTERIOR Y DE COOPERACIÓN PARA EL DESARROLLO
2018;144A;Cooperación, promoción y difusión cultural en el exterior;128.316,73;14. POLÍTICA EXTERIOR Y DE COOPERACIÓN PARA EL DESARROLLO
2018;467G;Investigación y desarrollo de la Sociedad de la Información;1.886,66;46. INVESTIGACIÓN, DESARROLLO, INNOVACIÓN Y DIGITALIZACIÓN
2018;000X;Transferencias internas (Sección: 12 MINISTERIO DE ASUNTOS EXTERIORES Y DE COOPERACIÓN);287.507,98;46. INVESTIGACIÓN, DESARROLLO, INNOVACIÓN Y DIGITALIZACIÓN
2018;111N;Dirección y Servicios Generales de Justicia;50.237,04;11. JUSTICIA
2018;111Q;Formación del Personal de la Administración de Justicia;7.601,37;11. JUSTICIA
2018;111R;Formación de la Carrera Fiscal;2.447,40;11. JUSTICIA
2018;112A;Tribunales de Justicia y Ministerio Fiscal;1.628.201,68;11. JUSTICIA
2018;113M;Registros vinculados con la Fe Pública;34.130,78;11. JUSTICIA
2018;135M;Protección de datos de carácter personal;13.960,74;13. SEGURIDAD CIUDADANA E INSTITUCIONES PENITENCIARIAS
2018;222M;Prestaciones económicas del Mutualismo Administrativo;20.163,81;22. OTRAS PRESTACIONES ECONÓMICAS
2018;312E;Asistencia sanitaria del Mutualismo Administrativo;84.379,36;31. SANIDAD
2018;921S;Asesoramiento y defensa de los intereses del Estado;34.247,82;92. SERVICIOS DE CARÁCTER GENERAL
2018;000X;Transferencias internas (Sección: 13 MINISTERIO DE JUSTICIA);7.381,25;92. SERVICIOS DE CARÁCTER GENERAL
2018;121M;Administración y Servicios Generales de Defensa;1.187.440,83;12. DEFENSA
2018;121N;Formación del Personal de las Fuerzas Armadas;413.085,14;12. DEFENSA
2018;121O;Personal en reserva;526.213,65;12. DEFENSA
2018;122A;Modernización de las Fuerzas Armadas;159.723,17;12. DEFENSA
2018;122B;Programas especiales de modernización;2.164.477,00;12. DEFENSA
2018;122M;Gastos Operativos de las Fuerzas Armadas;2.629.413,08;12. DEFENSA
2018;122N;Apoyo Logístico;1.320.208,67;12. DEFENSA
2018;222M;Prestaciones económicas del Mutualismo Administrativo;78.126,20;22. OTRAS PRESTACIONES ECONÓMICAS
2018;312A;Asistencia hospitalaria en las Fuerzas Armadas;150.158,34;31. SANIDAD
2018;312E;Asistencia sanitaria del Mutualismo Administrativo;701.310,85;31. SANIDAD
2018;464A;Investigación y estudios de las Fuerzas Armadas;211.597,48;46. INVESTIGACIÓN, DESARROLLO, INNOVACIÓN Y DIGITALIZACIÓN
2018;931P;Control interno y Contabilidad Pública;178,26;93. ADMINISTRACIÓN FINANCIERA Y TRIBUTARIA
2018;000X;Transferencias internas (Sección: 14 MINISTERIO DE DEFENSA);94.297,96;93. ADMINISTRACIÓN FINANCIERA Y TRIBUTARIA
2018;219N;Gestión de pensiones de Clases Pasivas;5.808,82;21. PENSIONES
2018;222M;Prestaciones económicas del Mutualismo Administrativo;281.743,90;22. OTRAS PRESTACIONES ECONÓMICAS
2018;231G;Atención a la infancia y a las familias;4.300,00;23. SERVICIOS SOCIALES Y PROMOCIÓN SOCIAL
2018;312E;Asistencia sanitaria del Mutualismo Administrativo;1.463.406,22;31. SANIDAD
2018;337B;Conservación y restauración de bienes culturales;7.644,89;33. CULTURA
2018;422A;Incentivos regionales a la localización industrial;59.852,77;42. INDUSTRIA Y ENERGÍA
2018;462N;Investigación y estudios estadísticos y económicos;5.717,02;46. INVESTIGACIÓN, DESARROLLO, INNOVACIÓN Y DIGITALIZACIÓN
2018;467G;Investigación y desarrollo de la Sociedad de la Información;47.645,18;46. INVESTIGACIÓN, DESARROLLO, INNOVACIÓN Y DIGITALIZACIÓN
2018;492N;Regulación y vigilancia de la competencia en el Mercado de Tabacos;7.387,32;49. OTRAS ACTUACIONES DE CARÁCTER ECONÓMICO
2018;496M;Regulación del juego;6.511,79;49. OTRAS ACTUACIONES DE CARÁCTER ECONÓMICO
2018;921N;Dirección y organización de la Administración Pública;24.988,97;92. SERVICIOS DE CARÁCTER GENERAL
2018;921O;Formación del personal de las Administraciones Públicas;85.728,92;92. SERVICIOS DE CARÁCTER GENERAL
2018;921T;Servicios de transportes de Ministerios;45.286,72;92. SERVICIOS DE CARÁCTER GENERAL
2018;921X;Evaluación de la transparencia de la actividad pública;2.276,86;92. SERVICIOS DE CARÁCTER GENERAL
2018;922N;Coordinación y relaciones financieras con los Entes Territoriales;17.508.285,55;92. SERVICIOS DE CARÁCTER GENERAL
2018;923A;Gestión del Patrimonio del Estado;184.155,49;92. SERVICIOS DE CARÁCTER GENERAL
2018;923M;Dirección y Servicios Generales de Hacienda y Función Pública;1.033.552,90;92. SERVICIOS DE CARÁCTER GENERAL
2018;923N;Formación del personal de Economía y Hacienda;11.815,65;92. SERVICIOS DE CARÁCTER GENERAL
2018;931N;Política presupuestaria;65.461,34;93. ADMINISTRACIÓN FINANCIERA Y TRIBUTARIA
2018;931O;Política tributaria;5.582,74;93. ADMINISTRACIÓN FINANCIERA Y TRIBUTARIA
2018;931P;Control interno y Contabilidad Pública;74.802,36;93. ADMINISTRACIÓN FINANCIERA Y TRIBUTARIA
2018;931Q;Control y Supervisión de la Política Fiscal;7.042,83;93. ADMINISTRACIÓN FINANCIERA Y TRIBUTARIA
2018;932A;Aplicación del sistema tributario estatal;1.088.740,38;93. ADMINISTRACIÓN FINANCIERA Y TRIBUTARIA
2018;932M;Gestión del catastro inmobiliario;110.456,59;93. ADMINISTRACIÓN FINANCIERA Y TRIBUTARIA
2018;932N;Resolución de reclamaciones económico-administrativas;29.351,13;93. ADMINISTRACIÓN FINANCIERA Y TRIBUTARIA
2018;000X;Transferencias internas (Sección: 15 MINISTERIO DE HACIENDA Y FUNCIÓN PÚBLICA);1.112.707,48;93. ADMINISTRACIÓN FINANCIERA Y TRIBUTARIA
2018;131M;Dirección y Servicios Generales de Seguridad y Protección Civil;66.451,29;13. SEGURIDAD CIUDADANA E INSTITUCIONES PENITENCIARIAS
2018;131N;Formación de Fuerzas y Cuerpos de Seguridad del Estado;141.346,88;13. SEGURIDAD CIUDADANA E INSTITUCIONES PENITENCIARIAS
2018;131O;Fuerzas y Cuerpos en reserva;382.440,70;13. SEGURIDAD CIUDADANA E INSTITUCIONES PENITENCIARIAS
2018;131P;Derecho de asilo y apátridas;6.404,53;13. SEGURIDAD CIUDADANA E INSTITUCIONES PENITENCIARIAS
2018;132A;Seguridad ciudadana;5.789.810,93;13. SEGURIDAD CIUDADANA E INSTITUCIONES PENITENCIARIAS
2018;132B;Seguridad vial;766.455,39;13. SEGURIDAD CIUDADANA E INSTITUCIONES PENITENCIARIAS
2018;132C;Actuaciones policiales en materia de droga;76.349,43;13. SEGURIDAD CIUDADANA E INSTITUCIONES PENITENCIARIAS
2018;133A;Centros e Instituciones Penitenciarias;1.160.426,94;13. SEGURIDAD CIUDADANA E INSTITUCIONES PENITENCIARIAS
2018;134M;Protección Civil;14.545,48;13. SEGURIDAD CIUDADANA E INSTITUCIONES PENITENCIARIAS
2018;924M;Elecciones y Partidos Políticos;62.866,69;92. SERVICIOS DE CARÁCTER GENERAL
2018;000X;Transferencias internas (Sección: 16 MINISTERIO DEL INTERIOR);168.959,31;92. SERVICIOS DE CARÁCTER GENERAL
2018;261N;Promoción, administración y ayudas para rehabilitación y acceso a vivienda;450.652,67;26. ACCESO A LA VIVIENDA Y FOMENTO DE LA EDIFICACIÓN
2018;261O;Ordenación y fomento de la edificación;29.409,10;26. ACCESO A LA VIVIENDA Y FOMENTO DE LA EDIFICACIÓN
2018;261P;Urbanismo y política del suelo;1.480,61;26. ACCESO A LA VIVIENDA Y FOMENTO DE LA EDIFICACIÓN
2018;441M;Subvenciones y apoyo al transporte terrestre;1.257.543,97;44. INFRAESTRUCTURAS
2018;441N;Subvenciones y apoyo al transporte marítimo;128.689,65;44. INFRAESTRUCTURAS
2018;441O;Subvenciones y apoyo al transporte aéreo;393.585,92;44. INFRAESTRUCTURAS
2018;441P;Subvenciones al transporte extrapeninsular de mercancías;75.247,03;44. INFRAESTRUCTURAS
2018;451M;Estudios y servicios de asistencia técnica en Obras Públicas y Urbanismo;28.805,20;45. INFRAESTRUCTURAS Y ECOSISTEMAS RESILIENTES
2018;451N;Dirección y Servicios Generales de Fomento;917.936,23;45. INFRAESTRUCTURAS Y ECOSISTEMAS RESILIENTES
2018;453A;Infraestructura del transporte ferroviario;400.730,00;45. INFRAESTRUCTURAS Y ECOSISTEMAS RESILIENTES
2018;453B;Creación de infraestructura de carreteras;1.456.844,89;45. INFRAESTRUCTURAS Y ECOSISTEMAS RESILIENTES
2018;453C;Conservación y explotación de carreteras;809.057,39;45. INFRAESTRUCTURAS Y ECOSISTEMAS RESILIENTES
2018;453M;Ordenación e inspección del transporte terrestre;21.443,83;45. INFRAESTRUCTURAS Y ECOSISTEMAS RESILIENTES
2018;453N;Regulación y supervisión de la seguridad ferroviaria;13.880,51;45. INFRAESTRUCTURAS Y ECOSISTEMAS RESILIENTES
2018;453O;Comisión de Investigación de Accidentes Ferroviarios;390,84;45. INFRAESTRUCTURAS Y ECOSISTEMAS RESILIENTES
2018;454M;Regulación y seguridad del tráfico marítimo;41.206,38;45. INFRAESTRUCTURAS Y ECOSISTEMAS RESILIENTES
2018;454O;Comisión de Investigación de Accidentes e Incidentes Marítimos;584,67;45. INFRAESTRUCTURAS Y ECOSISTEMAS RESILIENTES
2018;455M;Regulación y supervisión de la aviación civil;86.529,50;45. INFRAESTRUCTURAS Y ECOSISTEMAS RESILIENTES
2018;455O;Comisión de Investigación de Accidentes e Incidentes de Aviación Civil;1.468,08;45. INFRAESTRUCTURAS Y ECOSISTEMAS RESILIENTES
2018;467B;Investigación, desarrollo y experimentación en transporte e infraestructuras;960,00;46. INVESTIGACIÓN, DESARROLLO, INNOVACIÓN Y DIGITALIZACIÓN
2018;467G;Investigación y desarrollo de la Sociedad de la Información;980,00;46. INVESTIGACIÓN, DESARROLLO, INNOVACIÓN Y DIGITALIZACIÓN
2018;491N;Servicio postal universal;120.790,00;49. OTRAS ACTUACIONES DE CARÁCTER ECONÓMICO
2018;495A;Desarrollo y aplicación de la información geográfica española;35.356,06;49. OTRAS ACTUACIONES DE CARÁCTER ECONÓMICO
2018;497M;Salvamento y lucha contra la contaminación en la mar;152.535,00;49. OTRAS ACTUACIONES DE CARÁCTER ECONÓMICO
2018;000X;Transferencias internas (Sección: 17 MINISTERIO DE FOMENTO);33.184,24;49. OTRAS ACTUACIONES DE CARÁCTER ECONÓMICO
2018;144A;Cooperación, promoción y difusión cultural en el exterior;8.495,52;14. POLÍTICA EXTERIOR Y DE COOPERACIÓN PARA EL DESARROLLO
2018;144B;Cooperación, promoción y difusión educativa en el exterior;13.317,13;14. POLÍTICA EXTERIOR Y DE COOPERACIÓN PARA EL DESARROLLO
2018;321M;Dirección y Servicios Generales de Educación, Cultura y Deporte;86.402,02;32. EDUCACIÓN
2018;321N;Formación permanente del profesorado de Educación;2.703,21;32. EDUCACIÓN
2018;322A;Educación Infantil y Primaria;160.336,77;32. EDUCACIÓN
2018;322B;Educación Secundaria, Formación Profesional y Escuelas Oficiales de Idiomas;419.165,71;32. EDUCACIÓN
2018;322C;Enseñanzas universitarias;129.256,68;32. EDUCACIÓN
2018;322E;Enseñanzas artísticas;3.563,34;32. EDUCACIÓN
2018;322F;Educación en el exterior;98.427,71;32. EDUCACIÓN
2018;322G;Educación compensatoria;4.536,50;32. EDUCACIÓN
2018;322L;Inversiones en centros educativos y otras actividades educativas;100.058,72;32. EDUCACIÓN
2018;323M;Becas y ayudas a estudiantes;1.574.879,04;32. EDUCACIÓN
2018;332A;Archivos;27.664,89;33. CULTURA
2018;332B;Bibliotecas;47.053,80;33. CULTURA
2018;333A;Museos;158.137,73;33. CULTURA
2018;333B;Exposiciones;2.196,78;33. CULTURA
2018;334A;Promoción y cooperación cultural;9.739,97;33. CULTURA
2018;334B;Promoción del libro y publicaciones culturales;8.171,78;33. CULTURA
2018;334C;Fomento de las industrias culturales;14.078,60;33. CULTURA
2018;335A;Música y danza;100.816,14;33. CULTURA
2018;335B;Teatro;50.942,15;33. CULTURA
2018;335C;Cinematografía;85.683,72;33. CULTURA
2018;336A;Fomento y apoyo de las actividades deportivas;193.797,26;33. CULTURA
2018;337B;Conservación y restauración de bienes culturales;24.551,52;33. CULTURA
2018;337C;Protección del Patrimonio Histórico;8.344,24;33. CULTURA
2018;463A;Investigación científica;102.128,22;46. INVESTIGACIÓN, DESARROLLO, INNOVACIÓN Y DIGITALIZACIÓN
2018;000X;Transferencias internas (Sección: 18 MINISTERIO DE EDUCACIÓN, CULTURA Y DEPORTE);548.044,60;46. INVESTIGACIÓN, DESARROLLO, INNOVACIÓN Y DIGITALIZACIÓN
2018;143A;Cooperación para el desarrollo;1.573,43;14. POLÍTICA EXTERIOR Y DE COOPERACIÓN PARA EL DESARROLLO
2018;212M;Pensiones no contributivas y prestaciones asistenciales;8.198,17;21. PENSIONES
2018;223M;Prestaciones de garantía salarial;796.411,04;22. OTRAS PRESTACIONES ECONÓMICAS
2018;224M;Prestaciones económicas por cese de actividad;15.219,60;22. OTRAS PRESTACIONES ECONÓMICAS
2018;231B;Acciones en favor de los emigrantes;59.367,42;23. SERVICIOS SOCIALES Y PROMOCIÓN SOCIAL
2018;231H;Acciones en favor de los inmigrantes;318.095,34;23. SERVICIOS SOCIALES Y PROMOCIÓN SOCIAL
2018;241A;Fomento de la inserción y estabilidad laboral;3.373.746,83;24. FOMENTO DEL EMPLEO
2018;241B;Formación Profesional para el Empleo;2.331.231,86;24. FOMENTO DEL EMPLEO
2018;241N;Desarrollo del trabajo autónomo, de la economía social y de la responsabilidad social de las empresas;11.164,66;24. FOMENTO DEL EMPLEO
2018;251M;Prestaciones a los desempleados;17.702.180,62;25. DESEMPLEO
2018;291A;Inspección y control de Seguridad y Protección Social;126.463,69;29. GESTIÓN Y ADMINISTRACIÓN DE LA INCLUSIÓN, DE LA SEGURIDAD SOCIAL Y DE LA MIGRACIÓN
2018;291M;Dirección y Servicios Generales de Seguridad Social y Protección Social;13.965.682,69;29. GESTIÓN Y ADMINISTRACIÓN DE LA INCLUSIÓN, DE LA SEGURIDAD SOCIAL Y DE LA MIGRACIÓN
2018;494M;Administración de las relaciones laborales y condiciones de trabajo;52.790,01;49. OTRAS ACTUACIONES DE CARÁCTER ECONÓMICO
2018;912P;Asesoramiento del Gobierno en materia social, económica y laboral;8.040,41;91. ÓRGANOS CONSTITUCIONALES, GOBIERNO Y OTROS
2018;000X;Transferencias internas (Sección: 19 MINISTERIO DE EMPLEO Y SEGURIDAD SOCIAL);13.435.350,17;91. ÓRGANOS CONSTITUCIONALES, GOBIERNO Y OTROS
2018;421M;Dirección y Servicios Generales de Energía, Turismo y Agenda Digital;67.551,12;42. INDUSTRIA Y ENERGÍA
2018;421N;Regulación y protección de la Propiedad Industrial;51.444,00;42. INDUSTRIA Y ENERGÍA
2018;423M;Desarrollo alternativo de las comarcas mineras del carbón;32.200,00;42. INDUSTRIA Y ENERGÍA
2018;423N;Explotación minera;290.689,95;42. INDUSTRIA Y ENERGÍA
2018;424M;Seguridad nuclear y protección radiológica;46.877,04;42. INDUSTRIA Y ENERGÍA
2018;425A;Normativa y desarrollo energético;535.231,37;42. INDUSTRIA Y ENERGÍA
2018;432A;Coordinación y promoción del turismo;332.167,33;43. COMERCIO, TURISMO Y PYMES
2018;457M;Infraestructuras en comarcas mineras del carbón;45.000,50;45. INFRAESTRUCTURAS Y ECOSISTEMAS RESILIENTES
2018;467C;Investigación y desarrollo tecnológico-industrial;3.900,00;46. INVESTIGACIÓN, DESARROLLO, INNOVACIÓN Y DIGITALIZACIÓN
2018;467G;Investigación y desarrollo de la Sociedad de la Información;89.299,35;46. INVESTIGACIÓN, DESARROLLO, INNOVACIÓN Y DIGITALIZACIÓN
2018;467I;Innovación tecnológica de las telecomunicaciones;552.954,44;46. INVESTIGACIÓN, DESARROLLO, INNOVACIÓN Y DIGITALIZACIÓN
2018;491M;Ordenación y promoción de las telecomunicaciones y de la Sociedad de la Información;29.117,69;49. OTRAS ACTUACIONES DE CARÁCTER ECONÓMICO
2018;921U;Publicaciones;98,34;92. SERVICIOS DE CARÁCTER GENERAL
2018;000X;Transferencias internas (Sección: 20 MINISTERIO DE ENERGÍA, TURISMO Y AGENDA DIGITAL);4.067.022,25;92. SERVICIOS DE CARÁCTER GENERAL
2018;231F;Otros servicios sociales del Estado;106.482,10;23. SERVICIOS SOCIALES Y PROMOCIÓN SOCIAL
2018;412C;Competitividad y calidad de la producción y los mercados agrarios;49.748,29;41. AGRICULTURA, PESCA Y ALIMENTACIÓN
2018;412D;Competitividad y calidad de la sanidad agraria;42.013,44;41. AGRICULTURA, PESCA Y ALIMENTACIÓN
2018;412M;Regulación de los mercados agrarios;5.803.980,10;41. AGRICULTURA, PESCA Y ALIMENTACIÓN
2018;413A;Competitividad industria agroalimentaria y calidad alimentaria;32.555,40;41. AGRICULTURA, PESCA Y ALIMENTACIÓN
2018;414A;Gestión de recursos hídricos para el regadío;59.943,07;41. AGRICULTURA, PESCA Y ALIMENTACIÓN
2018;414B;Desarrollo del medio rural;1.233.563,12;41. AGRICULTURA, PESCA Y ALIMENTACIÓN
2018;415A;Protección de los recursos pesqueros y desarrollo sostenible;19.032,25;41. AGRICULTURA, PESCA Y ALIMENTACIÓN
2018;415B;Mejora de estructuras y mercados pesqueros;42.878,24;41. AGRICULTURA, PESCA Y ALIMENTACIÓN
2018;416A;Previsión de riesgos en las producciones agrarias y pesqueras;216.466,92;41. AGRICULTURA, PESCA Y ALIMENTACIÓN
2018;451O;Dirección y Servicios Generales de Agricultura y Pesca, Alimentación y Medio Ambiente;130.451,12;45. INFRAESTRUCTURAS Y ECOSISTEMAS RESILIENTES
2018;452A;Gestión e infraestructuras del agua;1.208.897,66;45. INFRAESTRUCTURAS Y ECOSISTEMAS RESILIENTES
2018;452M;Normativa y ordenación territorial de los recursos hídricos;69.616,87;45. INFRAESTRUCTURAS Y ECOSISTEMAS RESILIENTES
2018;456A;Calidad del agua;182.124,39;45. INFRAESTRUCTURAS Y ECOSISTEMAS RESILIENTES
2018;456B;Protección y mejora del medio ambiente;20.832,43;45. INFRAESTRUCTURAS Y ECOSISTEMAS RESILIENTES
2018;456C;Protección y mejora del medio natural;174.733,74;45. INFRAESTRUCTURAS Y ECOSISTEMAS RESILIENTES
2018;456D;Actuación en la costa;99.104,63;45. INFRAESTRUCTURAS Y ECOSISTEMAS RESILIENTES
2018;456M;Actuaciones para la prevención de la contaminación y el cambio climático;27.888,69;45. INFRAESTRUCTURAS Y ECOSISTEMAS RESILIENTES
2018;495B;Meteorología;128.957,86;49. OTRAS ACTUACIONES DE CARÁCTER ECONÓMICO
2018;000X;Transferencias internas (Sección: 23 MINISTERIO DE AGRICULTURA Y PESCA, ALIMENTACIÓN Y MEDIO AMBIENTE);548.877,17;49. OTRAS ACTUACIONES DE CARÁCTER ECONÓMICO
2018;337A;Administración del Patrimonio Histórico-Nacional;117.428,67;33. CULTURA
2018;462M;Investigación y estudios sociológicos y constitucionales;12.075,52;46. INVESTIGACIÓN, DESARROLLO, INNOVACIÓN Y DIGITALIZACIÓN
2018;467G;Investigación y desarrollo de la Sociedad de la Información;604,82;46. INVESTIGACIÓN, DESARROLLO, INNOVACIÓN Y DIGITALIZACIÓN
2018;911Q;Apoyo a la gestión administrativa de la Jefatura del Estado;6.182,90;91. ÓRGANOS CONSTITUCIONALES, GOBIERNO Y OTROS
2018;912M;Presidencia del Gobierno;35.941,95;91. ÓRGANOS CONSTITUCIONALES, GOBIERNO Y OTROS
2018;912O;Relaciones con las Cortes Generales, Secretariado del Gobierno y apoyo a la Alta Dirección;31.067,51;91. ÓRGANOS CONSTITUCIONALES, GOBIERNO Y OTROS
2018;912Q;Asesoramiento para la protección de los intereses nacionales;281.948,70;91. ÓRGANOS CONSTITUCIONALES, GOBIERNO Y OTROS
2018;921P;Administración periférica del Estado;248.707,36;92. SERVICIOS DE CARÁCTER GENERAL
2018;921Q;Cobertura informativa;68.451,49;92. SERVICIOS DE CARÁCTER GENERAL
2018;921R;Publicidad de las normas legales;31.062,64;92. SERVICIOS DE CARÁCTER GENERAL
2018;922M;Organización territorial del Estado y desarrollo de sus sistemas de colaboración;13.122,70;92. SERVICIOS DE CARÁCTER GENERAL
2018;942A;Cooperación económica local del Estado;37.268,17;94. TRANSFERENCIAS A OTRAS ADMINISTRACIONES PÚBLICAS
2018;000X;Transferencias internas (Sección: 25 MINISTERIO DE LA PRESIDENCIA Y PARA LAS ADMINISTRACIONES TERRITORIALES);400.775,75;94. TRANSFERENCIAS A OTRAS ADMINISTRACIONES PÚBLICAS
2018;231A;Plan Nacional sobre Drogas;14.868,22;23. SERVICIOS SOCIALES Y PROMOCIÓN SOCIAL
2018;231F;Otros servicios sociales del Estado;242.929,86;23. SERVICIOS SOCIALES Y PROMOCIÓN SOCIAL
2018;231G;Atención a la infancia y a las familias;5.938,78;23. SERVICIOS SOCIALES Y PROMOCIÓN SOCIAL
2018;232A;Promoción y servicios a la juventud;32.961,44;23. SERVICIOS SOCIALES Y PROMOCIÓN SOCIAL
2018;232B;Igualdad de oportunidades entre mujeres y hombres;19.838,99;23. SERVICIOS SOCIALES Y PROMOCIÓN SOCIAL
2018;232C;Actuaciones para la prevención integral de la violencia de género;159.506,10;23. SERVICIOS SOCIALES Y PROMOCIÓN SOCIAL
2018;311M;Dirección y Servicios Generales de Sanidad, Servicios Sociales e Igualdad;50.142,27;31. SANIDAD
2018;311O;Políticas de Salud y Ordenación Profesional;9.024,45;31. SANIDAD
2018;313A;Prestaciones sanitarias y farmacia;56.354,36;31. SANIDAD
2018;313B;Salud pública, sanidad exterior y calidad;37.640,69;31. SANIDAD
2018;313C;Seguridad alimentaria y nutrición;16.143,47;31. SANIDAD
2018;313D;Donación y trasplante de órganos, tejidos y células;4.104,48;31. SANIDAD
2018;492O;Protección y promoción de los derechos de los consumidores y usuarios;13.762,35;49. OTRAS ACTUACIONES DE CARÁCTER ECONÓMICO
2018;000X;Transferencias internas (Sección: 26 MINISTERIO DE SANIDAD, SERVICIOS SOCIALES E IGUALDAD);1.936.774,96;49. OTRAS ACTUACIONES DE CARÁCTER ECONÓMICO
2018;143A;Cooperación para el desarrollo;985,00;14. POLÍTICA EXTERIOR Y DE COOPERACIÓN PARA EL DESARROLLO
2018;421O;Calidad y seguridad industrial;3.506,71;42. INDUSTRIA Y ENERGÍA
2018;422B;Desarrollo industrial;59.919,98;42. INDUSTRIA Y ENERGÍA
2018;422M;Reconversión y reindustrialización;871.454,98;42. INDUSTRIA Y ENERGÍA
2018;425A;Normativa y desarrollo energético;3.750.100,00;42. INDUSTRIA Y ENERGÍA
2018;431A;Promoción comercial e internacionalización de la empresa;400.482,34;43. COMERCIO, TURISMO Y PYMES
2018;431N;Ordenación del comercio exterior;9.076,64;43. COMERCIO, TURISMO Y PYMES
2018;431O;Ordenación y modernización de las estructuras comerciales;9.517,82;43. COMERCIO, TURISMO Y PYMES
2018;433M;Apoyo a la pequeña y mediana empresa;144.958,62;43. COMERCIO, TURISMO Y PYMES
2018;463A;Investigación científica;628.393,72;46. INVESTIGACIÓN, DESARROLLO, INNOVACIÓN Y DIGITALIZACIÓN
2018;463B;Fomento y coordinación de la investigación científica y técnica;2.981.143,71;46. INVESTIGACIÓN, DESARROLLO, INNOVACIÓN Y DIGITALIZACIÓN
2018;464B;Apoyo a la innovación tecnológica en el sector de la defensa;467.610,00;46. INVESTIGACIÓN, DESARROLLO, INNOVACIÓN Y DIGITALIZACIÓN
2018;465A;Investigación sanitaria;270.847,13;46. INVESTIGACIÓN, DESARROLLO, INNOVACIÓN Y DIGITALIZACIÓN
2018;467C;Investigación y desarrollo tecnológico-industrial;1.455.754,06;46. INVESTIGACIÓN, DESARROLLO, INNOVACIÓN Y DIGITALIZACIÓN
2018;467D;Investigación y experimentación agraria;53.505,23;46. INVESTIGACIÓN, DESARROLLO, INNOVACIÓN Y DIGITALIZACIÓN
2018;467E;Investigación oceanográfica y pesquera;61.036,61;46. INVESTIGACIÓN, DESARROLLO, INNOVACIÓN Y DIGITALIZACIÓN
2018;467F;Investigación geológico-minera y medioambiental;23.483,34;46. INVESTIGACIÓN, DESARROLLO, INNOVACIÓN Y DIGITALIZACIÓN
2018;467H;Investigación energética, medioambiental y tecnológica;90.429,23;46. INVESTIGACIÓN, DESARROLLO, INNOVACIÓN Y DIGITALIZACIÓN
2018;492M;Defensa de la competencia en los mercados y regulación de los sectores productivos;59.986,70;49. OTRAS ACTUACIONES DE CARÁCTER ECONÓMICO
2018;493M;Dirección, control y gestión de seguros;15.704,70;49. OTRAS ACTUACIONES DE CARÁCTER ECONÓMICO
2018;493O;Regulación contable y de auditorías;8.129,63;49. OTRAS ACTUACIONES DE CARÁCTER ECONÓMICO
2018;495C;Metrología;8.473,16;49. OTRAS ACTUACIONES DE CARÁCTER ECONÓMICO
2018;923C;Elaboración y difusión estadística;176.016,48;92. SERVICIOS DE CARÁCTER GENERAL
2018;923O;Gestión de la Deuda y de la Tesorería del Estado;26.255,84;92. SERVICIOS DE CARÁCTER GENERAL
2018;923P;Relaciones con Instituciones Financieras Multilaterales;428.789,06;92. SERVICIOS DE CARÁCTER GENERAL
2018;923Q;Dirección y Servicios Generales de Economía, Industria y Competitividad;54.728,18;92. SERVICIOS DE CARÁCTER GENERAL
2018;931M;Previsión y política económica;7.913,22;93. ADMINISTRACIÓN FINANCIERA Y TRIBUTARIA
2018;000X;Transferencias internas (Sección: 27 MINISTERIO DE ECONOMÍA, INDUSTRIA Y COMPETITIVIDAD);1.638.322,09;93. ADMINISTRACIÓN FINANCIERA Y TRIBUTARIA
2018;441M;Subvenciones y apoyo al transporte terrestre;293.695,52;44. INFRAESTRUCTURAS
2018;453A;Infraestructura del transporte ferroviario;11.983,61;45. INFRAESTRUCTURAS Y ECOSISTEMAS RESILIENTES
2018;941O;Otras transferencias a Comunidades Autónomas;685.395,96;94. TRANSFERENCIAS A OTRAS ADMINISTRACIONES PÚBLICAS
2018;942N;Otras aportaciones a Entidades Locales;218.901,57;94. TRANSFERENCIAS A OTRAS ADMINISTRACIONES PÚBLICAS
2018;941N;Transferencias a Comunidades Autónomas por los Fondos de Compensación Interterritorial;582.430,00;94. TRANSFERENCIAS A OTRAS ADMINISTRACIONES PÚBLICAS
2018;943M;Transferencias al Presupuesto General de la Unión Europea;13.003.274,00;94. TRANSFERENCIAS A OTRAS ADMINISTRACIONES PÚBLICAS
2018;943N;Cooperación al desarrollo a través del Fondo Europeo de Desarrollo;381.000,00;94. TRANSFERENCIAS A OTRAS ADMINISTRACIONES PÚBLICAS
2018;929N;Fondo de contingencia de ejecución presupuestaria;2.276.680,00;92. SERVICIOS DE CARÁCTER GENERAL
2018;941M;Transferencias a Comunidades Autónomas por participación en los ingresos del Estado;18.266.441,06;94. TRANSFERENCIAS A OTRAS ADMINISTRACIONES PÚBLICAS
2018;942M;Transferencias a Entidades Locales por participación en los ingresos del Estado;16.335.691,16;94. TRANSFERENCIAS A OTRAS ADMINISTRACIONES PÚBLICAS
2018;211M;Pensiones contributivas de la Seguridad Social;119.940.026,55;21. PENSIONES
2018;212M;Pensiones no contributivas y prestaciones asistenciales;2.380.367,35;21. PENSIONES
2018;212O;Gestión y control de los complementos a mínimos de pensiones;7.329.116,20;21. PENSIONES
2018;219M;Gestión de las prestaciones económicas de Seguridad Social;379.806,55;21. PENSIONES
2018;221M;Subsidios de incapacidad temporal y otras prestaciones económicas de la Seguridad Social;13.175.843,40;22. OTRAS PRESTACIONES ECONÓMICAS
2018;224M;Prestaciones económicas por cese de actividad;20.860,00;22. OTRAS PRESTACIONES ECONÓMICAS
2018;231C;Servicios Sociales de la Seguridad Social a personas con discapacidad;52.704,87;23. SERVICIOS SOCIALES Y PROMOCIÓN SOCIAL
2018;231D;Servicios Sociales de la Seguridad Social a personas mayores;117.340,60;23. SERVICIOS SOCIALES Y PROMOCIÓN SOCIAL
2018;231E;Otros servicios sociales de la Seguridad Social;47.605,16;23. SERVICIOS SOCIALES Y PROMOCIÓN SOCIAL
2018;231I;Autonomía personal y atención a la dependencia;1.401.091,30;23. SERVICIOS SOCIALES Y PROMOCIÓN SOCIAL
2018;239M;Gestión de los servicios sociales de la Seguridad Social;47.306,38;23. SERVICIOS SOCIALES Y PROMOCIÓN SOCIAL
2018;291M;Dirección y Servicios Generales de Seguridad Social y Protección Social;3.204.627,29;29. GESTIÓN Y ADMINISTRACIÓN DE LA INCLUSIÓN, DE LA SEGURIDAD SOCIAL Y DE LA MIGRACIÓN
2018;311M;Dirección y Servicios Generales de Sanidad, Servicios Sociales e Igualdad;15.966,91;31. SANIDAD
2018;312B;Atención primaria de salud. Instituto Nacional de Gestión Sanitaria;65.704,41;31. SANIDAD
2018;312C;Atención especializada de salud. Instituto Nacional de Gestión Sanitaria;160.409,46;31. SANIDAD
2018;312D;Medicina marítima;35.123,77;31. SANIDAD
2018;312F;Atención primaria de salud de Mutuas colaboradoras con la Seguridad Social e Instituto Social de la Marina;944.377,56;31. SANIDAD
2018;312G;Atención especializada de salud de Mutuas colaboradoras con la Seguridad Social e Instituto Social de la Marina;459.005,26;31. SANIDAD
2018;322I;Enseñanzas especiales;2.575,03;32. EDUCACIÓN
2018;000X;Transferencias internas (Sección: 60 SEGURIDAD SOCIAL);4.369.580,49;32. EDUCACIÓN
2019;911M;Jefatura del Estado;7.887,15;91. ÓRGANOS CONSTITUCIONALES, GOBIERNO Y OTROS
2019;911N;Actividad legislativa;212.136,84;91. ÓRGANOS CONSTITUCIONALES, GOBIERNO Y OTROS
2019;911O;Control externo del Sector Público;63.016,62;91. ÓRGANOS CONSTITUCIONALES, GOBIERNO Y OTROS
2019;911P;Control Constitucional;23.866,87;91. ÓRGANOS CONSTITUCIONALES, GOBIERNO Y OTROS
2019;912N;Alto asesoramiento del Estado;11.388,65;91. ÓRGANOS CONSTITUCIONALES, GOBIERNO Y OTROS
2019;951M;Amortización y gastos financieros de la deuda pública en euros;110.939.165,82;95. GASTOS FINANCIEROS DE LA DEUDA PUBLICA
2019;951N;Amortización y gastos financieros de la deuda pública en moneda extranjera;1.918.962,00;95. GASTOS FINANCIEROS DE LA DEUDA PUBLICA
2019;211N;Pensiones de Clases Pasivas;14.589.889,81;21. PENSIONES
2019;211O;Otras pensiones y prestaciones de Clases Pasivas;42.274,37;21. PENSIONES
2019;212N;Pensiones de guerra;158.817,84;21. PENSIONES
2019;000X;Transferencias internas (Sección: 07 CLASES PASIVAS);249,75;21. PENSIONES
2019;111M;Gobierno del Poder Judicial;33.607,16;11. JUSTICIA
2019;111O;Selección y formación de jueces;15.230,34;11. JUSTICIA
2019;111P;Documentación y publicaciones judiciales;9.288,64;11. JUSTICIA
2019;923S;Aportaciones al Mutualismo Administrativo;2.053.538,78;92. SERVICIOS DE CARÁCTER GENERAL
2019;000X;Transferencias internas (Sección: 09 APORTACIONES AL MUTUALISMO ADMINISTRATIVO);103.533,67;92. SERVICIOS DE CARÁCTER GENERAL
2019;923R;Contratación centralizada;283.321,43;92. SERVICIOS DE CARÁCTER GENERAL
2019;141M;Dirección y Servicios Generales de Asuntos Exteriores, Unión Europea y Cooperación;64.411,38;14. POLÍTICA EXTERIOR Y DE COOPERACIÓN PARA EL DESARROLLO
2019;142A;Acción del Estado en el exterior;790.916,79;14. POLÍTICA EXTERIOR Y DE COOPERACIÓN PARA EL DESARROLLO
2019;142B;Acción Diplomática ante la Unión Europea;21.244,02;14. POLÍTICA EXTERIOR Y DE COOPERACIÓN PARA EL DESARROLLO
2019;143A;Cooperación para el desarrollo;552.183,50;14. POLÍTICA EXTERIOR Y DE COOPERACIÓN PARA EL DESARROLLO
2019;144A;Cooperación, promoción y difusión cultural en el exterior;128.316,73;14. POLÍTICA EXTERIOR Y DE COOPERACIÓN PARA EL DESARROLLO
2019;467G;Investigación y desarrollo de la Sociedad de la Información;1.886,66;46. INVESTIGACIÓN, DESARROLLO, INNOVACIÓN Y DIGITALIZACIÓN
2019;000X;Transferencias internas (Sección: 12 MINISTERIO DE ASUNTOS EXTERIORES, UNIÓN EUROPEA Y COOPERACIÓN);287.507,98;46. INVESTIGACIÓN, DESARROLLO, INNOVACIÓN Y DIGITALIZACIÓN
2019;111N;Dirección y Servicios Generales de Justicia;50.237,04;11. JUSTICIA
2019;111Q;Formación del Personal de la Administración de Justicia;7.601,37;11. JUSTICIA
2019;111R;Formación de la Carrera Fiscal;2.447,40;11. JUSTICIA
2019;112A;Tribunales de Justicia y Ministerio Fiscal;1.628.201,68;11. JUSTICIA
2019;113M;Registros vinculados con la Fe Pública;33.115,74;11. JUSTICIA
2019;135M;Protección de datos de carácter personal;13.960,74;13. SEGURIDAD CIUDADANA E INSTITUCIONES PENITENCIARIAS
2019;222M;Prestaciones económicas del Mutualismo Administrativo;20.163,81;22. OTRAS PRESTACIONES ECONÓMICAS
2019;312E;Asistencia sanitaria del Mutualismo Administrativo;84.379,36;31. SANIDAD
2019;921S;Asesoramiento y defensa de los intereses del Estado;34.247,82;92. SERVICIOS DE CARÁCTER GENERAL
2019;000X;Transferencias internas (Sección: 13 MINISTERIO DE JUSTICIA);7.381,25;92. SERVICIOS DE CARÁCTER GENERAL
2019;121M;Administración y Servicios Generales de Defensa;1.187.440,83;12. DEFENSA
2019;121N;Formación del Personal de las Fuerzas Armadas;413.085,14;12. DEFENSA
2019;121O;Personal en reserva;526.213,65;12. DEFENSA
2019;122A;Modernización de las Fuerzas Armadas;159.723,17;12. DEFENSA
2019;122B;Programas especiales de modernización;2.164.477,00;12. DEFENSA
2019;122M;Gastos Operativos de las Fuerzas Armadas;2.629.413,08;12. DEFENSA
2019;122N;Apoyo Logístico;1.320.208,67;12. DEFENSA
2019;222M;Prestaciones económicas del Mutualismo Administrativo;78.126,20;22. OTRAS PRESTACIONES ECONÓMICAS
2019;312A;Asistencia hospitalaria en las Fuerzas Armadas;150.158,34;31. SANIDAD
2019;312E;Asistencia sanitaria del Mutualismo Administrativo;701.310,85;31. SANIDAD
2019;464A;Investigación y estudios de las Fuerzas Armadas;211.597,48;46. INVESTIGACIÓN, DESARROLLO, INNOVACIÓN Y DIGITALIZACIÓN
2019;912Q;Asesoramiento para la protección de los intereses nacionales;281.948,70;91. ÓRGANOS CONSTITUCIONALES, GOBIERNO Y OTROS
2019;931P;Control interno y Contabilidad Pública;178,26;93. ADMINISTRACIÓN FINANCIERA Y TRIBUTARIA
2019;000X;Transferencias internas (Sección: 14 MINISTERIO DE DEFENSA);375.726,51;93. ADMINISTRACIÓN FINANCIERA Y TRIBUTARIA
2019;219N;Gestión de pensiones de Clases Pasivas;5.808,82;21. PENSIONES
2019;231G;Atención a la infancia y a las familias;4.300,00;23. SERVICIOS SOCIALES Y PROMOCIÓN SOCIAL
2019;337B;Conservación y restauración de bienes culturales;7.644,89;33. CULTURA
2019;422A;Incentivos regionales a la localización industrial;59.852,77;42. INDUSTRIA Y ENERGÍA
2019;462N;Investigación y estudios estadísticos y económicos;5.717,02;46. INVESTIGACIÓN, DESARROLLO, INNOVACIÓN Y DIGITALIZACIÓN
2019;467G;Investigación y desarrollo de la Sociedad de la Información;7.569,94;46. INVESTIGACIÓN, DESARROLLO, INNOVACIÓN Y DIGITALIZACIÓN
2019;492N;Regulación y vigilancia de la competencia en el Mercado de Tabacos;7.387,32;49. OTRAS ACTUACIONES DE CARÁCTER ECONÓMICO
2019;496M;Regulación del juego;6.511,79;49. OTRAS ACTUACIONES DE CARÁCTER ECONÓMICO
2019;921T;Servicios de transportes de Ministerios;45.286,72;92. SERVICIOS DE CARÁCTER GENERAL
2019;922N;Coordinación y relaciones financieras con los Entes Territoriales;17.508.285,55;92. SERVICIOS DE CARÁCTER GENERAL
2019;923A;Gestión del Patrimonio del Estado;184.155,49;92. SERVICIOS DE CARÁCTER GENERAL
2019;923M;Dirección y Servicios Generales de Hacienda;1.024.789,54;92. SERVICIOS DE CARÁCTER GENERAL
2019;923N;Formación del personal de Economía y Hacienda;11.815,65;92. SERVICIOS DE CARÁCTER GENERAL
2019;931N;Política presupuestaria;55.932,58;93. ADMINISTRACIÓN FINANCIERA Y TRIBUTARIA
2019;931O;Política tributaria;5.582,74;93. ADMINISTRACIÓN FINANCIERA Y TRIBUTARIA
2019;931P;Control interno y Contabilidad Pública;84.331,12;93. ADMINISTRACIÓN FINANCIERA Y TRIBUTARIA
2019;931Q;Control y Supervisión de la Política Fiscal;7.042,83;93. ADMINISTRACIÓN FINANCIERA Y TRIBUTARIA
2019;932A;Aplicación del sistema tributario estatal;1.088.740,38;93. ADMINISTRACIÓN FINANCIERA Y TRIBUTARIA
2019;932M;Gestión del catastro inmobiliario;110.456,59;93. ADMINISTRACIÓN FINANCIERA Y TRIBUTARIA
2019;932N;Resolución de reclamaciones económico-administrativas;29.351,13;93. ADMINISTRACIÓN FINANCIERA Y TRIBUTARIA
2019;000X;Transferencias internas (Sección: 15 MINISTERIO DE HACIENDA);1.097.471,35;93. ADMINISTRACIÓN FINANCIERA Y TRIBUTARIA
2019;131M;Dirección y Servicios Generales de Seguridad y Protección Civil;66.451,29;13. SEGURIDAD CIUDADANA E INSTITUCIONES PENITENCIARIAS
2019;131N;Formación de Fuerzas y Cuerpos de Seguridad del Estado;141.337,07;13. SEGURIDAD CIUDADANA E INSTITUCIONES PENITENCIARIAS
2019;131O;Fuerzas y Cuerpos en reserva;382.440,70;13. SEGURIDAD CIUDADANA E INSTITUCIONES PENITENCIARIAS
2019;131P;Derecho de asilo y apátridas;6.404,53;13. SEGURIDAD CIUDADANA E INSTITUCIONES PENITENCIARIAS
2019;132A;Seguridad ciudadana;5.789.769,35;13. SEGURIDAD CIUDADANA E INSTITUCIONES PENITENCIARIAS
2019;132B;Seguridad vial;766.455,39;13. SEGURIDAD CIUDADANA E INSTITUCIONES PENITENCIARIAS
2019;132C;Actuaciones policiales en materia de droga;76.349,43;13. SEGURIDAD CIUDADANA E INSTITUCIONES PENITENCIARIAS
2019;133A;Centros e Instituciones Penitenciarias;1.160.426,94;13. SEGURIDAD CIUDADANA E INSTITUCIONES PENITENCIARIAS
2019;134M;Protección Civil;14.545,48;13. SEGURIDAD CIUDADANA E INSTITUCIONES PENITENCIARIAS
2019;924M;Elecciones y Partidos Políticos;62.866,69;92. SERVICIOS DE CARÁCTER GENERAL
2019;000X;Transferencias internas (Sección: 16 MINISTERIO DEL INTERIOR);168.959,31;92. SERVICIOS DE CARÁCTER GENERAL
2019;261N;Promoción, administración y ayudas para rehabilitación y acceso a vivienda;450.652,67;26. ACCESO A LA VIVIENDA Y FOMENTO DE LA EDIFICACIÓN
2019;261O;Ordenación y fomento de la edificación;29.409,10;26. ACCESO A LA VIVIENDA Y FOMENTO DE LA EDIFICACIÓN
2019;261P;Urbanismo y política del suelo;1.480,61;26. ACCESO A LA VIVIENDA Y FOMENTO DE LA EDIFICACIÓN
2019;441M;Subvenciones y apoyo al transporte terrestre;1.247.491,97;44. INFRAESTRUCTURAS
2019;441N;Subvenciones y apoyo al transporte marítimo;128.689,65;44. INFRAESTRUCTURAS
2019;441O;Subvenciones y apoyo al transporte aéreo;393.585,92;44. INFRAESTRUCTURAS
2019;441P;Subvenciones al transporte extrapeninsular de mercancías;75.247,03;44. INFRAESTRUCTURAS
2019;451M;Estudios y servicios de asistencia técnica en Obras Públicas y Urbanismo;28.805,20;45. INFRAESTRUCTURAS Y ECOSISTEMAS RESILIENTES
2019;451N;Dirección y Servicios Generales de Fomento;917.686,23;45. INFRAESTRUCTURAS Y ECOSISTEMAS RESILIENTES
2019;453A;Infraestructura del transporte ferroviario;400.730,00;45. INFRAESTRUCTURAS Y ECOSISTEMAS RESILIENTES
2019;453B;Creación de infraestructura de carreteras;1.456.244,89;45. INFRAESTRUCTURAS Y ECOSISTEMAS RESILIENTES
2019;453C;Conservación y explotación de carreteras;807.538,49;45. INFRAESTRUCTURAS Y ECOSISTEMAS RESILIENTES
2019;453M;Ordenación e inspección del transporte terrestre;21.443,83;45. INFRAESTRUCTURAS Y ECOSISTEMAS RESILIENTES
2019;453N;Regulación y supervisión de la seguridad ferroviaria;13.880,51;45. INFRAESTRUCTURAS Y ECOSISTEMAS RESILIENTES
2019;453O;Comisión de Investigación de Accidentes Ferroviarios;390,84;45. INFRAESTRUCTURAS Y ECOSISTEMAS RESILIENTES
2019;454M;Regulación y seguridad del tráfico marítimo;41.175,19;45. INFRAESTRUCTURAS Y ECOSISTEMAS RESILIENTES
2019;454O;Comisión de Investigación de Accidentes e Incidentes Marítimos;584,67;45. INFRAESTRUCTURAS Y ECOSISTEMAS RESILIENTES
2019;455M;Regulación y supervisión de la aviación civil;86.529,50;45. INFRAESTRUCTURAS Y ECOSISTEMAS RESILIENTES
2019;455O;Comisión de Investigación de Accidentes e Incidentes de Aviación Civil;1.468,08;45. INFRAESTRUCTURAS Y ECOSISTEMAS RESILIENTES
2019;467B;Investigación, desarrollo y experimentación en transporte e infraestructuras;960,00;46. INVESTIGACIÓN, DESARROLLO, INNOVACIÓN Y DIGITALIZACIÓN
2019;467G;Investigación y desarrollo de la Sociedad de la Información;980,00;46. INVESTIGACIÓN, DESARROLLO, INNOVACIÓN Y DIGITALIZACIÓN
2019;491N;Servicio postal universal;120.790,00;49. OTRAS ACTUACIONES DE CARÁCTER ECONÓMICO
2019;495A;Desarrollo y aplicación de la información geográfica española;35.354,77;49. OTRAS ACTUACIONES DE CARÁCTER ECONÓMICO
2019;497M;Salvamento y lucha contra la contaminación en la mar;152.535,00;49. OTRAS ACTUACIONES DE CARÁCTER ECONÓMICO
2019;000X;Transferencias internas (Sección: 17 MINISTERIO DE FOMENTO);33.184,24;49. OTRAS ACTUACIONES DE CARÁCTER ECONÓMICO
2019;144B;Cooperación, promoción y difusión educativa en el exterior;11.265,21;14. POLÍTICA EXTERIOR Y DE COOPERACIÓN PARA EL DESARROLLO
2019;321M;Dirección y Servicios Generales de Educación y Formación Profesional;49.793,09;32. EDUCACIÓN
2019;321N;Formación permanente del profesorado de Educación;2.703,21;32. EDUCACIÓN
2019;322A;Educación Infantil y Primaria;155.723,77;32. EDUCACIÓN
2019;322B;Educación Secundaria, Formación Profesional y Escuelas Oficiales de Idiomas;419.165,71;32. EDUCACIÓN
2019;322E;Enseñanzas artísticas;3.563,34;32. EDUCACIÓN
2019;322F;Educación en el exterior;97.568,47;32. EDUCACIÓN
2019;322G;Educación compensatoria;4.536,50;32. EDUCACIÓN
2019;322L;Inversiones en centros educativos y otras actividades educativas;84.395,72;32. EDUCACIÓN
2019;323M;Becas y ayudas a estudiantes;1.534.945,14;32. EDUCACIÓN
2019;463A;Investigación científica;278,03;46. INVESTIGACIÓN, DESARROLLO, INNOVACIÓN Y DIGITALIZACIÓN
2019;000X;Transferencias internas (Sección: 18 MINISTERIO DE EDUCACIÓN Y FORMACIÓN PROFESIONAL);16.107,06;46. INVESTIGACIÓN, DESARROLLO, INNOVACIÓN Y DIGITALIZACIÓN
2019;143A;Cooperación para el desarrollo;1.573,43;14. POLÍTICA EXTERIOR Y DE COOPERACIÓN PARA EL DESARROLLO
2019;212M;Pensiones no contributivas y prestaciones asistenciales;8.198,17;21. PENSIONES
2019;223M;Prestaciones de garantía salarial;796.411,04;22. OTRAS PRESTACIONES ECONÓMICAS
2019;224M;Prestaciones económicas por cese de actividad;15.219,60;22. OTRAS PRESTACIONES ECONÓMICAS
2019;231B;Acciones en favor de los emigrantes;59.367,42;23. SERVICIOS SOCIALES Y PROMOCIÓN SOCIAL
2019;231H;Acciones en favor de los inmigrantes;318.095,34;23. SERVICIOS SOCIALES Y PROMOCIÓN SOCIAL
2019;241A;Fomento de la inserción y estabilidad laboral;3.373.563,39;24. FOMENTO DEL EMPLEO
2019;241B;Formación Profesional para el Empleo;2.331.231,86;24. FOMENTO DEL EMPLEO
2019;241N;Desarrollo del trabajo autónomo, de la economía social y de la responsabilidad social de las empresas;11.164,66;24. FOMENTO DEL EMPLEO
2019;251M;Prestaciones a los desempleados;17.702.180,62;25. DESEMPLEO
2019;291A;Inspección y control de Seguridad y Protección Social;145.799,38;29. GESTIÓN Y ADMINISTRACIÓN DE LA INCLUSIÓN, DE LA SEGURIDAD SOCIAL Y DE LA MIGRACIÓN
2019;291M;Dirección y Servicios Generales de Seguridad Social y Protección Social;13.946.347,00;29. GESTIÓN Y ADMINISTRACIÓN DE LA INCLUSIÓN, DE LA SEGURIDAD SOCIAL Y DE LA MIGRACIÓN
2019;494M;Administración de las relaciones laborales y condiciones de trabajo;52.790,01;49. OTRAS ACTUACIONES DE CARÁCTER ECONÓMICO
2019;912P;Asesoramiento del Gobierno en materia social, económica y laboral;8.040,41;91. ÓRGANOS CONSTITUCIONALES, GOBIERNO Y OTROS
2019;000X;Transferencias internas (Sección: 19 MINISTERIO DE TRABAJO, MIGRACIONES Y SEGURIDAD SOCIAL);13.472.051,57;91. ÓRGANOS CONSTITUCIONALES, GOBIERNO Y OTROS
2019;421M;Dirección y Servicios Generales de Industria, Comercio y Turismo;69.259,09;42. INDUSTRIA Y ENERGÍA
2019;421N;Regulación y protección de la Propiedad Industrial;51.444,00;42. INDUSTRIA Y ENERGÍA
2019;421O;Calidad y seguridad industrial;3.506,71;42. INDUSTRIA Y ENERGÍA
2019;422B;Desarrollo industrial;59.919,98;42. INDUSTRIA Y ENERGÍA
2019;422M;Reconversión y reindustrialización;871.454,98;42. INDUSTRIA Y ENERGÍA
2019;431A;Promoción comercial e internacionalización de la empresa;400.482,34;43. COMERCIO, TURISMO Y PYMES
2019;431N;Ordenación del comercio exterior;9.076,64;43. COMERCIO, TURISMO Y PYMES
2019;431O;Ordenación y modernización de las estructuras comerciales;9.517,82;43. COMERCIO, TURISMO Y PYMES
2019;432A;Coordinación y promoción del turismo;332.167,33;43. COMERCIO, TURISMO Y PYMES
2019;433M;Apoyo a la pequeña y mediana empresa;144.958,62;43. COMERCIO, TURISMO Y PYMES
2019;464B;Apoyo a la innovación tecnológica en el sector de la defensa;467.610,00;46. INVESTIGACIÓN, DESARROLLO, INNOVACIÓN Y DIGITALIZACIÓN
2019;467C;Investigación y desarrollo tecnológico-industrial;396.179,70;46. INVESTIGACIÓN, DESARROLLO, INNOVACIÓN Y DIGITALIZACIÓN
2019;495C;Metrología;8.473,16;49. OTRAS ACTUACIONES DE CARÁCTER ECONÓMICO
2019;921U;Publicaciones;91,94;92. SERVICIOS DE CARÁCTER GENERAL
2019;000X;Transferencias internas (Sección: 20 MINISTERIO DE INDUSTRIA, COMERCIO Y TURISMO);68.968,96;92. SERVICIOS DE CARÁCTER GENERAL
2019;231F;Otros servicios sociales del Estado;106.482,10;23. SERVICIOS SOCIALES Y PROMOCIÓN SOCIAL
2019;411M;Dirección y Servicios Generales de Agricultura, Pesca y Alimentación;84.782,86;41. AGRICULTURA, PESCA Y ALIMENTACIÓN
2019;412C;Competitividad y calidad de la producción y los mercados agrarios;49.748,29;41. AGRICULTURA, PESCA Y ALIMENTACIÓN
2019;412D;Competitividad y calidad de la sanidad agraria;42.013,44;41. AGRICULTURA, PESCA Y ALIMENTACIÓN
2019;412M;Regulación de los mercados agrarios;5.803.980,10;41. AGRICULTURA, PESCA Y ALIMENTACIÓN
2019;413A;Competitividad industria agroalimentaria y calidad alimentaria;32.555,40;41. AGRICULTURA, PESCA Y ALIMENTACIÓN
2019;414A;Gestión de recursos hídricos para el regadío;59.726,57;41. AGRICULTURA, PESCA Y ALIMENTACIÓN
2019;414B;Desarrollo del medio rural;1.233.563,12;41. AGRICULTURA, PESCA Y ALIMENTACIÓN
2019;415A;Protección de los recursos pesqueros y desarrollo sostenible;19.032,25;41. AGRICULTURA, PESCA Y ALIMENTACIÓN
2019;415B;Mejora de estructuras y mercados pesqueros;42.878,24;41. AGRICULTURA, PESCA Y ALIMENTACIÓN
2019;416A;Previsión de riesgos en las producciones agrarias y pesqueras;216.466,92;41. AGRICULTURA, PESCA Y ALIMENTACIÓN
2019;417A;Desarrollo de la política forestal;122.194,46;41. AGRICULTURA, PESCA Y ALIMENTACIÓN
2019;000X;Transferencias internas (Sección: 21 MINISTERIO DE AGRICULTURA, PESCA Y ALIMENTACIÓN);302.050,44;41. AGRICULTURA, PESCA Y ALIMENTACIÓN
2019;222M;Prestaciones económicas del Mutualismo Administrativo;278.452,90;22. OTRAS PRESTACIONES ECONÓMICAS
2019;312E;Asistencia sanitaria del Mutualismo Administrativo;1.462.066,73;31. SANIDAD
2019;467G;Investigación y desarrollo de la Sociedad de la Información;45.832,66;46. INVESTIGACIÓN, DESARROLLO, INNOVACIÓN Y DIGITALIZACIÓN
2019;921M;Dirección y Servicios Generales de Política Territorial y Función Pública;9.259,16;92. SERVICIOS DE CARÁCTER GENERAL
2019;921N;Dirección y organización de la Administración Pública;24.745,79;92. SERVICIOS DE CARÁCTER GENERAL
2019;921O;Formación del personal de las Administraciones Públicas;84.840,72;92. SERVICIOS DE CARÁCTER GENERAL
2019;921P;Administración periférica del Estado;248.707,36;92. SERVICIOS DE CARÁCTER GENERAL
2019;921X;Evaluación de la transparencia de la actividad pública;2.276,86;92. SERVICIOS DE CARÁCTER GENERAL
2019;922M;Organización territorial del Estado y desarrollo de sus sistemas de colaboración;13.122,70;92. SERVICIOS DE CARÁCTER GENERAL
2019;942A;Cooperación económica local del Estado;37.268,17;94. TRANSFERENCIAS A OTRAS ADMINISTRACIONES PÚBLICAS
2019;000X;Transferencias internas (Sección: 22 MINISTERIO DE POLÍTICA TERRITORIAL Y FUNCIÓN PÚBLICA);14.347,93;94. TRANSFERENCIAS A OTRAS ADMINISTRACIONES PÚBLICAS
2019;423M;Desarrollo alternativo de las comarcas mineras del carbón;32.200,00;42. INDUSTRIA Y ENERGÍA
2019;423N;Explotación minera;290.689,95;42. INDUSTRIA Y ENERGÍA
2019;424M;Seguridad nuclear y protección radiológica;46.877,04;42. INDUSTRIA Y ENERGÍA
2019;425A;Normativa y desarrollo energético;535.231,37;42. INDUSTRIA Y ENERGÍA
2019;451O;Dirección y Servicios Generales para la Transición Ecológica;51.300,72;45. INFRAESTRUCTURAS Y ECOSISTEMAS RESILIENTES
2019;452A;Gestión e infraestructuras del agua;1.194.168,70;45. INFRAESTRUCTURAS Y ECOSISTEMAS RESILIENTES
2019;452M;Normativa y ordenación territorial de los recursos hídricos;69.616,87;45. INFRAESTRUCTURAS Y ECOSISTEMAS RESILIENTES
2019;456A;Calidad del agua;181.624,39;45. INFRAESTRUCTURAS Y ECOSISTEMAS RESILIENTES
2019;456B;Protección y mejora del medio ambiente;20.692,43;45. INFRAESTRUCTURAS Y ECOSISTEMAS RESILIENTES
2019;456C;Protección y mejora del medio natural;52.492,64;45. INFRAESTRUCTURAS Y ECOSISTEMAS RESILIENTES
2019;456D;Actuación en la costa;98.684,63;45. INFRAESTRUCTURAS Y ECOSISTEMAS RESILIENTES
2019;456M;Actuaciones para la prevención de la contaminación y el cambio climático;27.888,69;45. INFRAESTRUCTURAS Y ECOSISTEMAS RESILIENTES
2019;457M;Infraestructuras en comarcas mineras del carbón;45.000,50;45. INFRAESTRUCTURAS Y ECOSISTEMAS RESILIENTES
2019;495B;Meteorología;128.957,86;49. OTRAS ACTUACIONES DE CARÁCTER ECONÓMICO
2019;000X;Transferencias internas (Sección: 23 MINISTERIO PARA LA TRANSICIÓN ECOLÓGICA);4.250.908,57;49. OTRAS ACTUACIONES DE CARÁCTER ECONÓMICO
2019;144A;Cooperación, promoción y difusión cultural en el exterior;8.495,52;14. POLÍTICA EXTERIOR Y DE COOPERACIÓN PARA EL DESARROLLO
2019;322L;Inversiones en centros educativos y otras actividades educativas;15.663,00;32. EDUCACIÓN
2019;331M;Dirección y Servicios Generales de Cultura y Deporte;34.754,65;33. CULTURA
2019;332A;Archivos;27.694,89;33. CULTURA
2019;332B;Bibliotecas;47.053,80;33. CULTURA
2019;333A;Museos;158.137,73;33. CULTURA
2019;333B;Exposiciones;2.196,78;33. CULTURA
2019;334A;Promoción y cooperación cultural;9.489,97;33. CULTURA
2019;334B;Promoción del libro y publicaciones culturales;8.228,43;33. CULTURA
2019;334C;Fomento de las industrias culturales;14.078,60;33. CULTURA
2019;335A;Música y danza;100.816,14;33. CULTURA
2019;335B;Teatro;50.942,15;33. CULTURA
2019;335C;Cinematografía;85.683,72;33. CULTURA
2019;336A;Fomento y apoyo de las actividades deportivas;190.047,26;33. CULTURA
2019;337B;Conservación y restauración de bienes culturales;24.551,52;33. CULTURA
2019;337C;Protección del Patrimonio Histórico;8.344,24;33. CULTURA
2019;000X;Transferencias internas (Sección: 24 MINISTERIO DE CULTURA Y DEPORTE);483.652,24;33. CULTURA
2019;232B;Igualdad de oportunidades entre mujeres y hombres;19.672,50;23. SERVICIOS SOCIALES Y PROMOCIÓN SOCIAL
2019;232C;Actuaciones para la prevención integral de la violencia de género;159.508,50;23. SERVICIOS SOCIALES Y PROMOCIÓN SOCIAL
2019;232D;Igualdad de trato y diversidad;1.348,17;23. SERVICIOS SOCIALES Y PROMOCIÓN SOCIAL
2019;337A;Administración del Patrimonio Histórico-Nacional;117.428,67;33. CULTURA
2019;462M;Investigación y estudios sociológicos y constitucionales;12.075,52;46. INVESTIGACIÓN, DESARROLLO, INNOVACIÓN Y DIGITALIZACIÓN
2019;467G;Investigación y desarrollo de la Sociedad de la Información;604,82;46. INVESTIGACIÓN, DESARROLLO, INNOVACIÓN Y DIGITALIZACIÓN
2019;911Q;Apoyo a la gestión administrativa de la Jefatura del Estado;6.182,90;91. ÓRGANOS CONSTITUCIONALES, GOBIERNO Y OTROS
2019;912M;Presidencia del Gobierno;35.941,95;91. ÓRGANOS CONSTITUCIONALES, GOBIERNO Y OTROS
2019;912O;Relaciones con las Cortes Generales, Secretariado del Gobierno y apoyo a la Alta Dirección;30.638,24;91. ÓRGANOS CONSTITUCIONALES, GOBIERNO Y OTROS
2019;921Q;Cobertura informativa;68.451,49;92. SERVICIOS DE CARÁCTER GENERAL
2019;921R;Publicidad de las normas legales;31.062,64;92. SERVICIOS DE CARÁCTER GENERAL
2019;000X;Transferencias internas (Sección: 25 MINISTERIO DE LA PRESIDENCIA, RELACIONES CON LAS CORTES E IGUALDAD);131.412,74;92. SERVICIOS DE CARÁCTER GENERAL
2019;231A;Plan Nacional sobre Drogas;14.868,22;23. SERVICIOS SOCIALES Y PROMOCIÓN SOCIAL
2019;231F;Otros servicios sociales del Estado;242.259,06;23. SERVICIOS SOCIALES Y PROMOCIÓN SOCIAL
2019;231G;Atención a la infancia y a las familias;5.938,78;23. SERVICIOS SOCIALES Y PROMOCIÓN SOCIAL
2019;232A;Promoción y servicios a la juventud;32.961,44;23. SERVICIOS SOCIALES Y PROMOCIÓN SOCIAL
2019;311M;Dirección y Servicios Generales de Sanidad, Consumo y Bienestar Social;49.566,91;31. SANIDAD
2019;311O;Políticas de Salud y Ordenación Profesional;9.024,45;31. SANIDAD
2019;313A;Prestaciones sanitarias y farmacia;56.354,36;31. SANIDAD
2019;313B;Salud pública, sanidad exterior y calidad;37.640,69;31. SANIDAD
2019;313C;Seguridad alimentaria y nutrición;16.143,47;31. SANIDAD
2019;313D;Donación y trasplante de órganos, tejidos y células;4.104,48;31. SANIDAD
2019;492O;Protección y promoción de los derechos de los consumidores y usuarios;13.762,35;49. OTRAS ACTUACIONES DE CARÁCTER ECONÓMICO
2019;000X;Transferencias internas (Sección: 26 MINISTERIO DE SANIDAD, CONSUMO Y BIENESTAR SOCIAL);1.909.567,52;49. OTRAS ACTUACIONES DE CARÁCTER ECONÓMICO
2019;425A;Normativa y desarrollo energético;3.750.100,00;42. INDUSTRIA Y ENERGÍA
2019;467G;Investigación y desarrollo de la Sociedad de la Información;89.299,35;46. INVESTIGACIÓN, DESARROLLO, INNOVACIÓN Y DIGITALIZACIÓN
2019;467I;Innovación tecnológica de las telecomunicaciones;552.954,44;46. INVESTIGACIÓN, DESARROLLO, INNOVACIÓN Y DIGITALIZACIÓN
2019;491M;Ordenación y promoción de las telecomunicaciones y de la Sociedad de la Información;29.117,69;49. OTRAS ACTUACIONES DE CARÁCTER ECONÓMICO
2019;492M;Defensa de la competencia en los mercados y regulación de los sectores productivos;59.986,70;49. OTRAS ACTUACIONES DE CARÁCTER ECONÓMICO
2019;493M;Dirección, control y gestión de seguros;15.704,70;49. OTRAS ACTUACIONES DE CARÁCTER ECONÓMICO
2019;493O;Regulación contable y de auditorías;8.129,63;49. OTRAS ACTUACIONES DE CARÁCTER ECONÓMICO
2019;923C;Elaboración y difusión estadística;176.016,48;92. SERVICIOS DE CARÁCTER GENERAL
2019;923O;Gestión de la Deuda y de la Tesorería del Estado;26.255,84;92. SERVICIOS DE CARÁCTER GENERAL
2019;923P;Relaciones con Instituciones Financieras Multilaterales;428.789,06;92. SERVICIOS DE CARÁCTER GENERAL
2019;923Q;Dirección y Servicios Generales de Economía y Empresa;43.961,00;92. SERVICIOS DE CARÁCTER GENERAL
2019;931M;Previsión y política económica;7.913,22;93. ADMINISTRACIÓN FINANCIERA Y TRIBUTARIA
2019;000X;Transferencias internas (Sección: 27 MINISTERIO DE ECONOMÍA Y EMPRESA);217.447,68;93. ADMINISTRACIÓN FINANCIERA Y TRIBUTARIA
2019;143A;Cooperación para el desarrollo;985,00;14. POLÍTICA EXTERIOR Y DE COOPERACIÓN PARA EL DESARROLLO
2019;144B;Cooperación, promoción y difusión educativa en el exterior;2.051,92;14. POLÍTICA EXTERIOR Y DE COOPERACIÓN PARA EL DESARROLLO
2019;322C;Enseñanzas universitarias;130.115,92;32. EDUCACIÓN
2019;323M;Becas y ayudas a estudiantes;39.933,90;32. EDUCACIÓN
2019;461M;Dirección y Servicios Generales de Ciencia, Innovación y Universidades;5.935,78;46. INVESTIGACIÓN, DESARROLLO, INNOVACIÓN Y DIGITALIZACIÓN
2019;463A;Investigación científica;730.243,91;46. INVESTIGACIÓN, DESARROLLO, INNOVACIÓN Y DIGITALIZACIÓN
2019;463B;Fomento y coordinación de la investigación científica y técnica;2.979.025,61;46. INVESTIGACIÓN, DESARROLLO, INNOVACIÓN Y DIGITALIZACIÓN
2019;465A;Investigación sanitaria;270.847,13;46. INVESTIGACIÓN, DESARROLLO, INNOVACIÓN Y DIGITALIZACIÓN
2019;467C;Investigación y desarrollo tecnológico-industrial;1.063.474,36;46. INVESTIGACIÓN, DESARROLLO, INNOVACIÓN Y DIGITALIZACIÓN
2019;467D;Investigación y experimentación agraria;52.973,45;46. INVESTIGACIÓN, DESARROLLO, INNOVACIÓN Y DIGITALIZACIÓN
2019;467E;Investigación oceanográfica y pesquera;61.036,61;46. INVESTIGACIÓN, DESARROLLO, INNOVACIÓN Y DIGITALIZACIÓN
2019;467F;Investigación geológico-minera y medioambiental;23.354,05;46. INVESTIGACIÓN, DESARROLLO, INNOVACIÓN Y DIGITALIZACIÓN
2019;467H;Investigación energética, medioambiental y tecnológica;89.214,73;46. INVESTIGACIÓN, DESARROLLO, INNOVACIÓN Y DIGITALIZACIÓN
2019;000X;Transferencias internas (Sección: 28 MINISTERIO DE CIENCIA, INNOVACIÓN Y UNIVERSIDADES);1.463.131,16;46. INVESTIGACIÓN, DESARROLLO, INNOVACIÓN Y DIGITALIZACIÓN
2019;441M;Subvenciones y apoyo al transporte terrestre;293.695,52;44. INFRAESTRUCTURAS
2019;453A;Infraestructura del transporte ferroviario;11.983,61;45. INFRAESTRUCTURAS Y ECOSISTEMAS RESILIENTES
2019;941O;Otras transferencias a Comunidades Autónomas;685.395,96;94. TRANSFERENCIAS A OTRAS ADMINISTRACIONES PÚBLICAS
2019;942N;Otras aportaciones a Entidades Locales;218.901,57;94. TRANSFERENCIAS A OTRAS ADMINISTRACIONES PÚBLICAS
2019;941N;Transferencias a Comunidades Autónomas por los Fondos de Compensación Interterritorial;582.430,00;94. TRANSFERENCIAS A OTRAS ADMINISTRACIONES PÚBLICAS
2019;943M;Transferencias al Presupuesto General de la Unión Europea;13.003.274,00;94. TRANSFERENCIAS A OTRAS ADMINISTRACIONES PÚBLICAS
2019;943N;Cooperación al desarrollo a través del Fondo Europeo de Desarrollo;381.000,00;94. TRANSFERENCIAS A OTRAS ADMINISTRACIONES PÚBLICAS
2019;929N;Fondo de contingencia de ejecución presupuestaria;2.276.680,00;92. SERVICIOS DE CARÁCTER GENERAL
2019;941M;Transferencias a Comunidades Autónomas por participación en los ingresos del Estado;18.266.441,06;94. TRANSFERENCIAS A OTRAS ADMINISTRACIONES PÚBLICAS
2019;942M;Transferencias a Entidades Locales por participación en los ingresos del Estado;16.335.691,16;94. TRANSFERENCIAS A OTRAS ADMINISTRACIONES PÚBLICAS
2019;211M;Pensiones contributivas de la Seguridad Social;119.940.026,55;21. PENSIONES
2019;212M;Pensiones no contributivas y prestaciones asistenciales;2.380.367,35;21. PENSIONES
2019;212O;Gestión y control de los complementos a mínimos de pensiones;7.329.116,20;21. PENSIONES
2019;219M;Gestión de las prestaciones económicas de Seguridad Social;379.806,55;21. PENSIONES
2019;221M;Subsidios de incapacidad temporal y otras prestaciones económicas de la Seguridad Social;13.175.843,40;22. OTRAS PRESTACIONES ECONÓMICAS
2019;224M;Prestaciones económicas por cese de actividad;20.860,00;22. OTRAS PRESTACIONES ECONÓMICAS
2019;231C;Servicios Sociales de la Seguridad Social a personas con discapacidad;52.704,87;23. SERVICIOS SOCIALES Y PROMOCIÓN SOCIAL
2019;231D;Servicios Sociales de la Seguridad Social a personas mayores;117.340,60;23. SERVICIOS SOCIALES Y PROMOCIÓN SOCIAL
2019;231E;Otros servicios sociales de la Seguridad Social;47.605,16;23. SERVICIOS SOCIALES Y PROMOCIÓN SOCIAL
2019;231I;Autonomía personal y atención a la dependencia;1.401.091,30;23. SERVICIOS SOCIALES Y PROMOCIÓN SOCIAL
2019;239M;Gestión de los servicios sociales de la Seguridad Social;47.306,38;23. SERVICIOS SOCIALES Y PROMOCIÓN SOCIAL
2019;291M;Dirección y Servicios Generales de Seguridad Social y Protección Social;3.204.627,29;29. GESTIÓN Y ADMINISTRACIÓN DE LA INCLUSIÓN, DE LA SEGURIDAD SOCIAL Y DE LA MIGRACIÓN
2019;311M;Dirección y Servicios Generales de Sanidad, Servicios Sociales e Igualdad;15.966,91;31. SANIDAD
2019;312B;Atención primaria de salud. Instituto Nacional de Gestión Sanitaria;65.704,41;31. SANIDAD
2019;312C;Atención especializada de salud. Instituto Nacional de Gestión Sanitaria;160.409,46;31. SANIDAD
2019;312D;Medicina marítima;35.123,77;31. SANIDAD
2019;312F;Atención primaria de salud de Mutuas colaboradoras con la Seguridad Social e Instituto Social de la Marina;944.377,56;31. SANIDAD
2019;312G;Atención especializada de salud de Mutuas colaboradoras con la Seguridad Social e Instituto Social de la Marina;459.005,26;31. SANIDAD
2019;322I;Enseñanzas especiales;2.575,03;32. EDUCACIÓN
2019;000X;Transferencias internas (Sección: 60 SEGURIDAD SOCIAL);4.369.580,49;32. EDUCACIÓN
2020;911M;Jefatura del Estado;7.887,15;91. ÓRGANOS CONSTITUCIONALES, GOBIERNO Y OTROS
2020;911N;Actividad legislativa;212.136,84;91. ÓRGANOS CONSTITUCIONALES, GOBIERNO Y OTROS
2020;911O;Control externo del Sector Público;63.016,62;91. ÓRGANOS CONSTITUCIONALES, GOBIERNO Y OTROS
2020;911P;Control Constitucional;23.866,87;91. ÓRGANOS CONSTITUCIONALES, GOBIERNO Y OTROS
2020;912N;Alto asesoramiento del Estado;11.388,65;91. ÓRGANOS CONSTITUCIONALES, GOBIERNO Y OTROS
2020;951M;Amortización y gastos financieros de la deuda pública en euros;110.939.165,82;95. GASTOS FINANCIEROS DE LA DEUDA PUBLICA
2020;951N;Amortización y gastos financieros de la deuda pública en moneda extranjera;1.918.962,00;95. GASTOS FINANCIEROS DE LA DEUDA PUBLICA
2020;211N;Pensiones de Clases Pasivas;14.589.889,81;21. PENSIONES
2020;211O;Otras pensiones y prestaciones de Clases Pasivas;42.274,37;21. PENSIONES
2020;212N;Pensiones de guerra;158.817,84;21. PENSIONES
2020;000X;Transferencias internas (Sección: 07 CLASES PASIVAS);249,75;21. PENSIONES
2020;111M;Gobierno del Poder Judicial;33.607,16;11. JUSTICIA
2020;111O;Selección y formación de jueces;15.230,34;11. JUSTICIA
2020;111P;Documentación y publicaciones judiciales;9.288,64;11. JUSTICIA
2020;923S;Aportaciones al Mutualismo Administrativo;2.053.538,78;92. SERVICIOS DE CARÁCTER GENERAL
2020;000X;Transferencias internas (Sección: 09 APORTACIONES AL MUTUALISMO ADMINISTRATIVO);103.533,67;92. SERVICIOS DE CARÁCTER GENERAL
2020;923R;Contratación centralizada;283.321,43;92. SERVICIOS DE CARÁCTER GENERAL
2020;141M;Dirección y Servicios Generales de Asuntos Exteriores, Unión Europea y Cooperación;64.411,38;14. POLÍTICA EXTERIOR Y DE COOPERACIÓN PARA EL DESARROLLO
2020;142A;Acción del Estado en el exterior;790.916,79;14. POLÍTICA EXTERIOR Y DE COOPERACIÓN PARA EL DESARROLLO
2020;142B;Acción Diplomática ante la Unión Europea;21.244,02;14. POLÍTICA EXTERIOR Y DE COOPERACIÓN PARA EL DESARROLLO
2020;143A;Cooperación para el desarrollo;552.183,50;14. POLÍTICA EXTERIOR Y DE COOPERACIÓN PARA EL DESARROLLO
2020;144A;Cooperación, promoción y difusión cultural en el exterior;128.316,73;14. POLÍTICA EXTERIOR Y DE COOPERACIÓN PARA EL DESARROLLO
2020;467G;Investigación y desarrollo de la Sociedad de la Información;1.886,66;46. INVESTIGACIÓN, DESARROLLO, INNOVACIÓN Y DIGITALIZACIÓN
2020;000X;Transferencias internas (Sección: 12 MINISTERIO DE ASUNTOS EXTERIORES, UNIÓN EUROPEA Y COOPERACIÓN);287.507,98;46. INVESTIGACIÓN, DESARROLLO, INNOVACIÓN Y DIGITALIZACIÓN
2020;111N;Dirección y Servicios Generales de Justicia;50.237,04;11. JUSTICIA
2020;111Q;Formación del Personal de la Administración de Justicia;7.601,37;11. JUSTICIA
2020;111R;Formación de la Carrera Fiscal;2.447,40;11. JUSTICIA
2020;112A;Tribunales de Justicia y Ministerio Fiscal;1.628.201,68;11. JUSTICIA
2020;113M;Registros vinculados con la Fe Pública;33.115,74;11. JUSTICIA
2020;135M;Protección de datos de carácter personal;13.960,74;13. SEGURIDAD CIUDADANA E INSTITUCIONES PENITENCIARIAS
2020;222M;Prestaciones económicas del Mutualismo Administrativo;20.163,81;22. OTRAS PRESTACIONES ECONÓMICAS
2020;312E;Asistencia sanitaria del Mutualismo Administrativo;84.379,36;31. SANIDAD
2020;921S;Asesoramiento y defensa de los intereses del Estado;34.247,82;92. SERVICIOS DE CARÁCTER GENERAL
2020;000X;Transferencias internas (Sección: 13 MINISTERIO DE JUSTICIA);7.381,25;92. SERVICIOS DE CARÁCTER GENERAL
2020;121M;Administración y Servicios Generales de Defensa;1.187.440,83;12. DEFENSA
2020;121N;Formación del Personal de las Fuerzas Armadas;413.085,14;12. DEFENSA
2020;121O;Personal en reserva;526.213,65;12. DEFENSA
2020;122A;Modernización de las Fuerzas Armadas;159.723,17;12. DEFENSA
2020;122B;Programas especiales de modernización;2.164.477,00;12. DEFENSA
2020;122M;Gastos Operativos de las Fuerzas Armadas;2.629.413,08;12. DEFENSA
2020;122N;Apoyo Logístico;1.320.208,67;12. DEFENSA
2020;222M;Prestaciones económicas del Mutualismo Administrativo;78.126,20;22. OTRAS PRESTACIONES ECONÓMICAS
2020;312A;Asistencia hospitalaria en las Fuerzas Armadas;150.158,34;31. SANIDAD
2020;312E;Asistencia sanitaria del Mutualismo Administrativo;701.310,85;31. SANIDAD
2020;464A;Investigación y estudios de las Fuerzas Armadas;211.597,48;46. INVESTIGACIÓN, DESARROLLO, INNOVACIÓN Y DIGITALIZACIÓN
2020;912Q;Asesoramiento para la protección de los intereses nacionales;281.948,70;91. ÓRGANOS CONSTITUCIONALES, GOBIERNO Y OTROS
2020;931P;Control interno y Contabilidad Pública;178,26;93. ADMINISTRACIÓN FINANCIERA Y TRIBUTARIA
2020;000X;Transferencias internas (Sección: 14 MINISTERIO DE DEFENSA);375.726,51;93. ADMINISTRACIÓN FINANCIERA Y TRIBUTARIA
2020;219N;Gestión de pensiones de Clases Pasivas;5.808,82;21. PENSIONES
2020;231G;Atención a la infancia y a las familias;4.300,00;23. SERVICIOS SOCIALES Y PROMOCIÓN SOCIAL
2020;337B;Conservación y restauración de bienes culturales;7.644,89;33. CULTURA
2020;422A;Incentivos regionales a la localización industrial;59.852,77;42. INDUSTRIA Y ENERGÍA
2020;462N;Investigación y estudios estadísticos y económicos;5.717,02;46. INVESTIGACIÓN, DESARROLLO, INNOVACIÓN Y DIGITALIZACIÓN
2020;467G;Investigación y desarrollo de la Sociedad de la Información;7.569,94;46. INVESTIGACIÓN, DESARROLLO, INNOVACIÓN Y DIGITALIZACIÓN
2020;492N;Regulación y vigilancia de la competencia en el Mercado de Tabacos;7.387,32;49. OTRAS ACTUACIONES DE CARÁCTER ECONÓMICO
2020;496M;Regulación del juego;6.511,79;49. OTRAS ACTUACIONES DE CARÁCTER ECONÓMICO
2020;921T;Servicios de transportes de Ministerios;45.286,72;92. SERVICIOS DE CARÁCTER GENERAL
2020;922N;Coordinación y relaciones financieras con los Entes Territoriales;17.508.285,55;92. SERVICIOS DE CARÁCTER GENERAL
2020;923A;Gestión del Patrimonio del Estado;184.155,49;92. SERVICIOS DE CARÁCTER GENERAL
2020;923M;Dirección y Servicios Generales de Hacienda;1.024.789,54;92. SERVICIOS DE CARÁCTER GENERAL
2020;923N;Formación del personal de Economía y Hacienda;11.815,65;92. SERVICIOS DE CARÁCTER GENERAL
2020;931N;Política presupuestaria;55.932,58;93. ADMINISTRACIÓN FINANCIERA Y TRIBUTARIA
2020;931O;Política tributaria;5.582,74;93. ADMINISTRACIÓN FINANCIERA Y TRIBUTARIA
2020;931P;Control interno y Contabilidad Pública;84.331,12;93. ADMINISTRACIÓN FINANCIERA Y TRIBUTARIA
2020;931Q;Control y Supervisión de la Política Fiscal;7.042,83;93. ADMINISTRACIÓN FINANCIERA Y TRIBUTARIA
2020;932A;Aplicación del sistema tributario estatal;1.088.740,38;93. ADMINISTRACIÓN FINANCIERA Y TRIBUTARIA
2020;932M;Gestión del catastro inmobiliario;110.456,59;93. ADMINISTRACIÓN FINANCIERA Y TRIBUTARIA
2020;932N;Resolución de reclamaciones económico-administrativas;29.351,13;93. ADMINISTRACIÓN FINANCIERA Y TRIBUTARIA
2020;000X;Transferencias internas (Sección: 15 MINISTERIO DE HACIENDA);1.097.471,35;93. ADMINISTRACIÓN FINANCIERA Y TRIBUTARIA
2020;131M;Dirección y Servicios Generales de Seguridad y Protección Civil;66.451,29;13. SEGURIDAD CIUDADANA E INSTITUCIONES PENITENCIARIAS
2020;131N;Formación de Fuerzas y Cuerpos de Seguridad del Estado;141.337,07;13. SEGURIDAD CIUDADANA E INSTITUCIONES PENITENCIARIAS
2020;131O;Fuerzas y Cuerpos en reserva;382.440,70;13. SEGURIDAD CIUDADANA E INSTITUCIONES PENITENCIARIAS
2020;131P;Derecho de asilo y apátridas;6.404,53;13. SEGURIDAD CIUDADANA E INSTITUCIONES PENITENCIARIAS
2020;132A;Seguridad ciudadana;5.789.769,35;13. SEGURIDAD CIUDADANA E INSTITUCIONES PENITENCIARIAS
2020;132B;Seguridad vial;766.455,39;13. SEGURIDAD CIUDADANA E INSTITUCIONES PENITENCIARIAS
2020;132C;Actuaciones policiales en materia de droga;76.349,43;13. SEGURIDAD CIUDADANA E INSTITUCIONES PENITENCIARIAS
2020;133A;Centros e Instituciones Penitenciarias;1.160.426,94;13. SEGURIDAD CIUDADANA E INSTITUCIONES PENITENCIARIAS
2020;134M;Protección Civil;14.545,48;13. SEGURIDAD CIUDADANA E INSTITUCIONES PENITENCIARIAS
2020;924M;Elecciones y Partidos Políticos;62.866,69;92. SERVICIOS DE CARÁCTER GENERAL
2020;000X;Transferencias internas (Sección: 16 MINISTERIO DEL INTERIOR);168.959,31;92. SERVICIOS DE CARÁCTER GENERAL
2020;261N;Promoción, administración y ayudas para rehabilitación y acceso a vivienda;450.652,67;26. ACCESO A LA VIVIENDA Y FOMENTO DE LA EDIFICACIÓN
2020;261O;Ordenación y fomento de la edificación;29.409,10;26. ACCESO A LA VIVIENDA Y FOMENTO DE LA EDIFICACIÓN
2020;261P;Urbanismo y política del suelo;1.480,61;26. ACCESO A LA VIVIENDA Y FOMENTO DE LA EDIFICACIÓN
2020;441M;Subvenciones y apoyo al transporte terrestre;1.247.491,97;44. INFRAESTRUCTURAS
2020;441N;Subvenciones y apoyo al transporte marítimo;128.689,65;44. INFRAESTRUCTURAS
2020;441O;Subvenciones y apoyo al transporte aéreo;393.585,92;44. INFRAESTRUCTURAS
2020;441P;Subvenciones al transporte extrapeninsular de mercancías;75.247,03;44. INFRAESTRUCTURAS
2020;451M;Estudios y servicios de asistencia técnica en Obras Públicas y Urbanismo;28.805,20;45. INFRAESTRUCTURAS Y ECOSISTEMAS RESILIENTES
2020;451N;Dirección y Servicios Generales de Fomento;917.686,23;45. INFRAESTRUCTURAS Y ECOSISTEMAS RESILIENTES
2020;453A;Infraestructura del transporte ferroviario;400.730,00;45. INFRAESTRUCTURAS Y ECOSISTEMAS RESILIENTES
2020;453B;Creación de infraestructura de carreteras;1.456.244,89;45. INFRAESTRUCTURAS Y ECOSISTEMAS RESILIENTES
2020;453C;Conservación y explotación de carreteras;807.538,49;45. INFRAESTRUCTURAS Y ECOSISTEMAS RESILIENTES
2020;453M;Ordenación e inspección del transporte terrestre;21.443,83;45. INFRAESTRUCTURAS Y ECOSISTEMAS RESILIENTES
2020;453N;Regulación y supervisión de la seguridad ferroviaria;13.880,51;45. INFRAESTRUCTURAS Y ECOSISTEMAS RESILIENTES
2020;453O;Comisión de Investigación de Accidentes Ferroviarios;390,84;45. INFRAESTRUCTURAS Y ECOSISTEMAS RESILIENTES
2020;454M;Regulación y seguridad del tráfico marítimo;41.175,19;45. INFRAESTRUCTURAS Y ECOSISTEMAS RESILIENTES
2020;454O;Comisión de Investigación de Accidentes e Incidentes Marítimos;584,67;45. INFRAESTRUCTURAS Y ECOSISTEMAS RESILIENTES
2020;455M;Regulación y supervisión de la aviación civil;86.529,50;45. INFRAESTRUCTURAS Y ECOSISTEMAS RESILIENTES
2020;455O;Comisión de Investigación de Accidentes e Incidentes de Aviación Civil;1.468,08;45. INFRAESTRUCTURAS Y ECOSISTEMAS RESILIENTES
2020;467B;Investigación, desarrollo y experimentación en transporte e infraestructuras;960,00;46. INVESTIGACIÓN, DESARROLLO, INNOVACIÓN Y DIGITALIZACIÓN
2020;467G;Investigación y desarrollo de la Sociedad de la Información;980,00;46. INVESTIGACIÓN, DESARROLLO, INNOVACIÓN Y DIGITALIZACIÓN
2020;491N;Servicio postal universal;120.790,00;49. OTRAS ACTUACIONES DE CARÁCTER ECONÓMICO
2020;495A;Desarrollo y aplicación de la información geográfica española;35.354,77;49. OTRAS ACTUACIONES DE CARÁCTER ECONÓMICO
2020;497M;Salvamento y lucha contra la contaminación en la mar;152.535,00;49. OTRAS ACTUACIONES DE CARÁCTER ECONÓMICO
2020;000X;Transferencias internas (Sección: 17 MINISTERIO DE FOMENTO);33.184,24;49. OTRAS ACTUACIONES DE CARÁCTER ECONÓMICO
2020;144B;Cooperación, promoción y difusión educativa en el exterior;11.265,21;14. POLÍTICA EXTERIOR Y DE COOPERACIÓN PARA EL DESARROLLO
2020;321M;Dirección y Servicios Generales de Educación y Formación Profesional;49.793,09;32. EDUCACIÓN
2020;321N;Formación permanente del profesorado de Educación;2.703,21;32. EDUCACIÓN
2020;322A;Educación Infantil y Primaria;155.723,77;32. EDUCACIÓN
2020;322B;Educación Secundaria, Formación Profesional y Escuelas Oficiales de Idiomas;419.165,71;32. EDUCACIÓN
2020;322E;Enseñanzas artísticas;3.563,34;32. EDUCACIÓN
2020;322F;Educación en el exterior;97.568,47;32. EDUCACIÓN
2020;322G;Educación compensatoria;4.536,50;32. EDUCACIÓN
2020;322L;Inversiones en centros educativos y otras actividades educativas;84.395,72;32. EDUCACIÓN
2020;323M;Becas y ayudas a estudiantes;1.534.945,14;32. EDUCACIÓN
2020;463A;Investigación científica;278,03;46. INVESTIGACIÓN, DESARROLLO, INNOVACIÓN Y DIGITALIZACIÓN
2020;000X;Transferencias internas (Sección: 18 MINISTERIO DE EDUCACIÓN Y FORMACIÓN PROFESIONAL);16.107,06;46. INVESTIGACIÓN, DESARROLLO, INNOVACIÓN Y DIGITALIZACIÓN
2020;143A;Cooperación para el desarrollo;1.573,43;14. POLÍTICA EXTERIOR Y DE COOPERACIÓN PARA EL DESARROLLO
2020;212M;Pensiones no contributivas y prestaciones asistenciales;8.198,17;21. PENSIONES
2020;223M;Prestaciones de garantía salarial;796.411,04;22. OTRAS PRESTACIONES ECONÓMICAS
2020;224M;Prestaciones económicas por cese de actividad;15.219,60;22. OTRAS PRESTACIONES ECONÓMICAS
2020;231B;Acciones en favor de los emigrantes;59.367,42;23. SERVICIOS SOCIALES Y PROMOCIÓN SOCIAL
2020;231H;Acciones en favor de los inmigrantes;318.095,34;23. SERVICIOS SOCIALES Y PROMOCIÓN SOCIAL
2020;241A;Fomento de la inserción y estabilidad laboral;3.373.563,39;24. FOMENTO DEL EMPLEO
2020;241B;Formación Profesional para el Empleo;2.331.231,86;24. FOMENTO DEL EMPLEO
2020;241N;Desarrollo del trabajo autónomo, de la economía social y de la responsabilidad social de las empresas;11.164,66;24. FOMENTO DEL EMPLEO
2020;251M;Prestaciones a los desempleados;17.702.180,62;25. DESEMPLEO
2020;291A;Inspección y control de Seguridad y Protección Social;145.799,38;29. GESTIÓN Y ADMINISTRACIÓN DE LA INCLUSIÓN, DE LA SEGURIDAD SOCIAL Y DE LA MIGRACIÓN
2020;291M;Dirección y Servicios Generales de Seguridad Social y Protección Social;13.946.347,00;29. GESTIÓN Y ADMINISTRACIÓN DE LA INCLUSIÓN, DE LA SEGURIDAD SOCIAL Y DE LA MIGRACIÓN
2020;494M;Administración de las relaciones laborales y condiciones de trabajo;52.790,01;49. OTRAS ACTUACIONES DE CARÁCTER ECONÓMICO
2020;912P;Asesoramiento del Gobierno en materia social, económica y laboral;8.040,41;91. ÓRGANOS CONSTITUCIONALES, GOBIERNO Y OTROS
2020;000X;Transferencias internas (Sección: 19 MINISTERIO DE TRABAJO, MIGRACIONES Y SEGURIDAD SOCIAL);13.472.051,57;91. ÓRGANOS CONSTITUCIONALES, GOBIERNO Y OTROS
2020;421M;Dirección y Servicios Generales de Industria, Comercio y Turismo;69.259,09;42. INDUSTRIA Y ENERGÍA
2020;421N;Regulación y protección de la Propiedad Industrial;51.444,00;42. INDUSTRIA Y ENERGÍA
2020;421O;Calidad y seguridad industrial;3.506,71;42. INDUSTRIA Y ENERGÍA
2020;422B;Desarrollo industrial;59.919,98;42. INDUSTRIA Y ENERGÍA
2020;422M;Reconversión y reindustrialización;871.454,98;42. INDUSTRIA Y ENERGÍA
2020;431A;Promoción comercial e internacionalización de la empresa;400.482,34;43. COMERCIO, TURISMO Y PYMES
2020;431N;Ordenación del comercio exterior;9.076,64;43. COMERCIO, TURISMO Y PYMES
2020;431O;Ordenación y modernización de las estructuras comerciales;9.517,82;43. COMERCIO, TURISMO Y PYMES
2020;432A;Coordinación y promoción del turismo;332.167,33;43. COMERCIO, TURISMO Y PYMES
2020;433M;Apoyo a la pequeña y mediana empresa;144.958,62;43. COMERCIO, TURISMO Y PYMES
2020;464B;Apoyo a la innovación tecnológica en el sector de la defensa;467.610,00;46. INVESTIGACIÓN, DESARROLLO, INNOVACIÓN Y DIGITALIZACIÓN
2020;467C;Investigación y desarrollo tecnológico-industrial;396.179,70;46. INVESTIGACIÓN, DESARROLLO, INNOVACIÓN Y DIGITALIZACIÓN
2020;495C;Metrología;8.473,16;49. OTRAS ACTUACIONES DE CARÁCTER ECONÓMICO
2020;921U;Publicaciones;91,94;92. SERVICIOS DE CARÁCTER GENERAL
2020;000X;Transferencias internas (Sección: 20 MINISTERIO DE INDUSTRIA, COMERCIO Y TURISMO);68.968,96;92. SERVICIOS DE CARÁCTER GENERAL
2020;231F;Otros servicios sociales del Estado;106.482,10;23. SERVICIOS SOCIALES Y PROMOCIÓN SOCIAL
2020;411M;Dirección y Servicios Generales de Agricultura, Pesca y Alimentación;84.782,86;41. AGRICULTURA, PESCA Y ALIMENTACIÓN
2020;412C;Competitividad y calidad de la producción y los mercados agrarios;49.748,29;41. AGRICULTURA, PESCA Y ALIMENTACIÓN
2020;412D;Competitividad y calidad de la sanidad agraria;42.013,44;41. AGRICULTURA, PESCA Y ALIMENTACIÓN
2020;412M;Regulación de los mercados agrarios;5.803.980,10;41. AGRICULTURA, PESCA Y ALIMENTACIÓN
2020;413A;Competitividad industria agroalimentaria y calidad alimentaria;32.555,40;41. AGRICULTURA, PESCA Y ALIMENTACIÓN
2020;414A;Gestión de recursos hídricos para el regadío;59.726,57;41. AGRICULTURA, PESCA Y ALIMENTACIÓN
2020;414B;Desarrollo del medio rural;1.233.563,12;41. AGRICULTURA, PESCA Y ALIMENTACIÓN
2020;415A;Protección de los recursos pesqueros y desarrollo sostenible;19.032,25;41. AGRICULTURA, PESCA Y ALIMENTACIÓN
2020;415B;Mejora de estructuras y mercados pesqueros;42.878,24;41. AGRICULTURA, PESCA Y ALIMENTACIÓN
2020;416A;Previsión de riesgos en las producciones agrarias y pesqueras;216.466,92;41. AGRICULTURA, PESCA Y ALIMENTACIÓN
2020;417A;Desarrollo de la política forestal;122.194,46;41. AGRICULTURA, PESCA Y ALIMENTACIÓN
2020;000X;Transferencias internas (Sección: 21 MINISTERIO DE AGRICULTURA, PESCA Y ALIMENTACIÓN);302.050,44;41. AGRICULTURA, PESCA Y ALIMENTACIÓN
2020;222M;Prestaciones económicas del Mutualismo Administrativo;278.452,90;22. OTRAS PRESTACIONES ECONÓMICAS
2020;312E;Asistencia sanitaria del Mutualismo Administrativo;1.462.066,73;31. SANIDAD
2020;467G;Investigación y desarrollo de la Sociedad de la Información;45.832,66;46. INVESTIGACIÓN, DESARROLLO, INNOVACIÓN Y DIGITALIZACIÓN
2020;921M;Dirección y Servicios Generales de Política Territorial y Función Pública;9.259,16;92. SERVICIOS DE CARÁCTER GENERAL
2020;921N;Dirección y organización de la Administración Pública;24.745,79;92. SERVICIOS DE CARÁCTER GENERAL
2020;921O;Formación del personal de las Administraciones Públicas;84.840,72;92. SERVICIOS DE CARÁCTER GENERAL
2020;921P;Administración periférica del Estado;248.707,36;92. SERVICIOS DE CARÁCTER GENERAL
2020;921X;Evaluación de la transparencia de la actividad pública;2.276,86;92. SERVICIOS DE CARÁCTER GENERAL
2020;922M;Organización territorial del Estado y desarrollo de sus sistemas de colaboración;13.122,70;92. SERVICIOS DE CARÁCTER GENERAL
2020;942A;Cooperación económica local del Estado;37.268,17;94. TRANSFERENCIAS A OTRAS ADMINISTRACIONES PÚBLICAS
2020;000X;Transferencias internas (Sección: 22 MINISTERIO DE POLÍTICA TERRITORIAL Y FUNCIÓN PÚBLICA);14.347,93;94. TRANSFERENCIAS A OTRAS ADMINISTRACIONES PÚBLICAS
2020;423M;Desarrollo alternativo de las comarcas mineras del carbón;32.200,00;42. INDUSTRIA Y ENERGÍA
2020;423N;Explotación minera;290.689,95;42. INDUSTRIA Y ENERGÍA
2020;424M;Seguridad nuclear y protección radiológica;46.877,04;42. INDUSTRIA Y ENERGÍA
2020;425A;Normativa y desarrollo energético;535.231,37;42. INDUSTRIA Y ENERGÍA
2020;451O;Dirección y Servicios Generales para la Transición Ecológica;51.300,72;45. INFRAESTRUCTURAS Y ECOSISTEMAS RESILIENTES
2020;452A;Gestión e infraestructuras del agua;1.194.168,70;45. INFRAESTRUCTURAS Y ECOSISTEMAS RESILIENTES
2020;452M;Normativa y ordenación territorial de los recursos hídricos;69.616,87;45. INFRAESTRUCTURAS Y ECOSISTEMAS RESILIENTES
2020;456A;Calidad del agua;181.624,39;45. INFRAESTRUCTURAS Y ECOSISTEMAS RESILIENTES
2020;456B;Protección y mejora del medio ambiente;20.692,43;45. INFRAESTRUCTURAS Y ECOSISTEMAS RESILIENTES
2020;456C;Protección y mejora del medio natural;52.492,64;45. INFRAESTRUCTURAS Y ECOSISTEMAS RESILIENTES
2020;456D;Actuación en la costa;98.684,63;45. INFRAESTRUCTURAS Y ECOSISTEMAS RESILIENTES
2020;456M;Actuaciones para la prevención de la contaminación y el cambio climático;27.888,69;45. INFRAESTRUCTURAS Y ECOSISTEMAS RESILIENTES
2020;457M;Infraestructuras en comarcas mineras del carbón;45.000,50;45. INFRAESTRUCTURAS Y ECOSISTEMAS RESILIENTES
2020;495B;Meteorología;128.957,86;49. OTRAS ACTUACIONES DE CARÁCTER ECONÓMICO
2020;000X;Transferencias internas (Sección: 23 MINISTERIO PARA LA TRANSICIÓN ECOLÓGICA);4.250.908,57;49. OTRAS ACTUACIONES DE CARÁCTER ECONÓMICO
2020;144A;Cooperación, promoción y difusión cultural en el exterior;8.495,52;14. POLÍTICA EXTERIOR Y DE COOPERACIÓN PARA EL DESARROLLO
2020;322L;Inversiones en centros educativos y otras actividades educativas;15.663,00;32. EDUCACIÓN
2020;331M;Dirección y Servicios Generales de Cultura y Deporte;34.754,65;33. CULTURA
2020;332A;Archivos;27.694,89;33. CULTURA
2020;332B;Bibliotecas;47.053,80;33. CULTURA
2020;333A;Museos;158.137,73;33. CULTURA
2020;333B;Exposiciones;2.196,78;33. CULTURA
2020;334A;Promoción y cooperación cultural;9.489,97;33. CULTURA
2020;334B;Promoción del libro y publicaciones culturales;8.228,43;33. CULTURA
2020;334C;Fomento de las industrias culturales;14.078,60;33. CULTURA
2020;335A;Música y danza;100.816,14;33. CULTURA
2020;335B;Teatro;50.942,15;33. CULTURA
2020;335C;Cinematografía;85.683,72;33. CULTURA
2020;336A;Fomento y apoyo de las actividades deportivas;190.047,26;33. CULTURA
2020;337B;Conservación y restauración de bienes culturales;24.551,52;33. CULTURA
2020;337C;Protección del Patrimonio Histórico;8.344,24;33. CULTURA
2020;000X;Transferencias internas (Sección: 24 MINISTERIO DE CULTURA Y DEPORTE);483.652,24;33. CULTURA
2020;232B;Igualdad de oportunidades entre mujeres y hombres;19.672,50;23. SERVICIOS SOCIALES Y PROMOCIÓN SOCIAL
2020;232C;Actuaciones para la prevención integral de la violencia de género;159.508,50;23. SERVICIOS SOCIALES Y PROMOCIÓN SOCIAL
2020;232D;Igualdad de trato y diversidad;1.348,17;23. SERVICIOS SOCIALES Y PROMOCIÓN SOCIAL
2020;337A;Administración del Patrimonio Histórico-Nacional;117.428,67;33. CULTURA
2020;462M;Investigación y estudios sociológicos y constitucionales;12.075,52;46. INVESTIGACIÓN, DESARROLLO, INNOVACIÓN Y DIGITALIZACIÓN
2020;467G;Investigación y desarrollo de la Sociedad de la Información;604,82;46. INVESTIGACIÓN, DESARROLLO, INNOVACIÓN Y DIGITALIZACIÓN
2020;911Q;Apoyo a la gestión administrativa de la Jefatura del Estado;6.182,90;91. ÓRGANOS CONSTITUCIONALES, GOBIERNO Y OTROS
2020;912M;Presidencia del Gobierno;35.941,95;91. ÓRGANOS CONSTITUCIONALES, GOBIERNO Y OTROS
2020;912O;Relaciones con las Cortes Generales, Secretariado del Gobierno y apoyo a la Alta Dirección;30.638,24;91. ÓRGANOS CONSTITUCIONALES, GOBIERNO Y OTROS
2020;921Q;Cobertura informativa;68.451,49;92. SERVICIOS DE CARÁCTER GENERAL
2020;921R;Publicidad de las normas legales;31.062,64;92. SERVICIOS DE CARÁCTER GENERAL
2020;000X;Transferencias internas (Sección: 25 MINISTERIO DE LA PRESIDENCIA, RELACIONES CON LAS CORTES E IGUALDAD);131.412,74;92. SERVICIOS DE CARÁCTER GENERAL
2020;231A;Plan Nacional sobre Drogas;14.868,22;23. SERVICIOS SOCIALES Y PROMOCIÓN SOCIAL
2020;231F;Otros servicios sociales del Estado;242.259,06;23. SERVICIOS SOCIALES Y PROMOCIÓN SOCIAL
2020;231G;Atención a la infancia y a las familias;5.938,78;23. SERVICIOS SOCIALES Y PROMOCIÓN SOCIAL
2020;232A;Promoción y servicios a la juventud;32.961,44;23. SERVICIOS SOCIALES Y PROMOCIÓN SOCIAL
2020;311M;Dirección y Servicios Generales de Sanidad, Consumo y Bienestar Social;49.566,91;31. SANIDAD
2020;311O;Políticas de Salud y Ordenación Profesional;9.024,45;31. SANIDAD
2020;313A;Prestaciones sanitarias y farmacia;56.354,36;31. SANIDAD
2020;313B;Salud pública, sanidad exterior y calidad;37.640,69;31. SANIDAD
2020;313C;Seguridad alimentaria y nutrición;16.143,47;31. SANIDAD
2020;313D;Donación y trasplante de órganos, tejidos y células;4.104,48;31. SANIDAD
2020;492O;Protección y promoción de los derechos de los consumidores y usuarios;13.762,35;49. OTRAS ACTUACIONES DE CARÁCTER ECONÓMICO
2020;000X;Transferencias internas (Sección: 26 MINISTERIO DE SANIDAD, CONSUMO Y BIENESTAR SOCIAL);1.909.567,52;49. OTRAS ACTUACIONES DE CARÁCTER ECONÓMICO
2020;425A;Normativa y desarrollo energético;3.750.100,00;42. INDUSTRIA Y ENERGÍA
2020;467G;Investigación y desarrollo de la Sociedad de la Información;89.299,35;46. INVESTIGACIÓN, DESARROLLO, INNOVACIÓN Y DIGITALIZACIÓN
2020;467I;Innovación tecnológica de las telecomunicaciones;552.954,44;46. INVESTIGACIÓN, DESARROLLO, INNOVACIÓN Y DIGITALIZACIÓN
2020;491M;Ordenación y promoción de las telecomunicaciones y de la Sociedad de la Información;29.117,69;49. OTRAS ACTUACIONES DE CARÁCTER ECONÓMICO
2020;492M;Defensa de la competencia en los mercados y regulación de los sectores productivos;59.986,70;49. OTRAS ACTUACIONES DE CARÁCTER ECONÓMICO
2020;493M;Dirección, control y gestión de seguros;15.704,70;49. OTRAS ACTUACIONES DE CARÁCTER ECONÓMICO
2020;493O;Regulación contable y de auditorías;8.129,63;49. OTRAS ACTUACIONES DE CARÁCTER ECONÓMICO
2020;923C;Elaboración y difusión estadística;176.016,48;92. SERVICIOS DE CARÁCTER GENERAL
2020;923O;Gestión de la Deuda y de la Tesorería del Estado;26.255,84;92. SERVICIOS DE CARÁCTER GENERAL
2020;923P;Relaciones con Instituciones Financieras Multilaterales;428.789,06;92. SERVICIOS DE CARÁCTER GENERAL
2020;923Q;Dirección y Servicios Generales de Economía y Empresa;43.961,00;92. SERVICIOS DE CARÁCTER GENERAL
2020;931M;Previsión y política económica;7.913,22;93. ADMINISTRACIÓN FINANCIERA Y TRIBUTARIA
2020;000X;Transferencias internas (Sección: 27 MINISTERIO DE ECONOMÍA Y EMPRESA);217.447,68;93. ADMINISTRACIÓN FINANCIERA Y TRIBUTARIA
2020;143A;Cooperación para el desarrollo;985,00;14. POLÍTICA EXTERIOR Y DE COOPERACIÓN PARA EL DESARROLLO
2020;144B;Cooperación, promoción y difusión educativa en el exterior;2.051,92;14. POLÍTICA EXTERIOR Y DE COOPERACIÓN PARA EL DESARROLLO
2020;322C;Enseñanzas universitarias;130.115,92;32. EDUCACIÓN
2020;323M;Becas y ayudas a estudiantes;39.933,90;32. EDUCACIÓN
2020;461M;Dirección y Servicios Generales de Ciencia, Innovación y Universidades;5.935,78;46. INVESTIGACIÓN, DESARROLLO, INNOVACIÓN Y DIGITALIZACIÓN
2020;463A;Investigación científica;730.243,91;46. INVESTIGACIÓN, DESARROLLO, INNOVACIÓN Y DIGITALIZACIÓN
2020;463B;Fomento y coordinación de la investigación científica y técnica;2.979.025,61;46. INVESTIGACIÓN, DESARROLLO, INNOVACIÓN Y DIGITALIZACIÓN
2020;465A;Investigación sanitaria;270.847,13;46. INVESTIGACIÓN, DESARROLLO, INNOVACIÓN Y DIGITALIZACIÓN
2020;467C;Investigación y desarrollo tecnológico-industrial;1.063.474,36;46. INVESTIGACIÓN, DESARROLLO, INNOVACIÓN Y DIGITALIZACIÓN
2020;467D;Investigación y experimentación agraria;52.973,45;46. INVESTIGACIÓN, DESARROLLO, INNOVACIÓN Y DIGITALIZACIÓN
2020;467E;Investigación oceanográfica y pesquera;61.036,61;46. INVESTIGACIÓN, DESARROLLO, INNOVACIÓN Y DIGITALIZACIÓN
2020;467F;Investigación geológico-minera y medioambiental;23.354,05;46. INVESTIGACIÓN, DESARROLLO, INNOVACIÓN Y DIGITALIZACIÓN
2020;467H;Investigación energética, medioambiental y tecnológica;89.214,73;46. INVESTIGACIÓN, DESARROLLO, INNOVACIÓN Y DIGITALIZACIÓN
2020;000X;Transferencias internas (Sección: 28 MINISTERIO DE CIENCIA, INNOVACIÓN Y UNIVERSIDADES);1.463.131,16;46. INVESTIGACIÓN, DESARROLLO, INNOVACIÓN Y DIGITALIZACIÓN
2020;441M;Subvenciones y apoyo al transporte terrestre;293.695,52;44. INFRAESTRUCTURAS
2020;453A;Infraestructura del transporte ferroviario;11.983,61;45. INFRAESTRUCTURAS Y ECOSISTEMAS RESILIENTES
2020;941O;Otras transferencias a Comunidades Autónomas;685.395,96;94. TRANSFERENCIAS A OTRAS ADMINISTRACIONES PÚBLICAS
2020;942N;Otras aportaciones a Entidades Locales;218.901,57;94. TRANSFERENCIAS A OTRAS ADMINISTRACIONES PÚBLICAS
2020;941N;Transferencias a Comunidades Autónomas por los Fondos de Compensación Interterritorial;582.430,00;94. TRANSFERENCIAS A OTRAS ADMINISTRACIONES PÚBLICAS
2020;943M;Transferencias al Presupuesto General de la Unión Europea;13.003.274,00;94. TRANSFERENCIAS A OTRAS ADMINISTRACIONES PÚBLICAS
2020;943N;Cooperación al desarrollo a través del Fondo Europeo de Desarrollo;381.000,00;94. TRANSFERENCIAS A OTRAS ADMINISTRACIONES PÚBLICAS
2020;929N;Fondo de contingencia de ejecución presupuestaria;2.276.680,00;92. SERVICIOS DE CARÁCTER GENERAL
2020;941M;Transferencias a Comunidades Autónomas por participación en los ingresos del Estado;18.266.441,06;94. TRANSFERENCIAS A OTRAS ADMINISTRACIONES PÚBLICAS
2020;942M;Transferencias a Entidades Locales por participación en los ingresos del Estado;16.335.691,16;94. TRANSFERENCIAS A OTRAS ADMINISTRACIONES PÚBLICAS
2020;211M;Pensiones contributivas de la Seguridad Social;119.940.026,55;21. PENSIONES
2020;212M;Pensiones no contributivas y prestaciones asistenciales;2.380.367,35;21. PENSIONES
2020;212O;Gestión y control de los complementos a mínimos de pensiones;7.329.116,20;21. PENSIONES
2020;219M;Gestión de las prestaciones económicas de Seguridad Social;379.806,55;21. PENSIONES
2020;221M;Subsidios de incapacidad temporal y otras prestaciones económicas de la Seguridad Social;13.175.843,40;22. OTRAS PRESTACIONES ECONÓMICAS
2020;224M;Prestaciones económicas por cese de actividad;20.860,00;22. OTRAS PRESTACIONES ECONÓMICAS
2020;231C;Servicios Sociales de la Seguridad Social a personas con discapacidad;52.704,87;23. SERVICIOS SOCIALES Y PROMOCIÓN SOCIAL
2020;231D;Servicios Sociales de la Seguridad Social a personas mayores;117.340,60;23. SERVICIOS SOCIALES Y PROMOCIÓN SOCIAL
2020;231E;Otros servicios sociales de la Seguridad Social;47.605,16;23. SERVICIOS SOCIALES Y PROMOCIÓN SOCIAL
2020;231I;Autonomía personal y atención a la dependencia;1.401.091,30;23. SERVICIOS SOCIALES Y PROMOCIÓN SOCIAL
2020;239M;Gestión de los servicios sociales de la Seguridad Social;47.306,38;23. SERVICIOS SOCIALES Y PROMOCIÓN SOCIAL
2020;291M;Dirección y Servicios Generales de Seguridad Social y Protección Social;3.204.627,29;29. GESTIÓN Y ADMINISTRACIÓN DE LA INCLUSIÓN, DE LA SEGURIDAD SOCIAL Y DE LA MIGRACIÓN
2020;311M;Dirección y Servicios Generales de Sanidad, Servicios Sociales e Igualdad;15.966,91;31. SANIDAD
2020;312B;Atención primaria de salud. Instituto Nacional de Gestión Sanitaria;65.704,41;31. SANIDAD
2020;312C;Atención especializada de salud. Instituto Nacional de Gestión Sanitaria;160.409,46;31. SANIDAD
2020;312D;Medicina marítima;35.123,77;31. SANIDAD
2020;312F;Atención primaria de salud de Mutuas colaboradoras con la Seguridad Social e Instituto Social de la Marina;944.377,56;31. SANIDAD
2020;312G;Atención especializada de salud de Mutuas colaboradoras con la Seguridad Social e Instituto Social de la Marina;459.005,26;31. SANIDAD
2020;322I;Enseñanzas especiales;2.575,03;32. EDUCACIÓN
2020;000X;Transferencias internas (Sección: 60 SEGURIDAD SOCIAL);4.369.580,49;32. EDUCACIÓN
2021;911M;Jefatura del Estado;8.431,15;91. ÓRGANOS CONSTITUCIONALES, GOBIERNO Y OTROS
2021;911N;Actividad legislativa;236.677,85;91. ÓRGANOS CONSTITUCIONALES, GOBIERNO Y OTROS
2021;911O;Control externo del Sector Público;69.526,41;91. ÓRGANOS CONSTITUCIONALES, GOBIERNO Y OTROS
2021;911P;Control Constitucional;26.569,51;91. ÓRGANOS CONSTITUCIONALES, GOBIERNO Y OTROS
2021;912N;Alto asesoramiento del Estado;13.081,66;91. ÓRGANOS CONSTITUCIONALES, GOBIERNO Y OTROS
2021;951M;Amortización y gastos financieros de la deuda pública en euros;125.999.707,30;95. GASTOS FINANCIEROS DE LA DEUDA PUBLICA
2021;951N;Amortización y gastos financieros de la deuda pública en moneda extranjera;56.187,00;95. GASTOS FINANCIEROS DE LA DEUDA PUBLICA
2021;211N;Pensiones de Clases Pasivas;16.940.592,65;21. PENSIONES
2021;211O;Otras pensiones y prestaciones de Clases Pasivas;38.396,09;21. PENSIONES
2021;212N;Pensiones de guerra;104.101,28;21. PENSIONES
2021;000X;Transferencias y libramientos internos (Sección: 07 CLASES PASIVAS);249,75;21. PENSIONES
2021;111M;Gobierno del Poder Judicial;39.124,94;11. JUSTICIA
2021;111O;Selección y formación de jueces;23.298,65;11. JUSTICIA
2021;111P;Documentación y publicaciones judiciales;10.590,23;11. JUSTICIA
2021;923S;Aportaciones al Mutualismo Administrativo;2.142.649,85;92. SERVICIOS DE CARÁCTER GENERAL
2021;000X;Transferencias y libramientos internos (Sección: 09 APORTACIONES AL MUTUALISMO ADMINISTRATIVO);98.901,19;92. SERVICIOS DE CARÁCTER GENERAL
2021;923R;Contratación centralizada;380.823,02;92. SERVICIOS DE CARÁCTER GENERAL
2021;140A;Política Exterior. Mecanismo de Recuperación y Resiliencia;127.617,57;14. POLÍTICA EXTERIOR Y DE COOPERACIÓN PARA EL DESARROLLO
2021;141M;Dirección y Servicios Generales de Asuntos Exteriores, Unión Europea y Cooperación;82.888,97;14. POLÍTICA EXTERIOR Y DE COOPERACIÓN PARA EL DESARROLLO
2021;142A;Acción del Estado en el exterior;816.834,41;14. POLÍTICA EXTERIOR Y DE COOPERACIÓN PARA EL DESARROLLO
2021;142B;Acción Diplomática ante la Unión Europea;21.412,89;14. POLÍTICA EXTERIOR Y DE COOPERACIÓN PARA EL DESARROLLO
2021;143A;Cooperación para el desarrollo;670.192,25;14. POLÍTICA EXTERIOR Y DE COOPERACIÓN PARA EL DESARROLLO
2021;144A;Cooperación, promoción y difusión cultural en el exterior;131.432,75;14. POLÍTICA EXTERIOR Y DE COOPERACIÓN PARA EL DESARROLLO
2021;467G;Investigación y desarrollo de la Sociedad de la Información;1.759,66;46. INVESTIGACIÓN, DESARROLLO, INNOVACIÓN Y DIGITALIZACIÓN
2021;000X;Transferencias y libramientos internos (Sección: 12 MINISTERIO DE ASUNTOS EXTERIORES, UNIÓN EUROPEA Y COOPERACIÓN);363.183,68;46. INVESTIGACIÓN, DESARROLLO, INNOVACIÓN Y DIGITALIZACIÓN
2021;110A;Justicia. Mecanismo de Recuperación y Resiliencia;27.740,77;11. JUSTICIA
2021;111N;Dirección y Servicios Generales de Justicia;75.718,76;11. JUSTICIA
2021;111Q;Formación del Personal de la Administración de Justicia;8.002,00;11. JUSTICIA
2021;111R;Formación de la Carrera Fiscal;4.189,17;11. JUSTICIA
2021;112A;Tribunales de Justicia y Ministerio Fiscal;1.824.643,88;11. JUSTICIA
2021;113M;Registros vinculados con la Fe Pública;34.822,46;11. JUSTICIA
2021;135M;Protección de datos de carácter personal;15.307,98;13. SEGURIDAD CIUDADANA E INSTITUCIONES PENITENCIARIAS
2021;222M;Prestaciones económicas del Mutualismo Administrativo;24.512,28;22. OTRAS PRESTACIONES ECONÓMICAS
2021;312E;Asistencia sanitaria del Mutualismo Administrativo;87.169,05;31. SANIDAD
2021;921S;Asesoramiento y defensa de los intereses del Estado;42.058,99;92. SERVICIOS DE CARÁCTER GENERAL
2021;000X;Transferencias y libramientos internos (Sección: 13 MINISTERIO DE JUSTICIA);10.276,93;92. SERVICIOS DE CARÁCTER GENERAL
2021;120A;Defensa. Mecanismo de Recuperación y Resiliencia;25.000,00;12. DEFENSA
2021;121M;Administración y Servicios Generales de Defensa;1.550.852,74;12. DEFENSA
2021;121N;Formación del Personal de las Fuerzas Armadas;439.691,02;12. DEFENSA
2021;121O;Personal en reserva;556.928,54;12. DEFENSA
2021;122A;Modernización de las Fuerzas Armadas;335.520,88;12. DEFENSA
2021;122B;Programas especiales de modernización;2.341.589,33;12. DEFENSA
2021;122M;Gastos Operativos de las Fuerzas Armadas;2.696.512,35;12. DEFENSA
2021;122N;Apoyo Logístico;1.125.919,47;12. DEFENSA
2021;222M;Prestaciones económicas del Mutualismo Administrativo;77.898,28;22. OTRAS PRESTACIONES ECONÓMICAS
2021;312A;Asistencia hospitalaria en las Fuerzas Armadas;151.586,74;31. SANIDAD
2021;312E;Asistencia sanitaria del Mutualismo Administrativo;713.322,35;31. SANIDAD
2021;464A;Investigación y estudios de las Fuerzas Armadas;184.590,32;46. INVESTIGACIÓN, DESARROLLO, INNOVACIÓN Y DIGITALIZACIÓN
2021;912Q;Asesoramiento para la protección de los intereses nacionales;299.872,17;91. ÓRGANOS CONSTITUCIONALES, GOBIERNO Y OTROS
2021;931P;Control interno y Contabilidad Pública;94,02;93. ADMINISTRACIÓN FINANCIERA Y TRIBUTARIA
2021;000X;Transferencias y libramientos internos (Sección: 14 MINISTERIO DE DEFENSA);363.788,25;93. ADMINISTRACIÓN FINANCIERA Y TRIBUTARIA
2021;337B;Conservación y restauración de bienes culturales;7.644,89;33. CULTURA
2021;422A;Incentivos regionales a la localización industrial;59.871,25;42. INDUSTRIA Y ENERGÍA
2021;462N;Investigación y estudios estadísticos y económicos;6.137,04;46. INVESTIGACIÓN, DESARROLLO, INNOVACIÓN Y DIGITALIZACIÓN
2021;467G;Investigación y desarrollo de la Sociedad de la Información;11.014,42;46. INVESTIGACIÓN, DESARROLLO, INNOVACIÓN Y DIGITALIZACIÓN
2021;492N;Regulación y vigilancia de la competencia en el Mercado de Tabacos;7.434,21;49. OTRAS ACTUACIONES DE CARÁCTER ECONÓMICO
2021;921T;Servicios de transportes de Ministerios;46.114,09;92. SERVICIOS DE CARÁCTER GENERAL
2021;922N;Coordinación y relaciones financieras con los Entes Territoriales;30.508.470,30;92. SERVICIOS DE CARÁCTER GENERAL
2021;923A;Gestión del Patrimonio del Estado;182.703,16;92. SERVICIOS DE CARÁCTER GENERAL
2021;923M;Dirección y Servicios Generales de Hacienda;1.160.018,85;92. SERVICIOS DE CARÁCTER GENERAL
2021;923N;Formación del personal de Economía y Hacienda;18.358,84;92. SERVICIOS DE CARÁCTER GENERAL
2021;931N;Política presupuestaria;60.123,18;93. ADMINISTRACIÓN FINANCIERA Y TRIBUTARIA
2021;931O;Política tributaria;6.183,44;93. ADMINISTRACIÓN FINANCIERA Y TRIBUTARIA
2021;931P;Control interno y Contabilidad Pública;86.174,82;93. ADMINISTRACIÓN FINANCIERA Y TRIBUTARIA
2021;931Q;Control y Supervisión de la Política Fiscal;9.714,20;93. ADMINISTRACIÓN FINANCIERA Y TRIBUTARIA
2021;932A;Aplicación del sistema tributario estatal;1.109.377,80;93. ADMINISTRACIÓN FINANCIERA Y TRIBUTARIA
2021;932M;Gestión del catastro inmobiliario;105.360,98;93. ADMINISTRACIÓN FINANCIERA Y TRIBUTARIA
2021;932N;Resolución de reclamaciones económico-administrativas;31.573,64;93. ADMINISTRACIÓN FINANCIERA Y TRIBUTARIA
2021;000X;Transferencias y libramientos internos (Sección: 15 MINISTERIO DE HACIENDA);1.143.892,57;93. ADMINISTRACIÓN FINANCIERA Y TRIBUTARIA
2021;130A;Seguridad Ciudadana. Mecanismo de Recuperación y Resiliencia;6.250,00;13. SEGURIDAD CIUDADANA E INSTITUCIONES PENITENCIARIAS
2021;131M;Dirección y Servicios Generales de Seguridad y Protección Civil;182.237,85;13. SEGURIDAD CIUDADANA E INSTITUCIONES PENITENCIARIAS
2021;131N;Formación de Fuerzas y Cuerpos de Seguridad del Estado;174.056,73;13. SEGURIDAD CIUDADANA E INSTITUCIONES PENITENCIARIAS
2021;131O;Fuerzas y Cuerpos en reserva;335.508,03;13. SEGURIDAD CIUDADANA E INSTITUCIONES PENITENCIARIAS
2021;131P;Derecho de asilo y apátridas;12.728,67;13. SEGURIDAD CIUDADANA E INSTITUCIONES PENITENCIARIAS
2021;132A;Seguridad ciudadana;6.793.214,14;13. SEGURIDAD CIUDADANA E INSTITUCIONES PENITENCIARIAS
2021;132B;Seguridad vial;822.213,81;13. SEGURIDAD CIUDADANA E INSTITUCIONES PENITENCIARIAS
2021;132C;Actuaciones policiales en materia de droga;96.373,85;13. SEGURIDAD CIUDADANA E INSTITUCIONES PENITENCIARIAS
2021;133A;Centros e Instituciones Penitenciarias;1.241.589,79;13. SEGURIDAD CIUDADANA E INSTITUCIONES PENITENCIARIAS
2021;134M;Protección Civil;14.946,71;13. SEGURIDAD CIUDADANA E INSTITUCIONES PENITENCIARIAS
2021;924M;Elecciones y Partidos Políticos;62.908,39;92. SERVICIOS DE CARÁCTER GENERAL
2021;000X;Transferencias y libramientos internos (Sección: 16 MINISTERIO DEL INTERIOR);113.387,62;92. SERVICIOS DE CARÁCTER GENERAL
2021;260A;Acceso a la vivienda y fomento de la edificación. Mecanismo de Recuperación y Resiliencia;1.651.000,00;26. ACCESO A LA VIVIENDA Y FOMENTO DE LA EDIFICACIÓN
2021;261N;Promoción, administración y ayudas para rehabilitación y acceso a vivienda;570.768,27;26. ACCESO A LA VIVIENDA Y FOMENTO DE LA EDIFICACIÓN
2021;261O;Ordenación y fomento de la edificación;29.610,69;26. ACCESO A LA VIVIENDA Y FOMENTO DE LA EDIFICACIÓN
2021;261P;Urbanismo y política del suelo;1.866,42;26. ACCESO A LA VIVIENDA Y FOMENTO DE LA EDIFICACIÓN
2021;441M;Subvenciones y apoyo al transporte terrestre;1.709.773,41;44. INFRAESTRUCTURAS
2021;441N;Subvenciones y apoyo al transporte marítimo;167.185,18;44. INFRAESTRUCTURAS
2021;441O;Subvenciones y apoyo al transporte aéreo;664.085,92;44. INFRAESTRUCTURAS
2021;441P;Subvenciones al transporte extrapeninsular de mercancías;77.247,03;44. INFRAESTRUCTURAS
2021;450A;Infraestructuras. Mecanismo de Recuperación y Resiliencia;3.301.346,19;45. INFRAESTRUCTURAS Y ECOSISTEMAS RESILIENTES
2021;451M;Estudios y servicios de asistencia técnica en Obras Públicas y Urbanismo;29.005,20;45. INFRAESTRUCTURAS Y ECOSISTEMAS RESILIENTES
2021;451N;Dirección y Servicios Generales de Transportes, Movilidad y Agenda Urbana;526.851,56;45. INFRAESTRUCTURAS Y ECOSISTEMAS RESILIENTES
2021;453A;Infraestructura del transporte ferroviario;1.668.887,92;45. INFRAESTRUCTURAS Y ECOSISTEMAS RESILIENTES
2021;453B;Creación de infraestructura de carreteras;1.259.186,78;45. INFRAESTRUCTURAS Y ECOSISTEMAS RESILIENTES
2021;453C;Conservación y explotación de carreteras;1.084.348,30;45. INFRAESTRUCTURAS Y ECOSISTEMAS RESILIENTES
2021;453M;Ordenación e inspección del transporte terrestre;23.296,18;45. INFRAESTRUCTURAS Y ECOSISTEMAS RESILIENTES
2021;453N;Regulación y supervisión de la seguridad ferroviaria;14.317,63;45. INFRAESTRUCTURAS Y ECOSISTEMAS RESILIENTES
2021;453O;Comisión de Investigación de Accidentes Ferroviarios;561,61;45. INFRAESTRUCTURAS Y ECOSISTEMAS RESILIENTES
2021;454M;Regulación y seguridad del tráfico marítimo;34.948,62;45. INFRAESTRUCTURAS Y ECOSISTEMAS RESILIENTES
2021;454O;Comisión de Investigación de Accidentes e Incidentes Marítimos;660,12;45. INFRAESTRUCTURAS Y ECOSISTEMAS RESILIENTES
2021;455M;Regulación y supervisión de la aviación civil;84.788,27;45. INFRAESTRUCTURAS Y ECOSISTEMAS RESILIENTES
2021;455O;Comisión de Investigación de Accidentes e Incidentes de Aviación Civil;1.622,27;45. INFRAESTRUCTURAS Y ECOSISTEMAS RESILIENTES
2021;460A;Investigación, Desarrollo e Innovación. Mecanismo de Recuperación y Resiliencia;30.000,00;46. INVESTIGACIÓN, DESARROLLO, INNOVACIÓN Y DIGITALIZACIÓN
2021;467B;Investigación, desarrollo y experimentación en transporte e infraestructuras;1.000,00;46. INVESTIGACIÓN, DESARROLLO, INNOVACIÓN Y DIGITALIZACIÓN
2021;467G;Investigación y desarrollo de la Sociedad de la Información;980,00;46. INVESTIGACIÓN, DESARROLLO, INNOVACIÓN Y DIGITALIZACIÓN
2021;491N;Servicio postal universal;111.521,00;49. OTRAS ACTUACIONES DE CARÁCTER ECONÓMICO
2021;495A;Desarrollo y aplicación de la información geográfica española;42.191,65;49. OTRAS ACTUACIONES DE CARÁCTER ECONÓMICO
2021;497M;Salvamento y lucha contra la contaminación en la mar;164.199,39;49. OTRAS ACTUACIONES DE CARÁCTER ECONÓMICO
2021;000X;Transferencias y libramientos internos (Sección: 17 MINISTERIO DE TRANSPORTES, MOVILIDAD Y AGENDA URBANA);28.102,94;49. OTRAS ACTUACIONES DE CARÁCTER ECONÓMICO
2021;140B;Cooperación, promoción y difusión educativa en el exterior. Mecanismo de Recuperación y Resiliencia;569,83;14. POLÍTICA EXTERIOR Y DE COOPERACIÓN PARA EL DESARROLLO
2021;144B;Cooperación, promoción y difusión educativa en el exterior;11.301,74;14. POLÍTICA EXTERIOR Y DE COOPERACIÓN PARA EL DESARROLLO
2021;240B;Formación Profesional para el Empleo. Mecanismo de Recuperación y Resiliencia;49.000,00;24. FOMENTO DEL EMPLEO
2021;241B;Formación Profesional para el Empleo;925.001,72;24. FOMENTO DEL EMPLEO
2021;320A;Educación Infantil y Primaria. Mecanismo de Recuperación y Resiliencia;201.726,09;32. EDUCACIÓN
2021;320B;Educación Secundaria, Formación Profesional y Escuelas Oficiales de Idiomas. Mecanismo de Recuperación y Resiliencia;556.095,98;32. EDUCACIÓN
2021;320G;Educación Compensatoria. Mecanismo de Recuperación y Resiliencia;30.557,27;32. EDUCACIÓN
2021;320L;Inversiones en centros educativos y otras actividades educativas. Mecanismo de Recuperación y Resiliencia;1.001.600,00;32. EDUCACIÓN
2021;320N;Formación permanente del profesorado de Educación. Mecanismo de Recuperación y Resiliencia;13.000,00;32. EDUCACIÓN
2021;321M;Dirección y Servicios Generales de Educación y Formación Profesional;65.079,08;32. EDUCACIÓN
2021;321N;Formación permanente del profesorado de Educación;3.889,55;32. EDUCACIÓN
2021;322A;Educación Infantil y Primaria;188.141,97;32. EDUCACIÓN
2021;322B;Educación Secundaria, Formación Profesional y Escuelas Oficiales de Idiomas;420.630,25;32. EDUCACIÓN
2021;322E;Enseñanzas artísticas;4.044,29;32. EDUCACIÓN
2021;322F;Educación en el exterior;107.119,14;32. EDUCACIÓN
2021;322G;Educación compensatoria;4.239,31;32. EDUCACIÓN
2021;322L;Inversiones en centros educativos y otras actividades educativas;45.932,62;32. EDUCACIÓN
2021;323M;Becas y ayudas a estudiantes;2.050.345,61;32. EDUCACIÓN
2021;000X;Transferencias y libramientos internos (Sección: 18 MINISTERIO DE EDUCACIÓN Y FORMACIÓN PROFESIONAL);19.070,56;32. EDUCACIÓN
2021;143A;Cooperación para el desarrollo;829,57;14. POLÍTICA EXTERIOR Y DE COOPERACIÓN PARA EL DESARROLLO
2021;220A;Otras prestaciones económicas. Mecanismo de Recuperación y Resiliencia;2.170,00;22. OTRAS PRESTACIONES ECONÓMICAS
2021;223M;Prestaciones de garantía salarial;829.285,52;22. OTRAS PRESTACIONES ECONÓMICAS
2021;224M;Prestaciones económicas por cese de actividad;2.000,00;22. OTRAS PRESTACIONES ECONÓMICAS
2021;240A;Fomento del Empleo. Mecanismo de Recuperación y Resiliencia;1.145.310,00;24. FOMENTO DEL EMPLEO
2021;241A;Fomento de la inserción y estabilidad laboral;3.376.337,52;24. FOMENTO DEL EMPLEO
2021;241B;Formación Profesional para el Empleo;1.894.139,12;24. FOMENTO DEL EMPLEO
2021;241N;Desarrollo del trabajo autónomo, de la economía social y de la responsabilidad social de las empresas;15.020,37;24. FOMENTO DEL EMPLEO
2021;251M;Prestaciones a los desempleados;25.011.796,59;25. DESEMPLEO
2021;280A;Gestión y administración de Trabajo y Economía Social. Mecanismo de Recuperación y Resiliencia;12.800,00;28. GESTIÓN Y ADMINISTRACIÓN DE TRABAJO Y ECONOMÍA SOCIAL
2021;281M;Dirección y Servicios Generales de Trabajo y Economía Social;91.350,44;28. GESTIÓN Y ADMINISTRACIÓN DE TRABAJO Y ECONOMÍA SOCIAL
2021;290A;Gestión y administración de la Inclusión de la Seguridad Social y de la Migración. Mecanismo de Recuperación y Resiliencia;4.770,00;29. GESTIÓN Y ADMINISTRACIÓN DE LA INCLUSIÓN, DE LA SEGURIDAD SOCIAL Y DE LA MIGRACIÓN
2021;291A;Inspección y control de Seguridad y Protección Social;171.029,16;29. GESTIÓN Y ADMINISTRACIÓN DE LA INCLUSIÓN, DE LA SEGURIDAD SOCIAL Y DE LA MIGRACIÓN
2021;490A;Otras actuaciones de carácter económico. Mecanismo de Recuperación y Resiliencia;2.430,00;49. OTRAS ACTUACIONES DE CARÁCTER ECONÓMICO
2021;494M;Administración de las relaciones laborales y condiciones de trabajo;52.920,01;49. OTRAS ACTUACIONES DE CARÁCTER ECONÓMICO
2021;912P;Asesoramiento del Gobierno en materia social, económica y laboral;7.874,08;91. ÓRGANOS CONSTITUCIONALES, GOBIERNO Y OTROS
2021;000X;Transferencias y libramientos internos (Sección: 19 MINISTERIO DE TRABAJO Y ECONOMÍA SOCIAL);6.335.398,62;91. ÓRGANOS CONSTITUCIONALES, GOBIERNO Y OTROS
2021;420A;Industria y Energía. Mecanismo de Recuperación y Resiliencia;232.795,00;42. INDUSTRIA Y ENERGÍA
2021;421M;Dirección y Servicios Generales de Industria, Comercio y Turismo;66.164,33;42. INDUSTRIA Y ENERGÍA
2021;421N;Regulación y protección de la Propiedad Industrial;52.338,14;42. INDUSTRIA Y ENERGÍA
2021;421O;Calidad y seguridad industrial;3.581,21;42. INDUSTRIA Y ENERGÍA
2021;422B;Desarrollo industrial;180.181,88;42. INDUSTRIA Y ENERGÍA
2021;422M;Reconversión y reindustrialización;705.564,76;42. INDUSTRIA Y ENERGÍA
2021;430A;Comercio, Turismo y PYMES. Mecanismo de Recuperación y Resiliencia;1.289.200,00;43. COMERCIO, TURISMO Y PYMES
2021;431A;Promoción comercial e internacionalización de la empresa;404.366,36;43. COMERCIO, TURISMO Y PYMES
2021;431N;Ordenación del comercio exterior;6.878,61;43. COMERCIO, TURISMO Y PYMES
2021;431O;Ordenación y modernización de las estructuras comerciales;9.502,65;43. COMERCIO, TURISMO Y PYMES
2021;432A;Coordinación y promoción del turismo;243.462,81;43. COMERCIO, TURISMO Y PYMES
2021;433M;Apoyo a la pequeña y mediana empresa;266.597,75;43. COMERCIO, TURISMO Y PYMES
2021;460A;Investigación, Desarrollo e Innovación. Mecanismo de Recuperación y Resiliencia;184.600,00;46. INVESTIGACIÓN, DESARROLLO, INNOVACIÓN Y DIGITALIZACIÓN
2021;464B;Apoyo a la innovación tecnológica en el sector de la defensa;676.548,07;46. INVESTIGACIÓN, DESARROLLO, INNOVACIÓN Y DIGITALIZACIÓN
2021;467C;Investigación y desarrollo tecnológico-industrial;606.500,00;46. INVESTIGACIÓN, DESARROLLO, INNOVACIÓN Y DIGITALIZACIÓN
2021;490A;Otras actuaciones de carácter económico. Mecanismo de Recuperación y Resiliencia;1.400,00;49. OTRAS ACTUACIONES DE CARÁCTER ECONÓMICO
2021;495C;Metrología;9.078,36;49. OTRAS ACTUACIONES DE CARÁCTER ECONÓMICO
2021;921U;Publicaciones;208,64;92. SERVICIOS DE CARÁCTER GENERAL
2021;000X;Transferencias y libramientos internos (Sección: 20 MINISTERIO DE INDUSTRIA, COMERCIO Y TURISMO);70.468,96;92. SERVICIOS DE CARÁCTER GENERAL
2021;231F;Otros servicios sociales del Estado;91.116,51;23. SERVICIOS SOCIALES Y PROMOCIÓN SOCIAL
2021;410B;Desarrollo del Medio Rural y Recursos Hídricos para el Regadío. Mecanismo de Recuperación y Resiliencia;270.800,00;41. AGRICULTURA, PESCA Y ALIMENTACIÓN
2021;410C;Competitividad y Calidad de la Producción y los Mercados Agrarios. Mecanismo de Recuperación y Resiliencia;114.800,00;41. AGRICULTURA, PESCA Y ALIMENTACIÓN
2021;410D;Competitividad y Calidad de la Sanidad Agraria. Mecanismo de Recuperación y Resiliencia;3.000,00;41. AGRICULTURA, PESCA Y ALIMENTACIÓN
2021;410E;Protección de los Recursos Pesqueros y Desarrollo Sostenible. Mecanismo de Recuperación y Resiliencia;8.900,00;41. AGRICULTURA, PESCA Y ALIMENTACIÓN
2021;410F;Mejora de las Estructuras y Mercados Pesqueros. Mecanismo de Recuperación y Resiliencia;9.000,00;41. AGRICULTURA, PESCA Y ALIMENTACIÓN
2021;411M;Dirección y Servicios Generales de Agricultura, Pesca y Alimentación;90.693,76;41. AGRICULTURA, PESCA Y ALIMENTACIÓN
2021;412C;Competitividad y calidad de la producción y los mercados agrarios;48.934,05;41. AGRICULTURA, PESCA Y ALIMENTACIÓN
2021;412D;Competitividad y calidad de la sanidad agraria;45.858,73;41. AGRICULTURA, PESCA Y ALIMENTACIÓN
2021;412M;Regulación de los mercados agrarios;5.908.538,72;41. AGRICULTURA, PESCA Y ALIMENTACIÓN
2021;413A;Competitividad industria agroalimentaria y calidad alimentaria;31.310,63;41. AGRICULTURA, PESCA Y ALIMENTACIÓN
2021;414A;Gestión de recursos hídricos para el regadío, caminos naturales y otras infraestructuras rurales;61.157,33;41. AGRICULTURA, PESCA Y ALIMENTACIÓN
2021;414B;Desarrollo del medio rural;1.489.224,24;41. AGRICULTURA, PESCA Y ALIMENTACIÓN
2021;415A;Protección de los recursos pesqueros y desarrollo sostenible;18.606,29;41. AGRICULTURA, PESCA Y ALIMENTACIÓN
2021;415B;Mejora de estructuras y mercados pesqueros;45.280,05;41. AGRICULTURA, PESCA Y ALIMENTACIÓN
2021;416A;Previsión de riesgos en las producciones agrarias y pesqueras;258.973,91;41. AGRICULTURA, PESCA Y ALIMENTACIÓN
2021;000X;Transferencias y libramientos internos (Sección: 21 MINISTERIO DE AGRICULTURA, PESCA Y ALIMENTACIÓN);366.892,32;41. AGRICULTURA, PESCA Y ALIMENTACIÓN
2021;222M;Prestaciones económicas del Mutualismo Administrativo;302.121,39;22. OTRAS PRESTACIONES ECONÓMICAS
2021;312E;Asistencia sanitaria del Mutualismo Administrativo;1.511.596,67;31. SANIDAD
2021;920A;Servicios de carácter general. Mecanismo de Recuperación y Resiliencia;239.870,00;92. SERVICIOS DE CARÁCTER GENERAL
2021;921M;Dirección y Servicios Generales de Política Territorial y Función Pública;28.808,52;92. SERVICIOS DE CARÁCTER GENERAL
2021;921N;Dirección y organización de la Administración Pública;19.123,13;92. SERVICIOS DE CARÁCTER GENERAL
2021;921O;Formación del personal de las Administraciones Públicas;93.426,36;92. SERVICIOS DE CARÁCTER GENERAL
2021;921P;Administración General del Estado en el Territorio;266.017,52;92. SERVICIOS DE CARÁCTER GENERAL
2021;921X;Evaluación de la transparencia de la actividad pública;2.386,01;92. SERVICIOS DE CARÁCTER GENERAL
2021;922M;Organización territorial del Estado y desarrollo de sus sistemas de colaboración;10.339,46;92. SERVICIOS DE CARÁCTER GENERAL
2021;942A;Cooperación económica local del Estado;35.398,48;94. TRANSFERENCIAS A OTRAS ADMINISTRACIONES PÚBLICAS
2021;000X;Transferencias y libramientos internos (Sección: 22 MINISTERIO DE POLÍTICA TERRITORIAL Y FUNCIÓN PÚBLICA);22.095,54;94. TRANSFERENCIAS A OTRAS ADMINISTRACIONES PÚBLICAS
2021;420B;Transición energética. Mecanismo de Recuperación y Resiliencia;5.300.000,00;42. INDUSTRIA Y ENERGÍA
2021;420C;Transición justa. Mecanismo de Recuperación y Resiliencia;90.000,00;42. INDUSTRIA Y ENERGÍA
2021;423N;Explotación minera;14.304,34;42. INDUSTRIA Y ENERGÍA
2021;423O;Desarrollo económico de las comarcas mineras del carbón;285.111,84;42. INDUSTRIA Y ENERGÍA
2021;424M;Seguridad nuclear y protección radiológica;46.029,41;42. INDUSTRIA Y ENERGÍA
2021;425A;Normativa y desarrollo energético;543.671,31;42. INDUSTRIA Y ENERGÍA
2021;450B;Ecosistemas resilientes. Mecanismo de Recuperación y Resiliencia;601.440,00;45. INFRAESTRUCTURAS Y ECOSISTEMAS RESILIENTES
2021;450C;Preservación de los recursos hídricos. Mecanismo de Recuperación y Resiliencia;148.999,99;45. INFRAESTRUCTURAS Y ECOSISTEMAS RESILIENTES
2021;450D;Preservación de costas. Mecanismo de Recuperación y Resiliencia;144.030,00;45. INFRAESTRUCTURAS Y ECOSISTEMAS RESILIENTES
2021;450F;Estrategia de Economía Circular. Mecanismo de Recuperación y Resiliencia;500.000,00;45. INFRAESTRUCTURAS Y ECOSISTEMAS RESILIENTES
2021;451O;Dirección y Servicios Generales para la Transición Ecológica y el Reto Demográfico;62.392,69;45. INFRAESTRUCTURAS Y ECOSISTEMAS RESILIENTES
2021;452A;Gestión e infraestructuras del agua;1.106.727,51;45. INFRAESTRUCTURAS Y ECOSISTEMAS RESILIENTES
2021;452M;Normativa y ordenación territorial de los recursos hídricos;70.476,30;45. INFRAESTRUCTURAS Y ECOSISTEMAS RESILIENTES
2021;456A;Calidad del agua;180.660,23;45. INFRAESTRUCTURAS Y ECOSISTEMAS RESILIENTES
2021;456B;Protección y mejora del medio ambiente;18.641,98;45. INFRAESTRUCTURAS Y ECOSISTEMAS RESILIENTES
2021;456C;Protección y mejora del medio natural;192.081,79;45. INFRAESTRUCTURAS Y ECOSISTEMAS RESILIENTES
2021;456D;Actuación en la costa;92.418,79;45. INFRAESTRUCTURAS Y ECOSISTEMAS RESILIENTES
2021;456E;Reto demográfico y lucha contra la despoblación;19.011,62;45. INFRAESTRUCTURAS Y ECOSISTEMAS RESILIENTES
2021;456M;Actuaciones para la prevención de la contaminación y el cambio climático;27.282,97;45. INFRAESTRUCTURAS Y ECOSISTEMAS RESILIENTES
2021;456N;Transición justa;46.762,00;45. INFRAESTRUCTURAS Y ECOSISTEMAS RESILIENTES
2021;490A;Otras actuaciones de carácter económico. Mecanismo de Recuperación y Resiliencia;20.750,00;49. OTRAS ACTUACIONES DE CARÁCTER ECONÓMICO
2021;495B;Meteorología;123.983,66;49. OTRAS ACTUACIONES DE CARÁCTER ECONÓMICO
2021;000X;Transferencias y libramientos internos (Sección: 23 MINISTERIO PARA LA TRANSICIÓN ECOLÓGICA Y EL RETO DEMOGRÁFICO);4.198.576,00;49. OTRAS ACTUACIONES DE CARÁCTER ECONÓMICO
2021;140A;Política Exterior. Mecanismo de Recuperación y Resiliencia;6.050,00;14. POLÍTICA EXTERIOR Y DE COOPERACIÓN PARA EL DESARROLLO
2021;144A;Cooperación, promoción y difusión cultural en el exterior;8.733,20;14. POLÍTICA EXTERIOR Y DE COOPERACIÓN PARA EL DESARROLLO
2021;321M;Dirección y Servicios Generales de Educación y Formación Profesional;1.894,00;32. EDUCACIÓN
2021;322L;Inversiones en centros educativos y otras actividades educativas;12.534,62;32. EDUCACIÓN
2021;330A;Cultura. Mecanismo de Recuperación y Resiliencia;200.239,72;33. CULTURA
2021;331M;Dirección y Servicios Generales de Cultura y Deporte;39.064,03;33. CULTURA
2021;332A;Archivos;28.138,55;33. CULTURA
2021;332B;Bibliotecas;49.474,80;33. CULTURA
2021;333A;Museos;162.020,00;33. CULTURA
2021;333B;Exposiciones;2.124,15;33. CULTURA
2021;334A;Promoción y cooperación cultural;27.426,33;33. CULTURA
2021;334B;Promoción del libro y publicaciones culturales;12.599,40;33. CULTURA
2021;334C;Fomento de las industrias culturales;15.988,60;33. CULTURA
2021;335A;Música y danza;108.211,13;33. CULTURA
2021;335B;Teatro;52.091,00;33. CULTURA
2021;335C;Cinematografía;85.563,04;33. CULTURA
2021;336A;Fomento y apoyo de las actividades deportivas;211.058,70;33. CULTURA
2021;337B;Conservación y restauración de bienes culturales;22.775,02;33. CULTURA
2021;337C;Protección del Patrimonio Histórico;8.727,01;33. CULTURA
2021;000X;Transferencias y libramientos internos (Sección: 24 MINISTERIO DE CULTURA Y DEPORTE);632.590,36;33. CULTURA
2021;337A;Administración del Patrimonio Histórico-Nacional;109.006,81;33. CULTURA
2021;337D;Administración de los Reales Patronatos;6.035,65;33. CULTURA
2021;462M;Investigación y estudios sociológicos y constitucionales;13.333,29;46. INVESTIGACIÓN, DESARROLLO, INNOVACIÓN Y DIGITALIZACIÓN
2021;467G;Investigación y desarrollo de la Sociedad de la Información;1.564,82;46. INVESTIGACIÓN, DESARROLLO, INNOVACIÓN Y DIGITALIZACIÓN
2021;911Q;Apoyo a la gestión administrativa de la Jefatura del Estado;7.130,22;91. ÓRGANOS CONSTITUCIONALES, GOBIERNO Y OTROS
2021;912M;Presidencia del Gobierno;47.443,96;91. ÓRGANOS CONSTITUCIONALES, GOBIERNO Y OTROS
2021;912O;Relaciones con las Cortes Generales, Secretariado del Gobierno y apoyo a la Alta Dirección;35.513,47;91. ÓRGANOS CONSTITUCIONALES, GOBIERNO Y OTROS
2021;921Q;Cobertura informativa;77.850,95;92. SERVICIOS DE CARÁCTER GENERAL
2021;921R;Publicidad de las normas legales;29.772,58;92. SERVICIOS DE CARÁCTER GENERAL
2021;925M;Memoria democrática;11.356,53;92. SERVICIOS DE CARÁCTER GENERAL
2021;000X;Transferencias y libramientos internos (Sección: 25 MINISTERIO DE LA PRESIDENCIA, RELACIONES CON LAS CORTES Y MEMORIA DEMOCRÁTICA);81.748,31;92. SERVICIOS DE CARÁCTER GENERAL
2021;230A;Servicios sociales y promoción social. Mecanismo de Recuperación y Resiliencia;4.350,00;23. SERVICIOS SOCIALES Y PROMOCIÓN SOCIAL
2021;230B;Servicios sociales y promoción social. Ayuda a la Recuperación para la Cohesión y los Territorios de Europa (REACT-EU);13.200,00;23. SERVICIOS SOCIALES Y PROMOCIÓN SOCIAL
2021;231A;Plan Nacional sobre Drogas;15.083,95;23. SERVICIOS SOCIALES Y PROMOCIÓN SOCIAL
2021;310A;Sanidad. Mecanismo de Recuperación y Resiliencia;503.642,69;31. SANIDAD
2021;310B;Sanidad. Ayuda a la Recuperación para la Cohesión y los Territorios de Europa (REACT-EU);2.422.800,00;31. SANIDAD
2021;311M;Dirección y Servicios Generales de Sanidad;25.443,23;31. SANIDAD
2021;311O;Políticas de Salud y Ordenación Profesional;7.710,65;31. SANIDAD
2021;313A;Prestaciones sanitarias y farmacia;96.909,14;31. SANIDAD
2021;313B;Salud pública, sanidad exterior y calidad;36.407,62;31. SANIDAD
2021;313D;Donación y trasplante de órganos, tejidos y células;6.413,45;31. SANIDAD
2021;313E;Salud Digital, Información e Innovación del Sistema Nacional de Salud;14.085,76;31. SANIDAD
2021;000X;Transferencias y libramientos internos (Sección: 26 MINISTERIO DE SANIDAD);377.797,49;31. SANIDAD
2021;425A;Normativa y desarrollo energético;3.596.848,72;42. INDUSTRIA Y ENERGÍA
2021;460A;Investigación, Desarrollo e Innovación. Mecanismo de Recuperación y Resiliencia;1.102.400,00;46. INVESTIGACIÓN, DESARROLLO, INNOVACIÓN Y DIGITALIZACIÓN
2021;460B;Investigación y desarrollo de la Sociedad de la Información. Mecanismo de Recuperación y Resiliencia;336.000,00;46. INVESTIGACIÓN, DESARROLLO, INNOVACIÓN Y DIGITALIZACIÓN
2021;460C;Innovación tecnológica de las telecomunicaciones. Mecanismo de Recuperación y Resiliencia;1.793.200,00;46. INVESTIGACIÓN, DESARROLLO, INNOVACIÓN Y DIGITALIZACIÓN
2021;467G;Investigación y desarrollo de la Sociedad de la Información;147.004,90;46. INVESTIGACIÓN, DESARROLLO, INNOVACIÓN Y DIGITALIZACIÓN
2021;467I;Innovación tecnológica de las telecomunicaciones;391.837,50;46. INVESTIGACIÓN, DESARROLLO, INNOVACIÓN Y DIGITALIZACIÓN
2021;490A;Otras actuaciones de carácter económico. Mecanismo de Recuperación y Resiliencia;419.300,00;49. OTRAS ACTUACIONES DE CARÁCTER ECONÓMICO
2021;491M;Ordenación y promoción de las telecomunicaciones y de la Sociedad de la Información;35.316,93;49. OTRAS ACTUACIONES DE CARÁCTER ECONÓMICO
2021;492M;Defensa de la competencia en los mercados y regulación de sectores productivos;60.049,56;49. OTRAS ACTUACIONES DE CARÁCTER ECONÓMICO
2021;493M;Dirección, control y gestión de seguros;16.372,23;49. OTRAS ACTUACIONES DE CARÁCTER ECONÓMICO
2021;493O;Regulación contable y de auditorías;10.226,33;49. OTRAS ACTUACIONES DE CARÁCTER ECONÓMICO
2021;920A;Servicios de carácter general. Mecanismo de Recuperación y Resiliencia;2.590,00;92. SERVICIOS DE CARÁCTER GENERAL
2021;920B;Servicios de carácter general de la Secretaría de Estado de Economía y Apoyo a la Empresa. Mecanismo de Recuperación y Resiliencia;200,00;92. SERVICIOS DE CARÁCTER GENERAL
2021;923C;Elaboración y difusión estadística;189.786,47;92. SERVICIOS DE CARÁCTER GENERAL
2021;923O;Gestión de la Deuda y de la Tesorería del Estado;25.941,52;92. SERVICIOS DE CARÁCTER GENERAL
2021;923P;Relaciones con Instituciones Financieras Multilaterales;427.553,39;92. SERVICIOS DE CARÁCTER GENERAL
2021;923Q;Dirección y Servicios Generales de Asuntos Económicos y Transformación Digital;51.372,45;92. SERVICIOS DE CARÁCTER GENERAL
2021;931M;Previsión y política económica;155.485,60;93. ADMINISTRACIÓN FINANCIERA Y TRIBUTARIA
2021;000X;Transferencias y libramientos internos (Sección: 27 MINISTERIO DE ASUNTOS ECONÓMICOS Y TRANSFORMACIÓN DIGITAL);218.211,11;93. ADMINISTRACIÓN FINANCIERA Y TRIBUTARIA
2021;143A;Cooperación para el desarrollo;1.395,00;14. POLÍTICA EXTERIOR Y DE COOPERACIÓN PARA EL DESARROLLO
2021;460D;Fomento y coordinación de la investigación científica y técnica. Mecanismo de Recuperación y Resiliencia;664.868,00;46. INVESTIGACIÓN, DESARROLLO, INNOVACIÓN Y DIGITALIZACIÓN
2021;460E;Investigación y desarrollo tecnológico-industrial. Mecanismo de Recuperación y Resiliencia;436.860,00;46. INVESTIGACIÓN, DESARROLLO, INNOVACIÓN Y DIGITALIZACIÓN
2021;461M;Dirección y Servicios Generales de Ciencia e Innovación;36.614,70;46. INVESTIGACIÓN, DESARROLLO, INNOVACIÓN Y DIGITALIZACIÓN
2021;463A;Investigación científica;770.043,24;46. INVESTIGACIÓN, DESARROLLO, INNOVACIÓN Y DIGITALIZACIÓN
2021;463B;Fomento y coordinación de la investigación científica y técnica;2.760.571,23;46. INVESTIGACIÓN, DESARROLLO, INNOVACIÓN Y DIGITALIZACIÓN
2021;465A;Investigación sanitaria;287.428,72;46. INVESTIGACIÓN, DESARROLLO, INNOVACIÓN Y DIGITALIZACIÓN
2021;467C;Investigación y desarrollo tecnológico-industrial;1.297.509,42;46. INVESTIGACIÓN, DESARROLLO, INNOVACIÓN Y DIGITALIZACIÓN
2021;467D;Investigación y experimentación agraria;58.253,30;46. INVESTIGACIÓN, DESARROLLO, INNOVACIÓN Y DIGITALIZACIÓN
2021;467E;Investigación oceanográfica y pesquera;99.112,70;46. INVESTIGACIÓN, DESARROLLO, INNOVACIÓN Y DIGITALIZACIÓN
2021;467F;Investigación geológico-minera y medioambiental;24.515,35;46. INVESTIGACIÓN, DESARROLLO, INNOVACIÓN Y DIGITALIZACIÓN
2021;467H;Investigación energética, medioambiental y tecnológica;112.508,33;46. INVESTIGACIÓN, DESARROLLO, INNOVACIÓN Y DIGITALIZACIÓN
2021;000X;Transferencias y libramientos internos (Sección: 28 MINISTERIO DE CIENCIA E INNOVACIÓN);1.951.976,56;46. INVESTIGACIÓN, DESARROLLO, INNOVACIÓN Y DIGITALIZACIÓN
2021;230A;Servicios sociales y promoción social. Mecanismo de Recuperación y Resiliencia;916.850,00;23. SERVICIOS SOCIALES Y PROMOCIÓN SOCIAL
2021;231F;Otros servicios sociales del Estado;297.001,79;23. SERVICIOS SOCIALES Y PROMOCIÓN SOCIAL
2021;231G;Atención a la infancia y a las familias;34.679,13;23. SERVICIOS SOCIALES Y PROMOCIÓN SOCIAL
2021;232A;Promoción y servicios a la juventud;45.248,12;23. SERVICIOS SOCIALES Y PROMOCIÓN SOCIAL
2021;232F;Derechos de los animales;4.597,66;23. SERVICIOS SOCIALES Y PROMOCIÓN SOCIAL
2021;239N;Dirección y Servicios Generales de Derechos Sociales y Agenda 2030;32.086,88;23. SERVICIOS SOCIALES Y PROMOCIÓN SOCIAL
2021;921Y;Agenda 2030;22.833,43;92. SERVICIOS DE CARÁCTER GENERAL
2021;000X;Transferencias y libramientos internos (Sección: 29 MINISTERIO DE DERECHOS SOCIALES Y AGENDA 2030);2.535.109,87;92. SERVICIOS DE CARÁCTER GENERAL
2021;230A;Servicios sociales y promoción social. Mecanismo de Recuperación y Resiliencia;48.589,90;23. SERVICIOS SOCIALES Y PROMOCIÓN SOCIAL
2021;232B;Igualdad de oportunidades entre mujeres y hombres;221.837,77;23. SERVICIOS SOCIALES Y PROMOCIÓN SOCIAL
2021;232C;Actuaciones para la prevención integral de la violencia de género;180.121,06;23. SERVICIOS SOCIALES Y PROMOCIÓN SOCIAL
2021;232D;Igualdad de trato y diversidad;1.820,08;23. SERVICIOS SOCIALES Y PROMOCIÓN SOCIAL
2021;232M;Dirección y Servicios Generales de Igualdad;6.963,25;23. SERVICIOS SOCIALES Y PROMOCIÓN SOCIAL
2021;000X;Transferencias y libramientos internos (Sección: 30 MINISTERIO DE IGUALDAD);12.534,49;23. SERVICIOS SOCIALES Y PROMOCIÓN SOCIAL
2021;313C;Seguridad alimentaria y nutrición;15.906,53;31. SANIDAD
2021;492O;Protección y promoción de los derechos de los consumidores y usuarios;13.710,86;49. OTRAS ACTUACIONES DE CARÁCTER ECONÓMICO
2021;496M;Regulación del juego;6.801,60;49. OTRAS ACTUACIONES DE CARÁCTER ECONÓMICO
2021;498M;Dirección y Servicios Generales de Consumo;10.227,43;49. OTRAS ACTUACIONES DE CARÁCTER ECONÓMICO
2021;000X;Transferencias y libramientos internos (Sección: 31 MINISTERIO DE CONSUMO);10.467,60;49. OTRAS ACTUACIONES DE CARÁCTER ECONÓMICO
2021;143A;Cooperación para el desarrollo;781,99;14. POLÍTICA EXTERIOR Y DE COOPERACIÓN PARA EL DESARROLLO
2021;212M;Pensiones no contributivas y prestaciones asistenciales;5.181,02;21. PENSIONES
2021;219N;Gestión de pensiones de Clases Pasivas;4.875,38;21. PENSIONES
2021;230A;Servicios sociales y promoción social. Mecanismo de Recuperación y Resiliencia;183.674,00;23. SERVICIOS SOCIALES Y PROMOCIÓN SOCIAL
2021;231B;Acciones en favor de los emigrantes;60.968,45;23. SERVICIOS SOCIALES Y PROMOCIÓN SOCIAL
2021;231G;Atención a la infancia y a las familias;2.500,00;23. SERVICIOS SOCIALES Y PROMOCIÓN SOCIAL
2021;231H;Acciones en favor de los inmigrantes;424.199,34;23. SERVICIOS SOCIALES Y PROMOCIÓN SOCIAL
2021;232E;Análisis y definición de objetivos y políticas de Inclusión;1.919,73;23. SERVICIOS SOCIALES Y PROMOCIÓN SOCIAL
2021;291M;Dirección y Servicios Generales de la Inclusión, de la Seguridad Social y de la Migración;38.443,01;29. GESTIÓN Y ADMINISTRACIÓN DE LA INCLUSIÓN, DE LA SEGURIDAD SOCIAL Y DE LA MIGRACIÓN
2021;000X;Transferencias y libramientos internos (Sección: 32 MINISTERIO DE INCLUSIÓN, SEGURIDAD SOCIAL Y MIGRACIONES);42.142.351,20;29. GESTIÓN Y ADMINISTRACIÓN DE LA INCLUSIÓN, DE LA SEGURIDAD SOCIAL Y DE LA MIGRACIÓN
2021;144B;Cooperación, promoción y difusión educativa en el exterior;1.967,53;14. POLÍTICA EXTERIOR Y DE COOPERACIÓN PARA EL DESARROLLO
2021;321O;Dirección y Servicios Generales de Universidades;8.059,40;32. EDUCACIÓN
2021;322C;Enseñanzas universitarias;136.134,89;32. EDUCACIÓN
2021;323M;Becas y ayudas a estudiantes;39.750,34;32. EDUCACIÓN
2021;460A;Investigación, Desarrollo e Innovación. Mecanismo de Recuperación y Resiliencia;203.900,00;46. INVESTIGACIÓN, DESARROLLO, INNOVACIÓN Y DIGITALIZACIÓN
2021;463A;Investigación científica;104.531,73;46. INVESTIGACIÓN, DESARROLLO, INNOVACIÓN Y DIGITALIZACIÓN
2021;000X;Transferencias y libramientos internos (Sección: 33 MINISTERIO DE UNIVERSIDADES);48.117,25;46. INVESTIGACIÓN, DESARROLLO, INNOVACIÓN Y DIGITALIZACIÓN
2021;943M;Transferencias al Presupuesto General de la Unión Europea;16.205.350,00;94. TRANSFERENCIAS A OTRAS ADMINISTRACIONES PÚBLICAS
2021;943N;Cooperación a través del Fondo Europeo de Desarrollo y del Fondo Europeo de Apoyo a la Paz;337.500,00;94. TRANSFERENCIAS A OTRAS ADMINISTRACIONES PÚBLICAS
2021;929N;Fondo de contingencia de ejecución presupuestaria;3.889.130,00;92. SERVICIOS DE CARÁCTER GENERAL
2021;941N;Transferencias a Comunidades Autónomas por los Fondos de Compensación Interterritorial;582.430,00;94. TRANSFERENCIAS A OTRAS ADMINISTRACIONES PÚBLICAS
2021;453A;Infraestructura del transporte ferroviario;261.554,15;45. INFRAESTRUCTURAS Y ECOSISTEMAS RESILIENTES
2021;941O;Otras transferencias a Comunidades Autónomas;13.594.566,66;94. TRANSFERENCIAS A OTRAS ADMINISTRACIONES PÚBLICAS
2021;942N;Otras transferencias a Entidades Locales;54.162,40;94. TRANSFERENCIAS A OTRAS ADMINISTRACIONES PÚBLICAS
2021;941M;Transferencias a Comunidades Autónomas por participación en los ingresos del Estado;20.459.622,81;94. TRANSFERENCIAS A OTRAS ADMINISTRACIONES PÚBLICAS
2021;941O;Otras transferencias a Comunidades Autónomas;1.009.986,18;94. TRANSFERENCIAS A OTRAS ADMINISTRACIONES PÚBLICAS
2021;942M;Transferencias a Entidades Locales por participación en los ingresos del Estado;17.872.735,89;94. TRANSFERENCIAS A OTRAS ADMINISTRACIONES PÚBLICAS
2021;942N;Otras transferencias a Entidades Locales;190.411,29;94. TRANSFERENCIAS A OTRAS ADMINISTRACIONES PÚBLICAS
2021;211M;Pensiones contributivas de la Seguridad Social;136.127.112,36;21. PENSIONES
2021;212M;Pensiones no contributivas y prestaciones asistenciales;2.567.854,34;21. PENSIONES
2021;212O;Gestión y control de los complementos a mínimos de pensiones;7.075.019,95;21. PENSIONES
2021;219M;Gestión de las prestaciones económicas de Seguridad Social;433.447,66;21. PENSIONES
2021;221M;Subsidios de incapacidad temporal y otras prestaciones económicas de la Seguridad Social;18.672.121,71;22. OTRAS PRESTACIONES ECONÓMICAS
2021;224M;Prestaciones económicas por cese de actividad;712.796,51;22. OTRAS PRESTACIONES ECONÓMICAS
2021;231C;Servicios Sociales de la Seguridad Social a personas con discapacidad;46.739,11;23. SERVICIOS SOCIALES Y PROMOCIÓN SOCIAL
2021;231D;Servicios Sociales de la Seguridad Social a personas mayores;118.232,72;23. SERVICIOS SOCIALES Y PROMOCIÓN SOCIAL
2021;231E;Otros servicios sociales de la Seguridad Social;49.519,80;23. SERVICIOS SOCIALES Y PROMOCIÓN SOCIAL
2021;231I;Autonomía personal y atención a la dependencia;2.353.543,31;23. SERVICIOS SOCIALES Y PROMOCIÓN SOCIAL
2021;239M;Gestión de los servicios sociales de la Seguridad Social;46.336,38;23. SERVICIOS SOCIALES Y PROMOCIÓN SOCIAL
2021;290A;Gestión y administración de la Inclusión de la Seguridad Social y de la Migración. Mecanismo de Recuperación y Resiliencia;8.500,00;29. GESTIÓN Y ADMINISTRACIÓN DE LA INCLUSIÓN, DE LA SEGURIDAD SOCIAL Y DE LA MIGRACIÓN
2021;291M;Dirección y Servicios Generales de la Inclusión, de la Seguridad Social y de la Migración;2.276.378,04;29. GESTIÓN Y ADMINISTRACIÓN DE LA INCLUSIÓN, DE LA SEGURIDAD SOCIAL Y DE LA MIGRACIÓN
2021;310A;Sanidad. Mecanismo de Recuperación y Resiliencia;18.500,00;31. SANIDAD
2021;311M;Dirección y Servicios Generales de Sanidad;16.633,30;31. SANIDAD
2021;312B;Atención primaria de salud. Instituto Nacional de Gestión Sanitaria;73.915,04;31. SANIDAD
2021;312C;Atención especializada de salud. Instituto Nacional de Gestión Sanitaria;210.072,44;31. SANIDAD
2021;312D;Medicina marítima;38.003,77;31. SANIDAD
2021;312F;Atención primaria de salud de Mutuas colaboradoras con la Seguridad Social e Instituto Social de la Marina;939.010,34;31. SANIDAD
2021;312G;Atención especializada de salud de Mutuas colaboradoras con la Seguridad Social e Instituto Social de la Marina;440.555,01;31. SANIDAD
2021;322I;Enseñanzas especiales;2.681,72;32. EDUCACIÓN
2021;000X;Transferencias y libramientos internos (Sección: 60 SEGURIDAD SOCIAL);3.958.448,93;32. EDUCACIÓN
2022;911M;Jefatura del Estado;8.431,15;91. ÓRGANOS CONSTITUCIONALES, GOBIERNO Y OTROS
2022;911N;Actividad legislativa;247.123,24;91. ÓRGANOS CONSTITUCIONALES, GOBIERNO Y OTROS
2022;911O;Control externo del Sector Público;74.964,91;91. ÓRGANOS CONSTITUCIONALES, GOBIERNO Y OTROS
2022;911P;Control Constitucional;28.417,20;91. ÓRGANOS CONSTITUCIONALES, GOBIERNO Y OTROS
2022;912N;Alto asesoramiento del Estado;13.956,32;91. ÓRGANOS CONSTITUCIONALES, GOBIERNO Y OTROS
2022;951M;Amortización y gastos financieros de la deuda pública en euros;98.208.228,12;95. GASTOS FINANCIEROS DE LA DEUDA PUBLICA
2022;951N;Amortización y gastos financieros de la deuda pública en moneda extranjera;56.187,00;95. GASTOS FINANCIEROS DE LA DEUDA PUBLICA
2022;211N;Pensiones de Clases Pasivas;17.869.225,84;21. PENSIONES
2022;211O;Otras pensiones y prestaciones de Clases Pasivas;41.882,46;21. PENSIONES
2022;212N;Pensiones de guerra;83.934,85;21. PENSIONES
2022;000X;Transferencias y libramientos internos (Sección: 07 CLASES PASIVAS);249,75;21. PENSIONES
2022;111M;Gobierno del Poder Judicial;40.085,02;11. JUSTICIA
2022;111O;Selección y formación de jueces;25.378,79;11. JUSTICIA
2022;111P;Documentación y publicaciones judiciales;10.601,76;11. JUSTICIA
2022;923S;Aportaciones al Mutualismo Administrativo;2.262.822,02;92. SERVICIOS DE CARÁCTER GENERAL
2022;000X;Transferencias y libramientos internos (Sección: 09 APORTACIONES AL MUTUALISMO ADMINISTRATIVO);97.870,95;92. SERVICIOS DE CARÁCTER GENERAL
2022;923R;Contratación centralizada;333.984,53;92. SERVICIOS DE CARÁCTER GENERAL
2022;14KB;C11.I02 Proyectos tractores de digitalización de la Administración General del Estado. Política exterior;22.751,00;14. POLÍTICA EXTERIOR Y DE COOPERACIÓN PARA EL DESARROLLO
2022;14SA;C19.I01 Competencias digitales transversales. Política Exterior;26.000,00;14. POLÍTICA EXTERIOR Y DE COOPERACIÓN PARA EL DESARROLLO
2022;141M;Dirección y Servicios Generales de Asuntos Exteriores, Unión Europea y Cooperación;77.665,21;14. POLÍTICA EXTERIOR Y DE COOPERACIÓN PARA EL DESARROLLO
2022;142A;Acción del Estado en el exterior;853.995,02;14. POLÍTICA EXTERIOR Y DE COOPERACIÓN PARA EL DESARROLLO
2022;142B;Acción Diplomática ante la Unión Europea;26.219,20;14. POLÍTICA EXTERIOR Y DE COOPERACIÓN PARA EL DESARROLLO
2022;143A;Cooperación para el desarrollo;780.411,48;14. POLÍTICA EXTERIOR Y DE COOPERACIÓN PARA EL DESARROLLO
2022;144A;Cooperación, promoción y difusión cultural en el exterior;139.852,83;14. POLÍTICA EXTERIOR Y DE COOPERACIÓN PARA EL DESARROLLO
2022;467G;Investigación y desarrollo de la Sociedad de la Información;1.759,66;46. INVESTIGACIÓN, DESARROLLO, INNOVACIÓN Y DIGITALIZACIÓN
2022;000X;Transferencias y libramientos internos (Sección: 12 MINISTERIO DE ASUNTOS EXTERIORES, UNIÓN EUROPEA Y COOPERACIÓN);481.922,40;46. INVESTIGACIÓN, DESARROLLO, INNOVACIÓN Y DIGITALIZACIÓN
2022;11KB;C11.I02 Proyectos tractores de digitalización de la Administración General del Estado. Justicia;209.770,00;11. JUSTICIA
2022;111N;Dirección y Servicios Generales de Justicia;108.688,39;11. JUSTICIA
2022;111Q;Formación del Personal de la Administración de Justicia;8.375,82;11. JUSTICIA
2022;111R;Formación de la Carrera Fiscal;6.271,39;11. JUSTICIA
2022;112A;Tribunales de Justicia y Ministerio Fiscal;1.838.836,14;11. JUSTICIA
2022;113M;Registros vinculados con la Fe Pública;35.542,09;11. JUSTICIA
2022;135M;Protección de datos de carácter personal;16.554,18;13. SEGURIDAD CIUDADANA E INSTITUCIONES PENITENCIARIAS
2022;222M;Prestaciones económicas del Mutualismo Administrativo;27.482,41;22. OTRAS PRESTACIONES ECONÓMICAS
2022;312E;Asistencia sanitaria del Mutualismo Administrativo;97.562,05;31. SANIDAD
2022;921S;Asesoramiento y defensa de los intereses del Estado;42.798,72;92. SERVICIOS DE CARÁCTER GENERAL
2022;000X;Transferencias y libramientos internos (Sección: 13 MINISTERIO DE JUSTICIA);13.801,79;92. SERVICIOS DE CARÁCTER GENERAL
2022;12KB;C11.I02 Proyectos tractores de digitalización de la Administración General del Estado. Defensa;25.000,00;12. DEFENSA
2022;12SC;C19.I03 Competencias digitales para el empleo. Defensa;3.000,00;12. DEFENSA
2022;121M;Administración y Servicios Generales de Defensa;2.239.186,94;12. DEFENSA
2022;121N;Formación del Personal de las Fuerzas Armadas;452.731,60;12. DEFENSA
2022;121O;Personal en reserva;572.006,41;12. DEFENSA
2022;122A;Modernización de las Fuerzas Armadas;398.275,83;12. DEFENSA
2022;122B;Programas especiales de modernización;2.848.007,58;12. DEFENSA
2022;122M;Gastos Operativos de las Fuerzas Armadas;2.254.933,59;12. DEFENSA
2022;122N;Apoyo Logístico;997.669,56;12. DEFENSA
2022;222M;Prestaciones económicas del Mutualismo Administrativo;77.699,21;22. OTRAS PRESTACIONES ECONÓMICAS
2022;312A;Asistencia hospitalaria en las Fuerzas Armadas;160.232,76;31. SANIDAD
2022;312E;Asistencia sanitaria del Mutualismo Administrativo;752.954,54;31. SANIDAD
2022;464A;Investigación y estudios de las Fuerzas Armadas;230.360,96;46. INVESTIGACIÓN, DESARROLLO, INNOVACIÓN Y DIGITALIZACIÓN
2022;912Q;Asesoramiento para la protección de los intereses nacionales;312.276,54;91. ÓRGANOS CONSTITUCIONALES, GOBIERNO Y OTROS
2022;931P;Control interno y Contabilidad Pública;62,13;93. ADMINISTRACIÓN FINANCIERA Y TRIBUTARIA
2022;000X;Transferencias y libramientos internos (Sección: 14 MINISTERIO DE DEFENSA);384.905,23;93. ADMINISTRACIÓN FINANCIERA Y TRIBUTARIA
2022;222M;Prestaciones económicas del Mutualismo Administrativo;328.107,80;22. OTRAS PRESTACIONES ECONÓMICAS
2022;312E;Asistencia sanitaria del Mutualismo Administrativo;1.574.174,03;31. SANIDAD
2022;337B;Conservación y restauración de bienes culturales;7.644,89;33. CULTURA
2022;422A;Incentivos regionales a la localización industrial;94.238,79;42. INDUSTRIA Y ENERGÍA
2022;462N;Investigación y estudios estadísticos y económicos;6.461,81;46. INVESTIGACIÓN, DESARROLLO, INNOVACIÓN Y DIGITALIZACIÓN
2022;467G;Investigación y desarrollo de la Sociedad de la Información;12.698,00;46. INVESTIGACIÓN, DESARROLLO, INNOVACIÓN Y DIGITALIZACIÓN
2022;492N;Regulación y vigilancia de la competencia en el Mercado de Tabacos;7.503,06;49. OTRAS ACTUACIONES DE CARÁCTER ECONÓMICO
2022;92KC;C11.I03 Transformación Digital y Modernización de la AGE. Servicios de carácter general;10.849,67;92. SERVICIOS DE CARÁCTER GENERAL
2022;921N;Dirección y organización de la Administración Pública;19.543,50;92. SERVICIOS DE CARÁCTER GENERAL
2022;921O;Formación del personal de las Administraciones Públicas;108.163,08;92. SERVICIOS DE CARÁCTER GENERAL
2022;921T;Servicios de transportes de Ministerios;47.890,79;92. SERVICIOS DE CARÁCTER GENERAL
2022;921X;Evaluación de la transparencia de la actividad pública;3.003,11;92. SERVICIOS DE CARÁCTER GENERAL
2022;922N;Coordinación y relaciones financieras con los Entes Territoriales;21.008.461,79;92. SERVICIOS DE CARÁCTER GENERAL
2022;923A;Gestión del Patrimonio del Estado;267.337,30;92. SERVICIOS DE CARÁCTER GENERAL
2022;923M;Dirección y Servicios Generales de Hacienda y Función Pública;1.124.164,40;92. SERVICIOS DE CARÁCTER GENERAL
2022;923N;Formación del personal de Economía y Hacienda;22.201,92;92. SERVICIOS DE CARÁCTER GENERAL
2022;93KE;C11.I05 Transformación de la Administración para la Ejecución del PRR. Administración Financiera y Tributaria;617,00;93. ADMINISTRACIÓN FINANCIERA Y TRIBUTARIA
2022;931N;Política presupuestaria;65.712,86;93. ADMINISTRACIÓN FINANCIERA Y TRIBUTARIA
2022;931O;Política tributaria;5.942,39;93. ADMINISTRACIÓN FINANCIERA Y TRIBUTARIA
2022;931P;Control interno y Contabilidad Pública;90.300,32;93. ADMINISTRACIÓN FINANCIERA Y TRIBUTARIA
2022;931Q;Control y Supervisión de la Política Fiscal;10.410,30;93. ADMINISTRACIÓN FINANCIERA Y TRIBUTARIA
2022;932A;Aplicación del sistema tributario estatal;1.212.460,95;93. ADMINISTRACIÓN FINANCIERA Y TRIBUTARIA
2022;932M;Gestión del catastro inmobiliario;111.468,49;93. ADMINISTRACIÓN FINANCIERA Y TRIBUTARIA
2022;932N;Resolución de reclamaciones económico-administrativas;30.476,43;93. ADMINISTRACIÓN FINANCIERA Y TRIBUTARIA
2022;94KC;C11.I03 Transformación Digital y Modernización de las CCAA y EELL. Transferencias a otras AA.PP.;239.072,26;94. TRANSFERENCIAS A OTRAS ADMINISTRACIONES PÚBLICAS
2022;000X;Transferencias y libramientos internos (Sección: 15 MINISTERIO DE HACIENDA Y FUNCIÓN PÚBLICA);1.279.633,03;94. TRANSFERENCIAS A OTRAS ADMINISTRACIONES PÚBLICAS
2022;13KB;C11.I02 Proyectos tractores de digitalización de la Administración General del Estado. Seguridad Ciudadana e Instituciones Penitenciarias;21.250,00;13. SEGURIDAD CIUDADANA E INSTITUCIONES PENITENCIARIAS
2022;13SC;C19.I03 Competencias digitales para el empleo. Seguridad Ciudadana e Instituciones Penitenciarias;19.000,00;13. SEGURIDAD CIUDADANA E INSTITUCIONES PENITENCIARIAS
2022;131M;Dirección y Servicios Generales de Seguridad y Protección Civil;210.674,40;13. SEGURIDAD CIUDADANA E INSTITUCIONES PENITENCIARIAS
2022;131N;Formación de Fuerzas y Cuerpos de Seguridad del Estado;181.303,11;13. SEGURIDAD CIUDADANA E INSTITUCIONES PENITENCIARIAS
2022;131O;Fuerzas y Cuerpos en reserva;336.716,29;13. SEGURIDAD CIUDADANA E INSTITUCIONES PENITENCIARIAS
2022;131P;Derecho de asilo y apátridas;16.126,71;13. SEGURIDAD CIUDADANA E INSTITUCIONES PENITENCIARIAS
2022;132A;Seguridad ciudadana;7.116.889,04;13. SEGURIDAD CIUDADANA E INSTITUCIONES PENITENCIARIAS
2022;132B;Seguridad vial;838.665,66;13. SEGURIDAD CIUDADANA E INSTITUCIONES PENITENCIARIAS
2022;132C;Actuaciones policiales en materia de droga;102.407,49;13. SEGURIDAD CIUDADANA E INSTITUCIONES PENITENCIARIAS
2022;133A;Centros e Instituciones Penitenciarias;1.272.262,38;13. SEGURIDAD CIUDADANA E INSTITUCIONES PENITENCIARIAS
2022;134M;Protección Civil;16.950,26;13. SEGURIDAD CIUDADANA E INSTITUCIONES PENITENCIARIAS
2022;924M;Elecciones y Partidos Políticos;81.690,09;92. SERVICIOS DE CARÁCTER GENERAL
2022;000X;Transferencias y libramientos internos (Sección: 16 MINISTERIO DEL INTERIOR);142.313,75;92. SERVICIOS DE CARÁCTER GENERAL
2022;26BA;C02.I01 Programa de rehabilitación para la recuperación económica y social en entornos residenciales;1.389.000,00;26. ACCESO A LA VIVIENDA Y FOMENTO DE LA EDIFICACIÓN
2022;26BB;C02.I02 Programa de construcción de viviendas en alquiler social en edificios energéticamente eficientes;500.000,00;26. ACCESO A LA VIVIENDA Y FOMENTO DE LA EDIFICACIÓN
2022;26BE;C02.I05 Programa de rehabilitación sostenible y digital de edificios públicos;600.000,00;26. ACCESO A LA VIVIENDA Y FOMENTO DE LA EDIFICACIÓN
2022;261N;Promoción, administración y ayudas para rehabilitación y acceso a vivienda;771.485,51;26. ACCESO A LA VIVIENDA Y FOMENTO DE LA EDIFICACIÓN
2022;261O;Ordenación y fomento de la edificación;32.458,18;26. ACCESO A LA VIVIENDA Y FOMENTO DE LA EDIFICACIÓN
2022;261P;Urbanismo y política del suelo;2.326,37;26. ACCESO A LA VIVIENDA Y FOMENTO DE LA EDIFICACIÓN
2022;441M;Subvenciones y apoyo al transporte terrestre;1.825.862,45;44. INFRAESTRUCTURAS
2022;441N;Subvenciones y apoyo al transporte marítimo;167.185,18;44. INFRAESTRUCTURAS
2022;441O;Subvenciones y apoyo al transporte aéreo;653.268,62;44. INFRAESTRUCTURAS
2022;441P;Subvenciones al transporte extrapeninsular de mercancías;74.279,24;44. INFRAESTRUCTURAS
2022;45AA;C01.I01 Zonas de bajas emisiones y transformación del transporte urbano y metropolitano. Infraestructuras y Ecosistemas Resilientes;1.121.236,30;45. INFRAESTRUCTURAS Y ECOSISTEMAS RESILIENTES
2022;45AC;C01.I03 Actuaciones de mejora de la calidad y fiabilidad en el servicio de Cercanías.;615.421,48;45. INFRAESTRUCTURAS Y ECOSISTEMAS RESILIENTES
2022;45FA;C06.I01 Red nacional de transporte: Corredores europeos.;635.436,92;45. INFRAESTRUCTURAS Y ECOSISTEMAS RESILIENTES
2022;45FB;C06.I02 Red Transeuropea de Transporte. Otras actuaciones. Infraestructuras y Ecosistemas Resilientes;457.824,75;45. INFRAESTRUCTURAS Y ECOSISTEMAS RESILIENTES
2022;45FC;C06.I03 Intermodalidad y logística;209.778,83;45. INFRAESTRUCTURAS Y ECOSISTEMAS RESILIENTES
2022;45FD;C06.I04 Programa de apoyo para un transporte sostenible y digital;307.500,00;45. INFRAESTRUCTURAS Y ECOSISTEMAS RESILIENTES
2022;45SC;C19.I03 Competencias digitales para el empleo. Transportes y Movilidad.;11.000,00;45. INFRAESTRUCTURAS Y ECOSISTEMAS RESILIENTES
2022;451M;Estudios y servicios de asistencia técnica en Obras Públicas y Urbanismo;33.822,21;45. INFRAESTRUCTURAS Y ECOSISTEMAS RESILIENTES
2022;451N;Dirección y Servicios Generales de Transportes, Movilidad y Agenda Urbana;666.185,10;45. INFRAESTRUCTURAS Y ECOSISTEMAS RESILIENTES
2022;453A;Infraestructura del transporte ferroviario;1.396.159,75;45. INFRAESTRUCTURAS Y ECOSISTEMAS RESILIENTES
2022;453B;Creación de infraestructura de carreteras;1.532.979,01;45. INFRAESTRUCTURAS Y ECOSISTEMAS RESILIENTES
2022;453C;Conservación y explotación de carreteras;1.201.239,81;45. INFRAESTRUCTURAS Y ECOSISTEMAS RESILIENTES
2022;453M;Ordenación e inspección del transporte terrestre;23.522,62;45. INFRAESTRUCTURAS Y ECOSISTEMAS RESILIENTES
2022;453N;Regulación y supervisión de la seguridad ferroviaria;14.860,30;45. INFRAESTRUCTURAS Y ECOSISTEMAS RESILIENTES
2022;453O;Comisión de Investigación de Accidentes Ferroviarios;605,53;45. INFRAESTRUCTURAS Y ECOSISTEMAS RESILIENTES
2022;454M;Regulación y seguridad del tráfico marítimo;37.110,45;45. INFRAESTRUCTURAS Y ECOSISTEMAS RESILIENTES
2022;454O;Comisión de Investigación de Accidentes e Incidentes Marítimos;655,30;45. INFRAESTRUCTURAS Y ECOSISTEMAS RESILIENTES
2022;455M;Regulación y supervisión de la aviación civil;85.862,28;45. INFRAESTRUCTURAS Y ECOSISTEMAS RESILIENTES
2022;455O;Comisión de Investigación de Accidentes e Incidentes de Aviación Civil;1.717,50;45. INFRAESTRUCTURAS Y ECOSISTEMAS RESILIENTES
2022;46AA;C01.I01 Zonas de bajas emisiones y transformación del transporte urbano y metropolitano. I+D+i+Digitalización;2.970,08;46. INVESTIGACIÓN, DESARROLLO, INNOVACIÓN Y DIGITALIZACIÓN
2022;46FB;C06.I02 Red Transeuropea de Transporte. Otras actuaciones. I+D+i+Digitalización;24.478,04;46. INVESTIGACIÓN, DESARROLLO, INNOVACIÓN Y DIGITALIZACIÓN
2022;467B;Investigación, desarrollo y experimentación en transporte e infraestructuras;1.000,00;46. INVESTIGACIÓN, DESARROLLO, INNOVACIÓN Y DIGITALIZACIÓN
2022;467G;Investigación y desarrollo de la Sociedad de la Información;980,00;46. INVESTIGACIÓN, DESARROLLO, INNOVACIÓN Y DIGITALIZACIÓN
2022;491N;Servicio postal universal;110.790,00;49. OTRAS ACTUACIONES DE CARÁCTER ECONÓMICO
2022;495A;Desarrollo y aplicación de la información geográfica española;43.317,23;49. OTRAS ACTUACIONES DE CARÁCTER ECONÓMICO
2022;497M;Salvamento y lucha contra la contaminación en la mar;169.810,00;49. OTRAS ACTUACIONES DE CARÁCTER ECONÓMICO
2022;000X;Transferencias y libramientos internos (Sección: 17 MINISTERIO DE TRANSPORTES, MOVILIDAD Y AGENDA URBANA);44.734,96;49. OTRAS ACTUACIONES DE CARÁCTER ECONÓMICO
2022;14SB;C19.I02 Transformación Digital de la Educación. Política Exterior;434,06;14. POLÍTICA EXTERIOR Y DE COOPERACIÓN PARA EL DESARROLLO
2022;144B;Cooperación, promoción y difusión educativa en el exterior;11.167,55;14. POLÍTICA EXTERIOR Y DE COOPERACIÓN PARA EL DESARROLLO
2022;24TA;C20.I01 Reskilling y upskilling de la población activa ligado a cualificaciones profesionales. Fomento del Empleo;49.000,00;24. FOMENTO DEL EMPLEO
2022;241B;Formación Profesional para el Empleo;1.151.250,70;24. FOMENTO DEL EMPLEO
2022;32SA;C19.I01 Competencias digitales transversales. Educación;42.000,00;32. EDUCACIÓN
2022;32SB;C19.I02 Transformación Digital de la Educación. Educación;341.567,00;32. EDUCACIÓN
2022;32TA;C20.I01 Reskilling y upskilling de la población activa ligado a cualificaciones profesionales. Educación;422.849,00;32. EDUCACIÓN
2022;32TB;C20.I02 Transformación Digital de la Formación Profesional;93.700,00;32. EDUCACIÓN
2022;32TC;C20.I03 Innovación e internacionalización de la formación profesional;209.666,00;32. EDUCACIÓN
2022;32TR;C20.R01 Plan de modernización de la Formación Profesional;200,00;32. EDUCACIÓN
2022;32UA;C21.I01 Creación de plazas del Primer Ciclo de Educación Infantil de titularidad pública (prioritariamente de 1 y 2 años): Reforma/rehabilitación y equipamiento para nuevas unidades; nueva construcción y equipamiento; y, gastos de personal y otros gastos.;333.820,00;32. EDUCACIÓN
2022;32UB;C21.I02 Programa de Orientación, Avance y Enriquecimiento Educativo en centros de especial complejidad educativa (Programa #PROA+).;120.000,00;32. EDUCACIÓN
2022;32UC;C21.I03 Creación de Unidades de Acompañamiento y Orientación Personal y Familiar del alumnado educativamente vulnerable, en los servicios educativos o psicopedagógicos situados en zonas y distritos escolares.;39.000,00;32. EDUCACIÓN
2022;32US;C21.R02 Diseño y aplicación de nuevo modelo curricular por competencias clave, priorizando aprendizajes fundamentales, y regulación de una ordenación académica inclusiva;1.400,00;32. EDUCACIÓN
2022;321M;Dirección y Servicios Generales de Educación y Formación Profesional;62.647,73;32. EDUCACIÓN
2022;321N;Formación permanente del profesorado de Educación;2.097,44;32. EDUCACIÓN
2022;322A;Educación Infantil y Primaria;192.624,23;32. EDUCACIÓN
2022;322B;Educación Secundaria, Formación Profesional y Escuelas Oficiales de Idiomas;618.674,05;32. EDUCACIÓN
2022;322E;Enseñanzas artísticas;4.258,75;32. EDUCACIÓN
2022;322F;Educación en el exterior;111.410,97;32. EDUCACIÓN
2022;322G;Educación compensatoria;4.143,76;32. EDUCACIÓN
2022;322L;Inversiones en centros educativos y otras actividades educativas;56.324,99;32. EDUCACIÓN
2022;323M;Becas y ayudas a estudiantes;2.149.592,37;32. EDUCACIÓN
2022;000X;Transferencias y libramientos internos (Sección: 18 MINISTERIO DE EDUCACIÓN Y FORMACIÓN PROFESIONAL);19.070,56;32. EDUCACIÓN
2022;143A;Cooperación para el desarrollo;1.067,04;14. POLÍTICA EXTERIOR Y DE COOPERACIÓN PARA EL DESARROLLO
2022;22KB;C11.I02 Proyectos tractores de digitalización de la Administración General del Estado. Otras Prestaciones Económicas.;610,00;22. OTRAS PRESTACIONES ECONÓMICAS
2022;223M;Prestaciones de garantía salarial;829.319,69;22. OTRAS PRESTACIONES ECONÓMICAS
2022;224M;Prestaciones económicas por cese de actividad;2.000,00;22. OTRAS PRESTACIONES ECONÓMICAS
2022;24KB;C11.I02 Proyectos tractores de digitalización de la Administración General del Estado. Fomento del Empleo.;66.601,10;24. FOMENTO DEL EMPLEO
2022;24SC;C19.I03 Competencias digitales para el empleo. Fomento del Empleo;84.000,00;24. FOMENTO DEL EMPLEO
2022;24WA;C23.I01 Empleo Joven;255.000,00;24. FOMENTO DEL EMPLEO
2022;24WB;C23.I02 Empleo Mujer y transversalidad de género en las políticas públicas de apoyo a la activación para el empleo;35.000,00;24. FOMENTO DEL EMPLEO
2022;24WC;C23.I03 Adquisición de nuevas competencias para la transformación digital, verde y productiva;145.500,00;24. FOMENTO DEL EMPLEO
2022;24WD;C23.I04 Nuevos proyectos territoriales para el reequilibrio y la equidad;150.000,00;24. FOMENTO DEL EMPLEO
2022;24WE;C23.I05 Gobernanza e impulso a las políticas de apoyo a la activación para el empleo;27.000,00;24. FOMENTO DEL EMPLEO
2022;241A;Fomento de la inserción y estabilidad laboral;3.639.581,40;24. FOMENTO DEL EMPLEO
2022;241B;Formación Profesional para el Empleo;2.029.805,76;24. FOMENTO DEL EMPLEO
2022;241N;Desarrollo del trabajo autónomo, de la economía social y de la responsabilidad social de las empresas;15.188,08;24. FOMENTO DEL EMPLEO
2022;251M;Prestaciones a los desempleados;22.457.097,22;25. DESEMPLEO
2022;28KB;C11.I02 Proyectos tractores de digitalización de la Administración General del Estado. Gestión y Administración de Trabajo y Economía Social;5.170,00;28. GESTIÓN Y ADMINISTRACIÓN DE TRABAJO Y ECONOMÍA SOCIAL
2022;28WF;C23.I06 Plan integral de impulso a la Economía Social para la generación de un tejido económico inclusivo y sostenible.;33.400,00;28. GESTIÓN Y ADMINISTRACIÓN DE TRABAJO Y ECONOMÍA SOCIAL
2022;281M;Dirección y Servicios Generales de Trabajo y Economía Social;104.369,78;28. GESTIÓN Y ADMINISTRACIÓN DE TRABAJO Y ECONOMÍA SOCIAL
2022;29KB;C11.I02 Proyectos tractores de digitalización de la Administración General del Estado. Gestión y Administración de la Inclusión, de la Seguridad Social y de la Migración;2.660,00;29. GESTIÓN Y ADMINISTRACIÓN DE LA INCLUSIÓN, DE LA SEGURIDAD SOCIAL Y DE LA MIGRACIÓN
2022;291A;Inspección y control de Seguridad y Protección Social;194.897,63;29. GESTIÓN Y ADMINISTRACIÓN DE LA INCLUSIÓN, DE LA SEGURIDAD SOCIAL Y DE LA MIGRACIÓN
2022;49KB;C11.I02 Proyectos tractores de digitalización de la Administración General del Estado. Otras Actuaciones de Carácter Económico;760,00;49. OTRAS ACTUACIONES DE CARÁCTER ECONÓMICO
2022;49RC;C18.I03 Aumento de capacidades de respuesta ante crisis sanitarias. Otras Actuaciones de Carácter Económico;1.940,00;49. OTRAS ACTUACIONES DE CARÁCTER ECONÓMICO
2022;494M;Administración de las relaciones laborales y condiciones de trabajo;53.096,51;49. OTRAS ACTUACIONES DE CARÁCTER ECONÓMICO
2022;912P;Asesoramiento del Gobierno en materia social, económica y laboral;8.010,07;91. ÓRGANOS CONSTITUCIONALES, GOBIERNO Y OTROS
2022;000X;Transferencias y libramientos internos (Sección: 19 MINISTERIO DE TRABAJO Y ECONOMÍA SOCIAL);2.334.838,56;91. ÓRGANOS CONSTITUCIONALES, GOBIERNO Y OTROS
2022;42LB;C12.I02 Programa de impulso de la Competitividad y Sostenibilidad Industrial e I+D+i;2.594.749,98;42. INDUSTRIA Y ENERGÍA
2022;42MA;C13.I01 Emprendimiento. Industria;5.000,00;42. INDUSTRIA Y ENERGÍA
2022;42ME;C13.I05 Internacionalización. Industria;1.500,00;42. INDUSTRIA Y ENERGÍA
2022;421M;Dirección y Servicios Generales de Industria, Comercio y Turismo;68.373,64;42. INDUSTRIA Y ENERGÍA
2022;421N;Regulación y protección de la Propiedad Industrial;53.021,74;42. INDUSTRIA Y ENERGÍA
2022;421O;Calidad y seguridad industrial;3.691,76;42. INDUSTRIA Y ENERGÍA
2022;422B;Desarrollo industrial;276.638,86;42. INDUSTRIA Y ENERGÍA
2022;422M;Reconversión y reindustrialización;707.073,70;42. INDUSTRIA Y ENERGÍA
2022;43MA;C13.I01 Emprendimiento. PYMES;37.300,00;43. COMERCIO, TURISMO Y PYMES
2022;43MB;C13.I02 Crecimiento. PYMES;183.000,00;43. COMERCIO, TURISMO Y PYMES
2022;43MC;C13.I03 Digitalización e Innovación I. PYMES;67.586,00;43. COMERCIO, TURISMO Y PYMES
2022;43MD;C13.I04 Apoyo al Comercio;122.600,00;43. COMERCIO, TURISMO Y PYMES
2022;43ME;C13.I05 Internacionalización. PYMES;85.505,00;43. COMERCIO, TURISMO Y PYMES
2022;43NA;C14.I01 Transformación del modelo turístico hacia la sostenibilidad.;766.700,00;43. COMERCIO, TURISMO Y PYMES
2022;43NB;C14.I02 Programa de digitalización e inteligencia para destinos y sector turístico. Comercio, Turismo y PYMES;45.000,00;43. COMERCIO, TURISMO Y PYMES
2022;43NC;C14.I03 Estrategias de resiliencia turística para territorios extrapeninsulares.;110.000,00;43. COMERCIO, TURISMO Y PYMES
2022;43ND;C14.I04 Actuaciones especiales en el ámbito de la competitividad.;552.300,00;43. COMERCIO, TURISMO Y PYMES
2022;431A;Promoción comercial e internacionalización de la empresa;406.080,61;43. COMERCIO, TURISMO Y PYMES
2022;431N;Ordenación del comercio exterior;7.280,20;43. COMERCIO, TURISMO Y PYMES
2022;431O;Ordenación y modernización de las estructuras comerciales;10.010,99;43. COMERCIO, TURISMO Y PYMES
2022;432A;Coordinación y promoción del turismo;252.903,74;43. COMERCIO, TURISMO Y PYMES
2022;433M;Apoyo a la pequeña y mediana empresa;285.735,83;43. COMERCIO, TURISMO Y PYMES
2022;46LB;C12.I02 Programa de impulso de la Competitividad y Sostenibilidad Industrial. I+D+i+Digitalización;182.090,00;46. INVESTIGACIÓN, DESARROLLO, INNOVACIÓN Y DIGITALIZACIÓN
2022;46NB;C14.I02 Programa de digitalización e inteligencia para destinos y sector turístico. I+D+i+Digitalización;115.000,00;46. INVESTIGACIÓN, DESARROLLO, INNOVACIÓN Y DIGITALIZACIÓN
2022;464B;Apoyo a la innovación tecnológica en el sector de la defensa;708.200,00;46. INVESTIGACIÓN, DESARROLLO, INNOVACIÓN Y DIGITALIZACIÓN
2022;467C;Investigación y desarrollo tecnológico-industrial;677.835,76;46. INVESTIGACIÓN, DESARROLLO, INNOVACIÓN Y DIGITALIZACIÓN
2022;49LB;C12.I02 Programa de impulso de la Competitividad y Sostenibilidad Industrial. Otras Actuaciones de Carácter Económico;7.630,00;49. OTRAS ACTUACIONES DE CARÁCTER ECONÓMICO
2022;495C;Metrología;9.548,36;49. OTRAS ACTUACIONES DE CARÁCTER ECONÓMICO
2022;921U;Publicaciones;208,64;92. SERVICIOS DE CARÁCTER GENERAL
2022;000X;Transferencias y libramientos internos (Sección: 20 MINISTERIO DE INDUSTRIA, COMERCIO Y TURISMO);81.038,91;92. SERVICIOS DE CARÁCTER GENERAL
2022;231F;Otros servicios sociales del Estado;90.306,00;23. SERVICIOS SOCIALES Y PROMOCIÓN SOCIAL
2022;41CA;C03.I01 Plan para la mejora de la eficiencia y la sostenibilidad en regadíos;303.000,00;41. AGRICULTURA, PESCA Y ALIMENTACIÓN
2022;41CB;C03.I02 Plan de Impulso de la sostenibilidad y competitividad de la agricultura y la ganadería (I): Modernizar los laboratorios de sanidad animal y vegetal;3.810,71;41. AGRICULTURA, PESCA Y ALIMENTACIÓN
2022;41CC;C03.I03 Plan de Impulso de la sostenibilidad y competitividad de la agricultura y la ganadería (II): Reforzar sistemas de capacitación y bioseguridad en viveros y explotaciones ganaderas;12.700,00;41. AGRICULTURA, PESCA Y ALIMENTACIÓN
2022;41CD;C03.I04 Plan de Impulso de la sostenibilidad y competitividad de la agricultura y la ganadería (III): Inversiones en agricultura de precisión, eficiencia energética y economía circular;101.841,25;41. AGRICULTURA, PESCA Y ALIMENTACIÓN
2022;41CE;C03.I05 Estrategia de Digitalización del sector Agroalimentario y Forestal y del Medio Rural: Desarrollo de actuaciones para dar apoyo a la digitalización y el emprendimiento del sector agroalimentario y forestal y del medio rural;14.798,04;41. AGRICULTURA, PESCA Y ALIMENTACIÓN
2022;41CF;C03.I06 Plan de impulso a la sostenibilidad, investigación, innovación y digitalización del sector pesquero (I): Modernización de la Red de Reservas Marinas de Interés Pesquero;7.000,00;41. AGRICULTURA, PESCA Y ALIMENTACIÓN
2022;41CG;C03.I07 Plan de impulso a la sostenibilidad, investigación, innovación y digitalización del sector pesquero (II): Impulso de la investigación pesquera y acuícola y apoyo a la formación;5.450,00;41. AGRICULTURA, PESCA Y ALIMENTACIÓN
2022;41CH;C03.I08 Plan de impulso a la sostenibilidad, investigación, innovación y digitalización del sector pesquero (III): Desarrollo tecnológico e innovación en el sector pesquero y acuícola;5.000,00;41. AGRICULTURA, PESCA Y ALIMENTACIÓN
2022;41CI;C03.I09 Plan de impulso a la sostenibilidad, investigación, innovación y digitalización del sector pesquero (IV): Digitalización y uso de TICs en el sector pesquero;4.000,00;41. AGRICULTURA, PESCA Y ALIMENTACIÓN
2022;41CJ;C03.I10 Plan de impulso a la sostenibilidad, investigación, innovación y digitalización del sector pesquero (V): Apoyo a la lucha contra la pesca ilegal, no declarada y no reglamentada;36.000,00;41. AGRICULTURA, PESCA Y ALIMENTACIÓN
2022;41KB;C11. I02 Proyectos tractores de digitalización de la Administración General del Estado. Agricultura y Alimentación;10.000,00;41. AGRICULTURA, PESCA Y ALIMENTACIÓN
2022;411M;Dirección y Servicios Generales de Agricultura, Pesca y Alimentación;94.182,02;41. AGRICULTURA, PESCA Y ALIMENTACIÓN
2022;412C;Competitividad y calidad de la producción y los mercados agrarios;50.983,30;41. AGRICULTURA, PESCA Y ALIMENTACIÓN
2022;412D;Competitividad y calidad de la sanidad agraria;46.967,98;41. AGRICULTURA, PESCA Y ALIMENTACIÓN
2022;412M;Regulación de los mercados agrarios;5.797.004,25;41. AGRICULTURA, PESCA Y ALIMENTACIÓN
2022;413A;Competitividad industria agroalimentaria y calidad alimentaria;31.719,88;41. AGRICULTURA, PESCA Y ALIMENTACIÓN
2022;414A;Gestión de recursos hídricos para el regadío, caminos naturales y otras infraestructuras rurales;63.378,66;41. AGRICULTURA, PESCA Y ALIMENTACIÓN
2022;414B;Desarrollo del medio rural;1.923.304,45;41. AGRICULTURA, PESCA Y ALIMENTACIÓN
2022;415A;Protección de los recursos pesqueros y desarrollo sostenible;20.557,55;41. AGRICULTURA, PESCA Y ALIMENTACIÓN
2022;415B;Mejora de estructuras y mercados pesqueros;50.577,33;41. AGRICULTURA, PESCA Y ALIMENTACIÓN
2022;416A;Previsión de riesgos en las producciones agrarias y pesqueras;262.974,30;41. AGRICULTURA, PESCA Y ALIMENTACIÓN
2022;000X;Transferencias y libramientos internos (Sección: 21 MINISTERIO DE AGRICULTURA, PESCA Y ALIMENTACIÓN);363.015,01;41. AGRICULTURA, PESCA Y ALIMENTACIÓN
2022;92KC;C11.I03 Transformación Digital y Modernización de la AGE. Servicios de carácter general;2.000,00;92. SERVICIOS DE CARÁCTER GENERAL
2022;921M;Dirección y Servicios Generales de Política Territorial;38.054,09;92. SERVICIOS DE CARÁCTER GENERAL
2022;921P;Administración General del Estado en el Territorio;272.889,81;92. SERVICIOS DE CARÁCTER GENERAL
2022;922M;Organización territorial del Estado y desarrollo de sus sistemas de colaboración;10.885,32;92. SERVICIOS DE CARÁCTER GENERAL
2022;94KC;C11.I03 Transformación Digital y Modernización de las CCAA y EELL. Transferencias a otras AA.PP.;149.700,00;94. TRANSFERENCIAS A OTRAS ADMINISTRACIONES PÚBLICAS
2022;942A;Cooperación económica local del Estado;36.399,59;94. TRANSFERENCIAS A OTRAS ADMINISTRACIONES PÚBLICAS
2022;42AB;C01.I02 Plan de incentivos a la instalación de puntos de recarga, a la adquisición de vehículos eléctricos y de pila de combustible y a la innovación en electromovilidad, recarga e hidrógeno verde;445.000,00;42. INDUSTRIA Y ENERGÍA
2022;42BD;C02.I04 Programa de regeneración y reto demográfico;350.000,00;42. INDUSTRIA Y ENERGÍA
2022;42GA;C07.I01 Desarrollo de energías renovables innovadoras, integradas en la edificación y en los procesos productivos;435.000,00;42. INDUSTRIA Y ENERGÍA
2022;42GB;C07.I02 Energía sostenible en las islas;175.000,00;42. INDUSTRIA Y ENERGÍA
2022;42GT;C07.R03 Desarrollo de las comunidades energéticas;20.000,00;42. INDUSTRIA Y ENERGÍA
2022;42HA;C08.I01 Despliegue del almacenamiento energético;289.000,00;42. INDUSTRIA Y ENERGÍA
2022;42HC;C08.I03 Nuevos modelos de negocio en la transición energética;62.000,00;42. INDUSTRIA Y ENERGÍA
2022;42IA;C09.I01 Hidrógeno renovable: un proyecto país;555.000,00;42. INDUSTRIA Y ENERGÍA
2022;42JA;C10.I01 Inversiones en transición justa;110.000,00;42. INDUSTRIA Y ENERGÍA
2022;42KD;C11.I04 Plan de Transición Energética en la Administración General del Estado;434.697,00;42. INDUSTRIA Y ENERGÍA
2022;423N;Explotación minera;14.477,60;42. INDUSTRIA Y ENERGÍA
2022;423O;Desarrollo económico de las comarcas mineras del carbón;296.549,57;42. INDUSTRIA Y ENERGÍA
2022;424M;Seguridad nuclear y protección radiológica;46.431,36;42. INDUSTRIA Y ENERGÍA
2022;425A;Normativa y desarrollo energético;581.575,81;42. INDUSTRIA Y ENERGÍA
2022;45DA;C04.I01 Digitalización y conocimientos del patrimonio natural;34.282,00;45. INFRAESTRUCTURAS Y ECOSISTEMAS RESILIENTES
2022;45DB;C04.I02 Conservación de la biodiversidad terrestre marina;60.130,00;45. INFRAESTRUCTURAS Y ECOSISTEMAS RESILIENTES
2022;45DC;C04.I03 Restauración de ecosistemas e infraestructura verde;113.154,16;45. INFRAESTRUCTURAS Y ECOSISTEMAS RESILIENTES
2022;45DD;C04.I04 Gestión forestal sostenible;135.534,00;45. INFRAESTRUCTURAS Y ECOSISTEMAS RESILIENTES
2022;45EA;C05.I01 Materialización de actuaciones de depuración, saneamiento, eficiencia, ahorro, reutilización y seguridad de infraestructuras (DSEAR);255.000,00;45. INFRAESTRUCTURAS Y ECOSISTEMAS RESILIENTES
2022;45EB;C05.I02 Seguimiento y restauración de ecosistemas fluviales, recuperación de acuíferos y mitigación del riesgo de inundación;344.608,75;45. INFRAESTRUCTURAS Y ECOSISTEMAS RESILIENTES
2022;45EC;C05.I03 Transición digital en el sector del agua. Infraestructuras y Ecosistemas Resilientes.;105.000,00;45. INFRAESTRUCTURAS Y ECOSISTEMAS RESILIENTES
2022;45ED;C05.I04 Adaptación de la costa al cambio climático e implementación de las Estrategias Marinas y de los planes de ordenación del espacio marítimo;95.000,00;45. INFRAESTRUCTURAS Y ECOSISTEMAS RESILIENTES
2022;45LC;C12.I03 Plan de apoyo a la implementación de la normativa de residuos y al fomento de la economía circular;300.000,00;45. INFRAESTRUCTURAS Y ECOSISTEMAS RESILIENTES
2022;451O;Dirección y Servicios Generales para la Transición Ecológica y el Reto Demográfico;81.357,93;45. INFRAESTRUCTURAS Y ECOSISTEMAS RESILIENTES
2022;452A;Gestión e infraestructuras del agua;1.153.956,25;45. INFRAESTRUCTURAS Y ECOSISTEMAS RESILIENTES
2022;452M;Normativa y ordenación territorial de los recursos hídricos;109.647,34;45. INFRAESTRUCTURAS Y ECOSISTEMAS RESILIENTES
2022;456A;Calidad del agua;292.223,95;45. INFRAESTRUCTURAS Y ECOSISTEMAS RESILIENTES
2022;456B;Protección y mejora del medio ambiente;16.749,84;45. INFRAESTRUCTURAS Y ECOSISTEMAS RESILIENTES
2022;456C;Protección y mejora del medio natural;221.861,02;45. INFRAESTRUCTURAS Y ECOSISTEMAS RESILIENTES
2022;456D;Actuación en la costa;98.277,00;45. INFRAESTRUCTURAS Y ECOSISTEMAS RESILIENTES
2022;456E;Reto demográfico y lucha contra la despoblación;55.798,57;45. INFRAESTRUCTURAS Y ECOSISTEMAS RESILIENTES
2022;456M;Actuaciones para la prevención de la contaminación y el cambio climático;19.895,91;45. INFRAESTRUCTURAS Y ECOSISTEMAS RESILIENTES
2022;456N;Transición justa;35.083,61;45. INFRAESTRUCTURAS Y ECOSISTEMAS RESILIENTES
2022;49EC;C05.I03 Transición digital en el sector del agua. Otras actuaciones de carácter económico.;59.690,43;49. OTRAS ACTUACIONES DE CARÁCTER ECONÓMICO
2022;495B;Meteorología;127.520,65;49. OTRAS ACTUACIONES DE CARÁCTER ECONÓMICO
2022;000X;Transferencias y libramientos internos (Sección: 23 MINISTERIO PARA LA TRANSICIÓN ECOLÓGICA Y EL RETO DEMOGRÁFICO);4.335.860,58;49. OTRAS ACTUACIONES DE CARÁCTER ECONÓMICO
2022;14XA;C24.I01 Impulso de la competitividad de las industrias culturales. Política Exterior;3.660,00;14. POLÍTICA EXTERIOR Y DE COOPERACIÓN PARA EL DESARROLLO
2022;14YA;C25.I01 Programa de fomento, modernización y digitalización del sector audiovisual. Política Exterior;5.000,00;14. POLÍTICA EXTERIOR Y DE COOPERACIÓN PARA EL DESARROLLO
2022;144A;Cooperación, promoción y difusión cultural en el exterior;9.202,27;14. POLÍTICA EXTERIOR Y DE COOPERACIÓN PARA EL DESARROLLO
2022;321M;Dirección y Servicios Generales de Educación y Formación Profesional;1.744,00;32. EDUCACIÓN
2022;322L;Inversiones en centros educativos y otras actividades educativas;12.684,62;32. EDUCACIÓN
2022;33SC;C19.I03 Competencias digitales para el empleo. Cultura;75.000,00;33. CULTURA
2022;33XA;C24.I01 Impulso de la competitividad de las industrias culturales. Cultura;37.014,00;33. CULTURA
2022;33XB;C24.I02 Dinamización de la cultura a lo largo del territorio;88.176,30;33. CULTURA
2022;33XC;C24.I03 Digitalización e impulso de los grandes servicios culturales. Cultura;22.150,00;33. CULTURA
2022;33YA;C25.I01 Programa de fomento, modernización y digitalización del sector audiovisual. Cultura;25.308,31;33. CULTURA
2022;33ZA;C26.I01 Plan de Digitalización del Sector Deporte;36.607,00;33. CULTURA
2022;33ZB;C26.I02 Plan de Transición Ecológica de Instalaciones Deportivas;39.420,00;33. CULTURA
2022;33ZC;C26.I03 Plan Social del Sector Deporte;31.970,00;33. CULTURA
2022;331M;Dirección y Servicios Generales de Cultura y Deporte;253.650,26;33. CULTURA
2022;332A;Archivos;33.672,97;33. CULTURA
2022;332B;Bibliotecas;51.834,44;33. CULTURA
2022;333A;Museos;196.320,58;33. CULTURA
2022;333B;Exposiciones;1.522,68;33. CULTURA
2022;334A;Promoción y cooperación cultural;28.807,72;33. CULTURA
2022;334B;Promoción del libro y publicaciones culturales;13.879,69;33. CULTURA
2022;334C;Fomento de las industrias culturales;15.640,27;33. CULTURA
2022;335A;Música y danza;112.894,10;33. CULTURA
2022;335B;Teatro;56.253,42;33. CULTURA
2022;335C;Cinematografía;97.097,52;33. CULTURA
2022;336A;Fomento y apoyo de las actividades deportivas;216.098,70;33. CULTURA
2022;337B;Conservación y restauración de bienes culturales;21.426,64;33. CULTURA
2022;337C;Protección del Patrimonio Histórico;9.088,66;33. CULTURA
2022;000X;Transferencias y libramientos internos (Sección: 24 MINISTERIO DE CULTURA Y DEPORTE);701.777,95;33. CULTURA
2022;337A;Administración del Patrimonio Histórico-Nacional;112.721,45;33. CULTURA
2022;337D;Administración de los Reales Patronatos;5.257,59;33. CULTURA
2022;462M;Investigación y estudios sociológicos y constitucionales;15.482,01;46. INVESTIGACIÓN, DESARROLLO, INNOVACIÓN Y DIGITALIZACIÓN
2022;467G;Investigación y desarrollo de la Sociedad de la Información;1.564,82;46. INVESTIGACIÓN, DESARROLLO, INNOVACIÓN Y DIGITALIZACIÓN
2022;911Q;Apoyo a la gestión administrativa de la Jefatura del Estado;7.229,48;91. ÓRGANOS CONSTITUCIONALES, GOBIERNO Y OTROS
2022;912M;Presidencia del Gobierno;51.392,59;91. ÓRGANOS CONSTITUCIONALES, GOBIERNO Y OTROS
2022;912O;Relaciones con las Cortes Generales, Secretariado del Gobierno y apoyo a la Alta Dirección;37.348,05;91. ÓRGANOS CONSTITUCIONALES, GOBIERNO Y OTROS
2022;921Q;Cobertura informativa;79.285,78;92. SERVICIOS DE CARÁCTER GENERAL
2022;921R;Publicidad de las normas legales;32.124,74;92. SERVICIOS DE CARÁCTER GENERAL
2022;925M;Memoria democrática;11.826,30;92. SERVICIOS DE CARÁCTER GENERAL
2022;000X;Transferencias y libramientos internos (Sección: 25 MINISTERIO DE LA PRESIDENCIA, RELACIONES CON LAS CORTES Y MEMORIA DEMOCRÁTICA);88.746,68;92. SERVICIOS DE CARÁCTER GENERAL
2022;143A;Cooperación para el desarrollo;292.820,94;14. POLÍTICA EXTERIOR Y DE COOPERACIÓN PARA EL DESARROLLO
2022;23RB;C18.I02 Acciones para reforzar la prevención y promoción de la Salud. Servicios Sociales y Promoción Social;4.350,00;23. SERVICIOS SOCIALES Y PROMOCIÓN SOCIAL
2022;231A;Plan Nacional sobre Drogas;15.107,34;23. SERVICIOS SOCIALES Y PROMOCIÓN SOCIAL
2022;31KB;C11.I02 Proyectos tractores de digitalización de la Administración General del Estado. Sanidad;65.765,66;31. SANIDAD
2022;31KC;C11.I03 Transformación Digital y Modernización de la AGE, CCAA y EELL. Sanidad;70.000,00;31. SANIDAD
2022;31RA;C18.I01 Plan de inversión en equipos de alta tecnología en el Sistema Nacional de Salud. Sanidad;396.100,00;31. SANIDAD
2022;31RB;C18.I02 Acciones para reforzar la prevención y promoción de la Salud. Sanidad;18.235,00;31. SANIDAD
2022;31RC;C18.I03 Aumento de capacidades de respuesta ante crisis sanitarias. Sanidad;15.515,00;31. SANIDAD
2022;31RD;C18.I04 Formación de profesionales sanitarios y recursos para compartir conocimiento;4.635,00;31. SANIDAD
2022;31RE;C18.I05 Plan para la racionalización del consumo de productos farmacéuticos y fomento de la sostenibilidad;7.485,00;31. SANIDAD
2022;31SC;C19.I03 Competencias digitales para el empleo. Sanidad;1.000,00;31. SANIDAD
2022;310B;Sanidad. Ayuda a la Recuperación para la Cohesión y los Territorios de Europa (REACT-EU);733.000,00;31. SANIDAD
2022;311M;Dirección y Servicios Generales de Sanidad;29.944,50;31. SANIDAD
2022;311O;Políticas de Salud y Ordenación Profesional;7.762,72;31. SANIDAD
2022;313A;Prestaciones sanitarias y farmacia;169.697,14;31. SANIDAD
2022;313B;Salud pública, sanidad exterior y calidad;682.539,36;31. SANIDAD
2022;313D;Donación y trasplante de órganos, tejidos y células;6.456,76;31. SANIDAD
2022;313E;Salud Digital, Información e Innovación del Sistema Nacional de Salud;26.431,43;31. SANIDAD
2022;000X;Transferencias y libramientos internos (Sección: 26 MINISTERIO DE SANIDAD);365.766,63;31. SANIDAD
2022;425A;Normativa y desarrollo energético;3.694.615,00;42. INDUSTRIA Y ENERGÍA
2022;46KA;C11.I01 Modernización de la Administración General del Estado. I+D+i+Digitalización;386.100,00;46. INVESTIGACIÓN, DESARROLLO, INNOVACIÓN Y DIGITALIZACIÓN
2022;46LA;C12.I01 Espacios de datos sectoriales (contribución a proyectos tractores de digitalización de los sectores productivos estratégicos);100.000,00;46. INVESTIGACIÓN, DESARROLLO, INNOVACIÓN Y DIGITALIZACIÓN
2022;46MA;C13.I01 Emprendimiento. I+D+i+Digitalización;78.000,00;46. INVESTIGACIÓN, DESARROLLO, INNOVACIÓN Y DIGITALIZACIÓN
2022;46MC;C13.I03 Digitalización e Innovación I. I+D+i+Digitalización;1.559.000,00;46. INVESTIGACIÓN, DESARROLLO, INNOVACIÓN Y DIGITALIZACIÓN
2022;46NB;C14.I02 Programa de digitalización e inteligencia para destinos y sector turístico. I+D+i+Digitalización;40.000,00;46. INVESTIGACIÓN, DESARROLLO, INNOVACIÓN Y DIGITALIZACIÓN
2022;46OA;C15.I01 Favorecer la vertebración territorial mediante despliegue de redes: Extensión de la banda ancha ultrarrápida y cobertura en movilidad de 30 Mbps;256.000,00;46. INVESTIGACIÓN, DESARROLLO, INNOVACIÓN Y DIGITALIZACIÓN
2022;46OB;C15.I02 Refuerzo de conectividad en centros de referencia, motores socioeconómicos y proyectos tractores de digitalización sectorial;150.000,00;46. INVESTIGACIÓN, DESARROLLO, INNOVACIÓN Y DIGITALIZACIÓN
2022;46OC;C15.I03 Bonos de conectividad para PYMES y colectivos vulnerables;40.000,00;46. INVESTIGACIÓN, DESARROLLO, INNOVACIÓN Y DIGITALIZACIÓN
2022;46OD;C15.I04 Renovación y sostenibilidad de infraestructuras;40.000,00;46. INVESTIGACIÓN, DESARROLLO, INNOVACIÓN Y DIGITALIZACIÓN
2022;46OE;C15.I05 Despliegue de infraestructuras digitales transfronterizas. I+D+i+Digitalización;250.000,00;46. INVESTIGACIÓN, DESARROLLO, INNOVACIÓN Y DIGITALIZACIÓN
2022;46OG;C15.I07 Ciberseguridad: Fortalecimiento de las capacidades de ciudadanos, PYMES y profesionales; e Impulso del ecosistema del sector;182.780,00;46. INVESTIGACIÓN, DESARROLLO, INNOVACIÓN Y DIGITALIZACIÓN
2022;46PR;C16.R01 Estrategia Nacional de IA;113.800,00;46. INVESTIGACIÓN, DESARROLLO, INNOVACIÓN Y DIGITALIZACIÓN
2022;46RF;C18.I06 Data lake Sanitario;35.000,00;46. INVESTIGACIÓN, DESARROLLO, INNOVACIÓN Y DIGITALIZACIÓN
2022;46SA;C19.I01 Competencias digitales transversales. I+D+i+Digitalización;36.000,00;46. INVESTIGACIÓN, DESARROLLO, INNOVACIÓN Y DIGITALIZACIÓN
2022;46SD;C19.I04 Profesionales digitales;5.000,00;46. INVESTIGACIÓN, DESARROLLO, INNOVACIÓN Y DIGITALIZACIÓN
2022;46UE;C21.I05 Mejora de infraestructuras digitales, el equipamiento, las tecnologías, la docencia y la evaluación digitales universitarios;14.000,00;46. INVESTIGACIÓN, DESARROLLO, INNOVACIÓN Y DIGITALIZACIÓN
2022;467G;Investigación y desarrollo de la Sociedad de la Información;154.639,85;46. INVESTIGACIÓN, DESARROLLO, INNOVACIÓN Y DIGITALIZACIÓN
2022;467I;Innovación tecnológica de las telecomunicaciones;277.522,88;46. INVESTIGACIÓN, DESARROLLO, INNOVACIÓN Y DIGITALIZACIÓN
2022;49OF;C15.I06 Despliegue del 5G: redes, cambio tecnológico e innovación;600.000,00;49. OTRAS ACTUACIONES DE CARÁCTER ECONÓMICO
2022;49OS;C15.R02 Hoja de ruta 5G: Gestión y asignación del espectro, reducción de cargas al despliegue, Ley de Ciberseguridad 5G y Apoyo a entidades locales;31.300,00;49. OTRAS ACTUACIONES DE CARÁCTER ECONÓMICO
2022;491M;Ordenación y promoción de las telecomunicaciones y de la Sociedad de la Información;34.886,47;49. OTRAS ACTUACIONES DE CARÁCTER ECONÓMICO
2022;492M;Defensa de la competencia en los mercados y regulación de sectores productivos;60.851,62;49. OTRAS ACTUACIONES DE CARÁCTER ECONÓMICO
2022;493M;Dirección, control y gestión de seguros;19.407,36;49. OTRAS ACTUACIONES DE CARÁCTER ECONÓMICO
2022;493O;Regulación contable y de auditorías;10.412,76;49. OTRAS ACTUACIONES DE CARÁCTER ECONÓMICO
2022;92KA;C11.I01 Modernización de la Administración General del Estado. Servicios de carácter general;1.900,00;92. SERVICIOS DE CARÁCTER GENERAL
2022;923C;Elaboración y difusión estadística;193.089,17;92. SERVICIOS DE CARÁCTER GENERAL
2022;923O;Gestión de la Deuda y de la Tesorería del Estado;58.107,05;92. SERVICIOS DE CARÁCTER GENERAL
2022;923P;Relaciones con Instituciones Financieras Multilaterales;419.079,22;92. SERVICIOS DE CARÁCTER GENERAL
2022;923Q;Dirección y Servicios Generales de Asuntos Económicos y Transformación Digital;54.466,07;92. SERVICIOS DE CARÁCTER GENERAL
2022;931M;Previsión y política económica;83.934,53;93. ADMINISTRACIÓN FINANCIERA Y TRIBUTARIA
2022;000X;Transferencias y libramientos internos (Sección: 27 MINISTERIO DE ASUNTOS ECONÓMICOS Y TRANSFORMACIÓN DIGITAL);220.975,44;93. ADMINISTRACIÓN FINANCIERA Y TRIBUTARIA
2022;143A;Cooperación para el desarrollo;1.210,00;14. POLÍTICA EXTERIOR Y DE COOPERACIÓN PARA EL DESARROLLO
2022;46QA;C17.I01 Planes Complementarios con CCAA;130.374,00;46. INVESTIGACIÓN, DESARROLLO, INNOVACIÓN Y DIGITALIZACIÓN
2022;46QB;C17.I02 Fortalecimiento de las capacidades, infraestructuras y equipamientos de los agentes del SECTI;258.080,00;46. INVESTIGACIÓN, DESARROLLO, INNOVACIÓN Y DIGITALIZACIÓN
2022;46QC;C17.I03 Nuevos proyectos I+D+I Publico Privados, Interdisciplinares, Pruebas de concepto y concesión de ayudas consecuencia de convocatorias competitivas internacionales. I+D de vanguardia orientada a retos de la sociedad. Compra pública pre-comercial.;521.500,00;46. INVESTIGACIÓN, DESARROLLO, INNOVACIÓN Y DIGITALIZACIÓN
2022;46QD;C17.I04 Nueva carrera científica;151.010,00;46. INVESTIGACIÓN, DESARROLLO, INNOVACIÓN Y DIGITALIZACIÓN
2022;46QE;C17.I05 Reforma de capacidades del sistema nacional de ciencia, tecnología e innovación: Transferencia de conocimiento;111.660,00;46. INVESTIGACIÓN, DESARROLLO, INNOVACIÓN Y DIGITALIZACIÓN
2022;46QF;C17.I06 Reforma de capacidades del sistema nacional de ciencia, tecnología e innovación: Salud;307.040,00;46. INVESTIGACIÓN, DESARROLLO, INNOVACIÓN Y DIGITALIZACIÓN
2022;46QG;C17.I07 Reforma de capacidades del sistema nacional de ciencia, tecnología e innovación: Medioambiente, cambio climático y energía;61.931,00;46. INVESTIGACIÓN, DESARROLLO, INNOVACIÓN Y DIGITALIZACIÓN
2022;46QI;C17.I09 Reforma de capacidades del sistema nacional de ciencia, tecnología e innovación: Sector aeroespacial;120.000,00;46. INVESTIGACIÓN, DESARROLLO, INNOVACIÓN Y DIGITALIZACIÓN
2022;461M;Dirección y Servicios Generales de Ciencia e Innovación;32.107,98;46. INVESTIGACIÓN, DESARROLLO, INNOVACIÓN Y DIGITALIZACIÓN
2022;463A;Investigación científica;1.056.635,18;46. INVESTIGACIÓN, DESARROLLO, INNOVACIÓN Y DIGITALIZACIÓN
2022;463B;Fomento y coordinación de la investigación científica y técnica;2.856.360,44;46. INVESTIGACIÓN, DESARROLLO, INNOVACIÓN Y DIGITALIZACIÓN
2022;465A;Investigación sanitaria;288.704,42;46. INVESTIGACIÓN, DESARROLLO, INNOVACIÓN Y DIGITALIZACIÓN
2022;467C;Investigación y desarrollo tecnológico-industrial;1.329.805,58;46. INVESTIGACIÓN, DESARROLLO, INNOVACIÓN Y DIGITALIZACIÓN
2022;467H;Investigación energética, medioambiental y tecnológica;113.260,47;46. INVESTIGACIÓN, DESARROLLO, INNOVACIÓN Y DIGITALIZACIÓN
2022;000X;Transferencias y libramientos internos (Sección: 28 MINISTERIO DE CIENCIA E INNOVACIÓN);2.479.413,94;46. INVESTIGACIÓN, DESARROLLO, INNOVACIÓN Y DIGITALIZACIÓN
2022;23VA;C22.I01 Plan de apoyos y cuidados de larga duración: desinstitucionalización, equipamientos y tecnología.;725.955,19;23. SERVICIOS SOCIALES Y PROMOCIÓN SOCIAL
2022;23VB;C22.I02 Plan de Modernización de los Servicios Sociales: Transformación tecnológica, innovación, formación y refuerzo de la atención a la infancia.;275.591,95;23. SERVICIOS SOCIALES Y PROMOCIÓN SOCIAL
2022;23VC;C22.I03 Plan España País Accesible.;58.795,68;23. SERVICIOS SOCIALES Y PROMOCIÓN SOCIAL
2022;231F;Otros servicios sociales del Estado;367.398,16;23. SERVICIOS SOCIALES Y PROMOCIÓN SOCIAL
2022;231G;Atención a la infancia y a las familias;42.312,23;23. SERVICIOS SOCIALES Y PROMOCIÓN SOCIAL
2022;232A;Promoción y servicios a la juventud;52.533,25;23. SERVICIOS SOCIALES Y PROMOCIÓN SOCIAL
2022;232F;Derechos de los animales;6.080,61;23. SERVICIOS SOCIALES Y PROMOCIÓN SOCIAL
2022;239N;Dirección y Servicios Generales de Derechos Sociales y Agenda 2030;31.046,11;23. SERVICIOS SOCIALES Y PROMOCIÓN SOCIAL
2022;921Y;Agenda 2030;23.129,79;92. SERVICIOS DE CARÁCTER GENERAL
2022;000X;Transferencias y libramientos internos (Sección: 29 MINISTERIO DE DERECHOS SOCIALES Y AGENDA 2030);3.085.151,78;92. SERVICIOS DE CARÁCTER GENERAL
2022;23VB;C22.I02 Plan de Modernización de los Servicios Sociales: Transformación tecnológica, innovación, formación y refuerzo de la atención a la infancia.;100,00;23. SERVICIOS SOCIALES Y PROMOCIÓN SOCIAL
2022;23VD;C22.I04 Plan España te protege contra la violencia machista.;75.553,85;23. SERVICIOS SOCIALES Y PROMOCIÓN SOCIAL
2022;232B;Igualdad de oportunidades entre mujeres y hombres;224.833,68;23. SERVICIOS SOCIALES Y PROMOCIÓN SOCIAL
2022;232C;Actuaciones para la prevención integral de la violencia de género;209.182,58;23. SERVICIOS SOCIALES Y PROMOCIÓN SOCIAL
2022;232D;Igualdad de trato y diversidad;4.236,08;23. SERVICIOS SOCIALES Y PROMOCIÓN SOCIAL
2022;232M;Dirección y Servicios Generales de Igualdad;11.199,45;23. SERVICIOS SOCIALES Y PROMOCIÓN SOCIAL
2022;000X;Transferencias y libramientos internos (Sección: 30 MINISTERIO DE IGUALDAD);14.768,38;23. SERVICIOS SOCIALES Y PROMOCIÓN SOCIAL
2022;31KB;C11.I02 Proyectos tractores de digitalización de la Administración General del Estado. Sanidad;737,95;31. SANIDAD
2022;31RC;C18.I03 Aumento de capacidades de respuesta ante crisis sanitarias. Sanidad;2.040,00;31. SANIDAD
2022;313C;Seguridad alimentaria y nutrición;18.278,47;31. SANIDAD
2022;49KB;C11.I02 Proyectos tractores de digitalización de la Administración General del Estado. Otras Actuaciones de Carácter Económico;5.048,68;49. OTRAS ACTUACIONES DE CARÁCTER ECONÓMICO
2022;49MD;C13.I04 Apoyo al comercio. Otras Actuaciones de Carácter Económico;748,99;49. OTRAS ACTUACIONES DE CARÁCTER ECONÓMICO
2022;492O;Protección y promoción de los derechos de los consumidores y usuarios;14.973,95;49. OTRAS ACTUACIONES DE CARÁCTER ECONÓMICO
2022;496M;Regulación del juego;11.296,95;49. OTRAS ACTUACIONES DE CARÁCTER ECONÓMICO
2022;498M;Dirección y Servicios Generales de Consumo;12.635,54;49. OTRAS ACTUACIONES DE CARÁCTER ECONÓMICO
2022;000X;Transferencias y libramientos internos (Sección: 31 MINISTERIO DE CONSUMO);15.717,49;49. OTRAS ACTUACIONES DE CARÁCTER ECONÓMICO
2022;212M;Pensiones no contributivas y prestaciones asistenciales;4.608,54;21. PENSIONES
2022;219N;Gestión de pensiones de Clases Pasivas;4.899,30;21. PENSIONES
2022;23VE;C22.I05 Incremento de la capacidad y eficiencia del sistema de acogida de solicitantes de asilo;61.000,00;23. SERVICIOS SOCIALES Y PROMOCIÓN SOCIAL
2022;23VV;C22.R05 Mejorar el sistema de prestaciones económicas no contributivas de la Administración General del Estado;2.835,36;23. SERVICIOS SOCIALES Y PROMOCIÓN SOCIAL
2022;23WG;C23.I07 Fomento del crecimiento inclusivo mediante la vinculación de las políticas de inclusión social al Ingreso Mínimo Vital;97.164,64;23. SERVICIOS SOCIALES Y PROMOCIÓN SOCIAL
2022;231B;Acciones en favor de los emigrantes;60.502,19;23. SERVICIOS SOCIALES Y PROMOCIÓN SOCIAL
2022;231G;Atención a la infancia y a las familias;1.800,00;23. SERVICIOS SOCIALES Y PROMOCIÓN SOCIAL
2022;231H;Acciones en favor de los inmigrantes;570.201,70;23. SERVICIOS SOCIALES Y PROMOCIÓN SOCIAL
2022;232E;Análisis y definición de objetivos y políticas de Inclusión;2.483,83;23. SERVICIOS SOCIALES Y PROMOCIÓN SOCIAL
2022;29KB;C11.I02 Proyectos tractores de digitalización de la Administración General del Estado. Gestión y Administración de la Inclusión, de la Seguridad Social y de la Migración;16.650,00;29. GESTIÓN Y ADMINISTRACIÓN DE LA INCLUSIÓN, DE LA SEGURIDAD SOCIAL Y DE LA MIGRACIÓN
2022;291M;Dirección y Servicios Generales de la Inclusión, de la Seguridad Social y de la Migración;45.206,15;29. GESTIÓN Y ADMINISTRACIÓN DE LA INCLUSIÓN, DE LA SEGURIDAD SOCIAL Y DE LA MIGRACIÓN
2022;000X;Transferencias y libramientos internos (Sección: 32 MINISTERIO DE INCLUSIÓN, SEGURIDAD SOCIAL Y MIGRACIONES);39.833.863,29;29. GESTIÓN Y ADMINISTRACIÓN DE LA INCLUSIÓN, DE LA SEGURIDAD SOCIAL Y DE LA MIGRACIÓN
2022;144B;Cooperación, promoción y difusión educativa en el exterior;2.063,22;14. POLÍTICA EXTERIOR Y DE COOPERACIÓN PARA EL DESARROLLO
2022;321O;Dirección y Servicios Generales de Universidades;11.144,91;32. EDUCACIÓN
2022;322C;Enseñanzas universitarias;138.741,36;32. EDUCACIÓN
2022;323M;Becas y ayudas a estudiantes;49.750,34;32. EDUCACIÓN
2022;46UD;C21.I04 Formación y capacitación del personal docente e investigador;125.020,00;46. INVESTIGACIÓN, DESARROLLO, INNOVACIÓN Y DIGITALIZACIÓN
2022;46UE;C21.I05 Mejora de infraestructuras digitales, el equipamiento, las tecnologías, la docencia y la evaluación digitales universitarios;22.030,00;46. INVESTIGACIÓN, DESARROLLO, INNOVACIÓN Y DIGITALIZACIÓN
2022;463A;Investigación científica;114.143,94;46. INVESTIGACIÓN, DESARROLLO, INNOVACIÓN Y DIGITALIZACIÓN
2022;000X;Transferencias y libramientos internos (Sección: 33 MINISTERIO DE UNIVERSIDADES);58.405,07;46. INVESTIGACIÓN, DESARROLLO, INNOVACIÓN Y DIGITALIZACIÓN
2022;943M;Transferencias al Presupuesto General de la Unión Europea;17.797.851,06;94. TRANSFERENCIAS A OTRAS ADMINISTRACIONES PÚBLICAS
2022;943N;Cooperación a través del Fondo Europeo de Desarrollo y del Fondo Europeo de Apoyo a la Paz;245.000,00;94. TRANSFERENCIAS A OTRAS ADMINISTRACIONES PÚBLICAS
2022;929N;Fondo de contingencia de ejecución presupuestaria;3.922.840,00;92. SERVICIOS DE CARÁCTER GENERAL
2022;941N;Transferencias a Comunidades Autónomas por los Fondos de Compensación Interterritorial;582.430,00;94. TRANSFERENCIAS A OTRAS ADMINISTRACIONES PÚBLICAS
2022;453A;Infraestructura del transporte ferroviario;10.841,66;45. INFRAESTRUCTURAS Y ECOSISTEMAS RESILIENTES
2022;941O;Otras transferencias a Comunidades Autónomas;7.640.221,97;94. TRANSFERENCIAS A OTRAS ADMINISTRACIONES PÚBLICAS
2022;942N;Otras transferencias a Entidades Locales;1.310.698,36;94. TRANSFERENCIAS A OTRAS ADMINISTRACIONES PÚBLICAS
2022;000X;Transferencias y libramientos internos (Sección: 37 OTRAS RELACIONES FINANCIERAS CON ENTES TERRITORIALES);1.000,00;94. TRANSFERENCIAS A OTRAS ADMINISTRACIONES PÚBLICAS
2022;941M;Transferencias a Comunidades Autónomas por participación en los ingresos del Estado;22.238.416,46;94. TRANSFERENCIAS A OTRAS ADMINISTRACIONES PÚBLICAS
2022;941O;Otras transferencias a Comunidades Autónomas;452.000,00;94. TRANSFERENCIAS A OTRAS ADMINISTRACIONES PÚBLICAS
2022;942M;Transferencias a Entidades Locales por participación en los ingresos del Estado;19.829.343,92;94. TRANSFERENCIAS A OTRAS ADMINISTRACIONES PÚBLICAS
2022;942N;Otras transferencias a Entidades Locales;206.784,43;94. TRANSFERENCIAS A OTRAS ADMINISTRACIONES PÚBLICAS
2022;211M;Pensiones contributivas de la Seguridad Social;143.090.488,84;21. PENSIONES
2022;212M;Pensiones no contributivas y prestaciones asistenciales;2.587.462,27;21. PENSIONES
2022;212O;Gestión y control de los complementos a mínimos de pensiones;7.050.020,00;21. PENSIONES
2022;219M;Gestión de las prestaciones económicas de Seguridad Social;407.131,21;21. PENSIONES
2022;221A;Ingreso mínimo vital y prestaciones familiares;4.435.927,44;22. OTRAS PRESTACIONES ECONÓMICAS
2022;221M;Subsidios de incapacidad temporal y otras prestaciones económicas de la Seguridad Social;15.198.199,32;22. OTRAS PRESTACIONES ECONÓMICAS
2022;224M;Prestaciones económicas por cese de actividad;75.140,00;22. OTRAS PRESTACIONES ECONÓMICAS
2022;231C;Servicios Sociales de la Seguridad Social a personas con discapacidad;46.087,79;23. SERVICIOS SOCIALES Y PROMOCIÓN SOCIAL
2022;231D;Servicios Sociales de la Seguridad Social a personas mayores;118.066,39;23. SERVICIOS SOCIALES Y PROMOCIÓN SOCIAL
2022;231E;Otros servicios sociales de la Seguridad Social;48.973,01;23. SERVICIOS SOCIALES Y PROMOCIÓN SOCIAL
2022;231I;Autonomía personal y atención a la dependencia;2.902.035,93;23. SERVICIOS SOCIALES Y PROMOCIÓN SOCIAL
2022;239M;Gestión de los servicios sociales de la Seguridad Social;73.354,07;23. SERVICIOS SOCIALES Y PROMOCIÓN SOCIAL
2022;29KB;C11.I02 Proyectos tractores de digitalización de la Administración General del Estado. Gestión y Administración de la Inclusión, de la Seguridad Social y de la Migración;47.000,00;29. GESTIÓN Y ADMINISTRACIÓN DE LA INCLUSIÓN, DE LA SEGURIDAD SOCIAL Y DE LA MIGRACIÓN
2022;29SC;C19.I03 Competencias digitales para el empleo. Gestión y Administración de la Inclusión, de la Seguridad Social y de la Migración;15.000,00;29. GESTIÓN Y ADMINISTRACIÓN DE LA INCLUSIÓN, DE LA SEGURIDAD SOCIAL Y DE LA MIGRACIÓN
2022;291M;Dirección y Servicios Generales de la Inclusión, de la Seguridad Social y de la Migración;3.014.894,85;29. GESTIÓN Y ADMINISTRACIÓN DE LA INCLUSIÓN, DE LA SEGURIDAD SOCIAL Y DE LA MIGRACIÓN
2022;31RC;C18.I03 Aumento de capacidades de respuesta ante crisis sanitarias. Sanidad;18.500,00;31. SANIDAD
2022;311M;Dirección y Servicios Generales de Sanidad;18.372,03;31. SANIDAD
2022;312B;Atención primaria de salud. Instituto Nacional de Gestión Sanitaria;80.186,65;31. SANIDAD
2022;312C;Atención especializada de salud. Instituto Nacional de Gestión Sanitaria;210.565,99;31. SANIDAD
2022;312D;Medicina marítima;38.353,77;31. SANIDAD
2022;312F;Atención primaria de salud de Mutuas colaboradoras con la Seguridad Social e Instituto Social de la Marina;955.757,22;31. SANIDAD
2022;312G;Atención especializada de salud de Mutuas colaboradoras con la Seguridad Social e Instituto Social de la Marina;443.766,91;31. SANIDAD
2022;322I;Enseñanzas especiales;2.742,36;32. EDUCACIÓN
2022;000X;Transferencias y libramientos internos (Sección: 60 SEGURIDAD SOCIAL);4.255.965,49;32. EDUCACIÓN
2023;911M;Jefatura del Estado;8.431,15;91. ÓRGANOS CONSTITUCIONALES, GOBIERNO Y OTROS
2023;911N;Actividad legislativa;268.007,17;91. ÓRGANOS CONSTITUCIONALES, GOBIERNO Y OTROS
2023;911O;Control externo del Sector Público;78.372,36;91. ÓRGANOS CONSTITUCIONALES, GOBIERNO Y OTROS
2023;911P;Control Constitucional;30.486,00;91. ÓRGANOS CONSTITUCIONALES, GOBIERNO Y OTROS
2023;912N;Alto asesoramiento del Estado;14.686,84;91. ÓRGANOS CONSTITUCIONALES, GOBIERNO Y OTROS
2023;951M;Amortización y gastos financieros de la deuda pública en euros;128.738.279,10;95. GASTOS FINANCIEROS DE LA DEUDA PUBLICA
2023;951N;Amortización y gastos financieros de la deuda pública en moneda extranjera;58.562,00;95. GASTOS FINANCIEROS DE LA DEUDA PUBLICA
2023;211B;Pensiones de Clases Pasivas;20.369.000,89;21. PENSIONES
2023;211C;Otras pensiones y prestaciones de Clases Pasivas;49.447,74;21. PENSIONES
2023;212B;Pensiones de guerra;81.093,93;21. PENSIONES
2023;000X;Transferencias y libramientos internos (Sección: 07 CLASES PASIVAS);249,75;21. PENSIONES
2023;111M;Gobierno del Poder Judicial;43.258,25;11. JUSTICIA
2023;111O;Selección y formación de jueces;24.135,74;11. JUSTICIA
2023;111P;Documentación y publicaciones judiciales;10.939,81;11. JUSTICIA
2023;923S;Aportaciones al Mutualismo Administrativo;2.281.136,60;92. SERVICIOS DE CARÁCTER GENERAL
2023;000X;Transferencias y libramientos internos (Sección: 09 APORTACIONES AL MUTUALISMO ADMINISTRATIVO);98.330,95;92. SERVICIOS DE CARÁCTER GENERAL
2023;923R;Contratación centralizada;317.071,70;92. SERVICIOS DE CARÁCTER GENERAL
2023;14KB;C11.I02 Proyectos tractores de digitalización de la Administración General del Estado. Política exterior;25.119,00;14. POLÍTICA EXTERIOR Y DE COOPERACIÓN PARA EL DESARROLLO
2023;14SA;C19.I01 Competencias digitales transversales. Política Exterior;24.140,00;14. POLÍTICA EXTERIOR Y DE COOPERACIÓN PARA EL DESARROLLO
2023;141M;Dirección y Servicios Generales de Asuntos Exteriores, Unión Europea y Cooperación;96.370,91;14. POLÍTICA EXTERIOR Y DE COOPERACIÓN PARA EL DESARROLLO
2023;142A;Acción del Estado en el exterior;868.277,01;14. POLÍTICA EXTERIOR Y DE COOPERACIÓN PARA EL DESARROLLO
2023;142B;Acción Diplomática ante la Unión Europea;29.384,73;14. POLÍTICA EXTERIOR Y DE COOPERACIÓN PARA EL DESARROLLO
2023;143A;Cooperación para el desarrollo;999.403,19;14. POLÍTICA EXTERIOR Y DE COOPERACIÓN PARA EL DESARROLLO
2023;144A;Cooperación, promoción y difusión cultural en el exterior;148.422,95;14. POLÍTICA EXTERIOR Y DE COOPERACIÓN PARA EL DESARROLLO
2023;467G;Investigación y desarrollo de la Sociedad de la Información;1.759,66;46. INVESTIGACIÓN, DESARROLLO, INNOVACIÓN Y DIGITALIZACIÓN
2023;000X;Transferencias y libramientos internos (Sección: 12 MINISTERIO DE ASUNTOS EXTERIORES, UNIÓN EUROPEA Y COOPERACIÓN);690.820,54;46. INVESTIGACIÓN, DESARROLLO, INNOVACIÓN Y DIGITALIZACIÓN
2023;11KB;C11.I02 Proyectos tractores de digitalización de la Administración General del Estado. Justicia;57.503,74;11. JUSTICIA
2023;111N;Dirección y Servicios Generales de Justicia;135.356,34;11. JUSTICIA
2023;111Q;Formación del Personal de la Administración de Justicia;10.154,97;11. JUSTICIA
2023;111R;Formación de la Carrera Fiscal;10.112,18;11. JUSTICIA
2023;112A;Tribunales de Justicia y Ministerio Fiscal;1.963.188,44;11. JUSTICIA
2023;113M;Registros vinculados con la Fe Pública;36.669,01;11. JUSTICIA
2023;135M;Protección de datos de carácter personal;18.420,74;13. SEGURIDAD CIUDADANA E INSTITUCIONES PENITENCIARIAS
2023;222M;Prestaciones económicas del Mutualismo Administrativo;26.682,41;22. OTRAS PRESTACIONES ECONÓMICAS
2023;312E;Asistencia sanitaria del Mutualismo Administrativo;101.490,42;31. SANIDAD
2023;42KD;C11.I04 Plan de Transición Energética en la Administración General del Estado;49.708,27;42. INDUSTRIA Y ENERGÍA
2023;921S;Asesoramiento y defensa de los intereses del Estado;44.657,51;92. SERVICIOS DE CARÁCTER GENERAL
2023;000X;Transferencias y libramientos internos (Sección: 13 MINISTERIO DE JUSTICIA);19.171,93;92. SERVICIOS DE CARÁCTER GENERAL
2023;12SC;C19.I03 Competencias digitales para el empleo. Defensa;11.000,00;12. DEFENSA
2023;121M;Administración y Servicios Generales de Defensa;2.536.909,04;12. DEFENSA
2023;121N;Formación del Personal de las Fuerzas Armadas;494.328,15;12. DEFENSA
2023;121O;Personal en reserva;579.999,37;12. DEFENSA
2023;122A;Modernización de las Fuerzas Armadas;459.203,70;12. DEFENSA
2023;122B;Programas especiales de modernización;4.901.716,30;12. DEFENSA
2023;122M;Gastos Operativos de las Fuerzas Armadas;2.305.563,40;12. DEFENSA
2023;122N;Apoyo Logístico;1.028.109,11;12. DEFENSA
2023;222M;Prestaciones económicas del Mutualismo Administrativo;78.544,21;22. OTRAS PRESTACIONES ECONÓMICAS
2023;312A;Asistencia hospitalaria en las Fuerzas Armadas;178.236,75;31. SANIDAD
2023;312E;Asistencia sanitaria del Mutualismo Administrativo;758.956,87;31. SANIDAD
2023;42KD;C11.I04 Plan de Transición Energética en la Administración General del Estado;159.592,89;42. INDUSTRIA Y ENERGÍA
2023;464A;Investigación y estudios de las Fuerzas Armadas;232.101,48;46. INVESTIGACIÓN, DESARROLLO, INNOVACIÓN Y DIGITALIZACIÓN
2023;912Q;Asesoramiento para la protección de los intereses nacionales;334.108,04;91. ÓRGANOS CONSTITUCIONALES, GOBIERNO Y OTROS
2023;931P;Control interno y Contabilidad Pública;62,13;93. ADMINISTRACIÓN FINANCIERA Y TRIBUTARIA
2023;000X;Transferencias y libramientos internos (Sección: 14 MINISTERIO DE DEFENSA);395.406,29;93. ADMINISTRACIÓN FINANCIERA Y TRIBUTARIA
2023;222M;Prestaciones económicas del Mutualismo Administrativo;320.516,94;22. OTRAS PRESTACIONES ECONÓMICAS
2023;312E;Asistencia sanitaria del Mutualismo Administrativo;1.616.911,15;31. SANIDAD
2023;337B;Conservación y restauración de bienes culturales;8.027,14;33. CULTURA
2023;42KD;C11.I04 Plan de Transición Energética en la Administración General del Estado;30.410,76;42. INDUSTRIA Y ENERGÍA
2023;422A;Incentivos regionales a la localización industrial;144.055,26;42. INDUSTRIA Y ENERGÍA
2023;462N;Investigación y estudios estadísticos y económicos;6.512,02;46. INVESTIGACIÓN, DESARROLLO, INNOVACIÓN Y DIGITALIZACIÓN
2023;467G;Investigación y desarrollo de la Sociedad de la Información;14.851,76;46. INVESTIGACIÓN, DESARROLLO, INNOVACIÓN Y DIGITALIZACIÓN
2023;492N;Regulación y vigilancia de la competencia en el Mercado de Tabacos;8.717,91;49. OTRAS ACTUACIONES DE CARÁCTER ECONÓMICO
2023;92KC;C11.I03 Transformación Digital y Modernización de la AGE. Servicios de carácter general;5.599,56;92. SERVICIOS DE CARÁCTER GENERAL
2023;92SC;C19.I03 Competencias digitales para el empleo. Servicios de carácter general;2.941,00;92. SERVICIOS DE CARÁCTER GENERAL
2023;921N;Dirección y organización de la Administración Pública;21.147,24;92. SERVICIOS DE CARÁCTER GENERAL
2023;921O;Formación del personal de las Administraciones Públicas;117.298,53;92. SERVICIOS DE CARÁCTER GENERAL
2023;921T;Servicios de transportes de Ministerios;50.604,32;92. SERVICIOS DE CARÁCTER GENERAL
2023;921X;Evaluación de la transparencia de la actividad pública;3.379,38;92. SERVICIOS DE CARÁCTER GENERAL
2023;922N;Coordinación y relaciones financieras con los Entes Territoriales;16.008.898,70;92. SERVICIOS DE CARÁCTER GENERAL
2023;923A;Gestión del Patrimonio del Estado;226.782,29;92. SERVICIOS DE CARÁCTER GENERAL
2023;923M;Dirección y Servicios Generales de Hacienda y Función Pública;1.091.279,32;92. SERVICIOS DE CARÁCTER GENERAL
2023;923N;Formación del personal de Economía y Hacienda;25.120,06;92. SERVICIOS DE CARÁCTER GENERAL
2023;93KE;C11.I05 Transformación de la Administración para la Ejecución del PRTR. Administración Financiera y Tributaria;467,00;93. ADMINISTRACIÓN FINANCIERA Y TRIBUTARIA
2023;931N;Política presupuestaria;81.527,73;93. ADMINISTRACIÓN FINANCIERA Y TRIBUTARIA
2023;931O;Política tributaria;5.969,21;93. ADMINISTRACIÓN FINANCIERA Y TRIBUTARIA
2023;931P;Control interno y Contabilidad Pública;92.289,02;93. ADMINISTRACIÓN FINANCIERA Y TRIBUTARIA
2023;931Q;Control y Supervisión de la Política Fiscal;10.578,90;93. ADMINISTRACIÓN FINANCIERA Y TRIBUTARIA
2023;932A;Aplicación del sistema tributario estatal;1.396.573,89;93. ADMINISTRACIÓN FINANCIERA Y TRIBUTARIA
2023;932M;Gestión del catastro inmobiliario;114.037,93;93. ADMINISTRACIÓN FINANCIERA Y TRIBUTARIA
2023;932N;Resolución de reclamaciones económico-administrativas;31.297,26;93. ADMINISTRACIÓN FINANCIERA Y TRIBUTARIA
2023;94KC;C11.I03 Transformación Digital y Modernización de las CCAA y EELL. Transferencias a otras AA.PP.;221.300,00;94. TRANSFERENCIAS A OTRAS ADMINISTRACIONES PÚBLICAS
2023;000X;Transferencias y libramientos internos (Sección: 15 MINISTERIO DE HACIENDA Y FUNCIÓN PÚBLICA);1.456.317,44;94. TRANSFERENCIAS A OTRAS ADMINISTRACIONES PÚBLICAS
2023;13KB;C11.I02 Proyectos tractores de digitalización de la Administración General del Estado. Seguridad Ciudadana e Instituciones Penitenciarias;22.500,00;13. SEGURIDAD CIUDADANA E INSTITUCIONES PENITENCIARIAS
2023;13SC;C19.I03 Competencias digitales para el empleo. Seguridad Ciudadana e Instituciones Penitenciarias;11.000,00;13. SEGURIDAD CIUDADANA E INSTITUCIONES PENITENCIARIAS
2023;131M;Dirección y Servicios Generales de Seguridad y Protección Civil;442.583,55;13. SEGURIDAD CIUDADANA E INSTITUCIONES PENITENCIARIAS
2023;131N;Formación de Fuerzas y Cuerpos de Seguridad del Estado;178.908,67;13. SEGURIDAD CIUDADANA E INSTITUCIONES PENITENCIARIAS
2023;131O;Fuerzas y Cuerpos en reserva;304.720,15;13. SEGURIDAD CIUDADANA E INSTITUCIONES PENITENCIARIAS
2023;131P;Derecho de asilo y apátridas;16.202,48;13. SEGURIDAD CIUDADANA E INSTITUCIONES PENITENCIARIAS
2023;132A;Seguridad ciudadana;7.429.670,84;13. SEGURIDAD CIUDADANA E INSTITUCIONES PENITENCIARIAS
2023;132B;Seguridad vial;843.726,65;13. SEGURIDAD CIUDADANA E INSTITUCIONES PENITENCIARIAS
2023;132C;Actuaciones policiales en materia de droga;108.468,89;13. SEGURIDAD CIUDADANA E INSTITUCIONES PENITENCIARIAS
2023;133A;Centros e Instituciones Penitenciarias;1.326.257,79;13. SEGURIDAD CIUDADANA E INSTITUCIONES PENITENCIARIAS
2023;134M;Protección Civil;16.749,71;13. SEGURIDAD CIUDADANA E INSTITUCIONES PENITENCIARIAS
2023;42KD;C11.I04 Plan de Transición Energética en la Administración General del Estado;196.124,69;42. INDUSTRIA Y ENERGÍA
2023;924M;Elecciones y Partidos Políticos;461.567,98;92. SERVICIOS DE CARÁCTER GENERAL
2023;000X;Transferencias y libramientos internos (Sección: 16 MINISTERIO DEL INTERIOR);142.301,22;92. SERVICIOS DE CARÁCTER GENERAL
2023;26BA;C02.I01 Programa de rehabilitación para la recuperación económica y social en entornos residenciales;1.980.000,00;26. ACCESO A LA VIVIENDA Y FOMENTO DE LA EDIFICACIÓN
2023;26BB;C02.I02 Programa de construcción de viviendas en alquiler social en edificios energéticamente eficientes;500.000,00;26. ACCESO A LA VIVIENDA Y FOMENTO DE LA EDIFICACIÓN
2023;261N;Promoción, administración y ayudas para rehabilitación y acceso a vivienda;959.526,75;26. ACCESO A LA VIVIENDA Y FOMENTO DE LA EDIFICACIÓN
2023;261O;Ordenación y fomento de la edificación;30.471,82;26. ACCESO A LA VIVIENDA Y FOMENTO DE LA EDIFICACIÓN
2023;261P;Urbanismo y política del suelo;7.002,08;26. ACCESO A LA VIVIENDA Y FOMENTO DE LA EDIFICACIÓN
2023;441M;Subvenciones y apoyo al transporte terrestre;2.605.592,09;44. INFRAESTRUCTURAS
2023;441N;Subvenciones y apoyo al transporte marítimo;183.948,92;44. INFRAESTRUCTURAS
2023;441O;Subvenciones y apoyo al transporte aéreo;573.860,05;44. INFRAESTRUCTURAS
2023;441P;Subvenciones al transporte extrapeninsular de mercancías;84.279,24;44. INFRAESTRUCTURAS
2023;45AA;C01.I01 Zonas de bajas emisiones y transformación del transporte urbano y metropolitano. Infraestructuras y Ecosistemas Resilientes;987.148,53;45. INFRAESTRUCTURAS Y ECOSISTEMAS RESILIENTES
2023;45AC;C01.I03 Actuaciones de mejora de la calidad y fiabilidad en el servicio de Cercanías.;358.989,77;45. INFRAESTRUCTURAS Y ECOSISTEMAS RESILIENTES
2023;45FA;C06.I01 Red nacional de transporte: Corredores europeos.;236.816,02;45. INFRAESTRUCTURAS Y ECOSISTEMAS RESILIENTES
2023;45FB;C06.I02 Red Transeuropea de Transporte. Otras actuaciones. Infraestructuras y Ecosistemas Resilientes;514.984,74;45. INFRAESTRUCTURAS Y ECOSISTEMAS RESILIENTES
2023;45FC;C06.I03 Intermodalidad y logística;316.681,12;45. INFRAESTRUCTURAS Y ECOSISTEMAS RESILIENTES
2023;45FD;C06.I04 Programa de apoyo para un transporte sostenible y digital;132.000,00;45. INFRAESTRUCTURAS Y ECOSISTEMAS RESILIENTES
2023;45SC;C19.I03 Competencias digitales para el empleo. Transportes y Movilidad.;11.500,00;45. INFRAESTRUCTURAS Y ECOSISTEMAS RESILIENTES
2023;451M;Estudios y servicios de asistencia técnica en Obras Públicas y Urbanismo;33.395,55;45. INFRAESTRUCTURAS Y ECOSISTEMAS RESILIENTES
2023;451N;Dirección y Servicios Generales de Transportes, Movilidad y Agenda Urbana;444.842,21;45. INFRAESTRUCTURAS Y ECOSISTEMAS RESILIENTES
2023;453A;Infraestructura del transporte ferroviario;1.733.244,11;45. INFRAESTRUCTURAS Y ECOSISTEMAS RESILIENTES
2023;453B;Creación de infraestructura de carreteras;1.599.547,10;45. INFRAESTRUCTURAS Y ECOSISTEMAS RESILIENTES
2023;453C;Conservación y explotación de carreteras;1.211.931,91;45. INFRAESTRUCTURAS Y ECOSISTEMAS RESILIENTES
2023;453M;Ordenación e inspección del transporte terrestre;24.320,79;45. INFRAESTRUCTURAS Y ECOSISTEMAS RESILIENTES
2023;453N;Regulación y supervisión de la seguridad ferroviaria;16.463,52;45. INFRAESTRUCTURAS Y ECOSISTEMAS RESILIENTES
2023;453O;Comisión de Investigación de Accidentes Ferroviarios;516,15;45. INFRAESTRUCTURAS Y ECOSISTEMAS RESILIENTES
2023;454M;Regulación y seguridad del tráfico marítimo;36.868,81;45. INFRAESTRUCTURAS Y ECOSISTEMAS RESILIENTES
2023;454O;Comisión de Investigación de Accidentes e Incidentes Marítimos;2.687,18;45. INFRAESTRUCTURAS Y ECOSISTEMAS RESILIENTES
2023;455M;Regulación y supervisión de la aviación civil;93.163,63;45. INFRAESTRUCTURAS Y ECOSISTEMAS RESILIENTES
2023;455O;Comisión de Investigación de Accidentes e Incidentes de Aviación Civil;1.762,85;45. INFRAESTRUCTURAS Y ECOSISTEMAS RESILIENTES
2023;46AA;C01.I01 Zonas de bajas emisiones y transformación del transporte urbano y metropolitano. I+D+i+Digitalización;2.580,17;46. INVESTIGACIÓN, DESARROLLO, INNOVACIÓN Y DIGITALIZACIÓN
2023;46FB;C06.I02 Red Transeuropea de Transporte. Otras actuaciones. I+D+i+Digitalización;30.284,54;46. INVESTIGACIÓN, DESARROLLO, INNOVACIÓN Y DIGITALIZACIÓN
2023;46QC;C17.I03 Nuevos proyectos I+D+I Publico Privados, Interdisciplinares, Pruebas de concepto y concesión de ayudas consecuencia de convocatorias competitivas internacionales. I+D de vanguardia orientada a retos de la sociedad. Compra pública pre-comercial.;4,47;46. INVESTIGACIÓN, DESARROLLO, INNOVACIÓN Y DIGITALIZACIÓN
2023;467B;Investigación, desarrollo y experimentación en transporte e infraestructuras;1.000,00;46. INVESTIGACIÓN, DESARROLLO, INNOVACIÓN Y DIGITALIZACIÓN
2023;467G;Investigación y desarrollo de la Sociedad de la Información;980,00;46. INVESTIGACIÓN, DESARROLLO, INNOVACIÓN Y DIGITALIZACIÓN
2023;495A;Desarrollo y aplicación de la información geográfica española;45.961,78;49. OTRAS ACTUACIONES DE CARÁCTER ECONÓMICO
2023;497M;Salvamento y lucha contra la contaminación en la mar;189.760,00;49. OTRAS ACTUACIONES DE CARÁCTER ECONÓMICO
2023;000X;Transferencias y libramientos internos (Sección: 17 MINISTERIO DE TRANSPORTES, MOVILIDAD Y AGENDA URBANA);141.980,75;49. OTRAS ACTUACIONES DE CARÁCTER ECONÓMICO
2023;14SB;C19.I02 Transformación Digital de la Educación. Política Exterior;324,11;14. POLÍTICA EXTERIOR Y DE COOPERACIÓN PARA EL DESARROLLO
2023;144B;Cooperación, promoción y difusión educativa en el exterior;11.304,28;14. POLÍTICA EXTERIOR Y DE COOPERACIÓN PARA EL DESARROLLO
2023;24TA;C20.I01 Reskilling y upskilling de la población activa ligado a cualificaciones profesionales. Fomento del Empleo;73.500,00;24. FOMENTO DEL EMPLEO
2023;241B;Formación Profesional para el Empleo;1.178.386,26;24. FOMENTO DEL EMPLEO
2023;32SA;C19.I01 Competencias digitales transversales. Educación;42.000,00;32. EDUCACIÓN
2023;32SB;C19.I02 Transformación Digital de la Educación. Educación;59.804,01;32. EDUCACIÓN
2023;32TA;C20.I01 Reskilling y upskilling de la población activa ligado a cualificaciones profesionales. Educación;438.800,42;32. EDUCACIÓN
2023;32TB;C20.I02 Transformación Digital de la Formación Profesional;143.059,87;32. EDUCACIÓN
2023;32TC;C20.I03 Innovación e internacionalización de la formación profesional;193.203,23;32. EDUCACIÓN
2023;32TR;C20.R01 Plan de modernización de la Formación Profesional;400,00;32. EDUCACIÓN
2023;32UA;C21.I01 Creación de plazas del Primer Ciclo de Educación Infantil de titularidad pública (prioritariamente de 1 y 2 años): Reforma/rehabilitación y equipamiento para nuevas unidades; nueva construcción y equipamiento; y, gastos de personal y otros gastos.;136.210,00;32. EDUCACIÓN
2023;32UB;C21.I02 Programa de Orientación, Avance y Enriquecimiento Educativo en centros de especial complejidad educativa (Programa #PROA+).;120.626,50;32. EDUCACIÓN
2023;32UC;C21.I03 Creación de Unidades de Acompañamiento y Orientación Personal y Familiar del alumnado educativamente vulnerable, en los servicios educativos o psicopedagógicos situados en zonas y distritos escolares.;55.934,92;32. EDUCACIÓN
2023;32US;C21.R02 Diseño y aplicación de nuevo modelo curricular por competencias clave, priorizando aprendizajes fundamentales, y regulación de una ordenación académica inclusiva;400,00;32. EDUCACIÓN
2023;321M;Dirección y Servicios Generales de Educación y Formación Profesional;85.450,71;32. EDUCACIÓN
2023;321N;Formación permanente del profesorado de Educación;1.847,44;32. EDUCACIÓN
2023;322A;Educación Infantil y Primaria;194.695,38;32. EDUCACIÓN
2023;322B;Educación Secundaria, Formación Profesional y Escuelas Oficiales de Idiomas;584.398,50;32. EDUCACIÓN
2023;322E;Enseñanzas artísticas;4.757,97;32. EDUCACIÓN
2023;322F;Educación en el exterior;110.332,49;32. EDUCACIÓN
2023;322G;Educación compensatoria;4.144,07;32. EDUCACIÓN
2023;322L;Inversiones en centros educativos y otras actividades educativas;396.706,44;32. EDUCACIÓN
2023;323M;Becas y ayudas a estudiantes;2.549.784,10;32. EDUCACIÓN
2023;000X;Transferencias y libramientos internos (Sección: 18 MINISTERIO DE EDUCACIÓN Y FORMACIÓN PROFESIONAL);22.070,56;32. EDUCACIÓN
2023;143A;Cooperación para el desarrollo;1.193,98;14. POLÍTICA EXTERIOR Y DE COOPERACIÓN PARA EL DESARROLLO
2023;22KB;C11.I02 Proyectos tractores de digitalización de la Administración General del Estado. Otras Prestaciones Económicas.;610,00;22. OTRAS PRESTACIONES ECONÓMICAS
2023;223A;Prestaciones de garantía salarial;830.100,45;22. OTRAS PRESTACIONES ECONÓMICAS
2023;224A;Prestaciones económicas por cese de actividad;6.136,49;22. OTRAS PRESTACIONES ECONÓMICAS
2023;24KB;C11.I02 Proyectos tractores de digitalización de la Administración General del Estado. Fomento del Empleo.;25.501,05;24. FOMENTO DEL EMPLEO
2023;24SC;C19.I03 Competencias digitales para el empleo. Fomento del Empleo;54.000,00;24. FOMENTO DEL EMPLEO
2023;24WA;C23.I01 Empleo Joven;155.000,00;24. FOMENTO DEL EMPLEO
2023;24WB;C23.I02 Empleo Mujer y transversalidad de género en las políticas públicas de apoyo a la activación para el empleo;15.000,00;24. FOMENTO DEL EMPLEO
2023;24WC;C23.I03 Adquisición de nuevas competencias para la transformación digital, verde y productiva;143.000,00;24. FOMENTO DEL EMPLEO
2023;24WD;C23.I04 Nuevos proyectos territoriales para el reequilibrio y la equidad;85.000,00;24. FOMENTO DEL EMPLEO
2023;24WE;C23.I05 Gobernanza e impulso a las políticas de apoyo a la activación para el empleo;35.000,00;24. FOMENTO DEL EMPLEO
2023;241A;Fomento de la inserción y estabilidad laboral;4.121.186,73;24. FOMENTO DEL EMPLEO
2023;241B;Formación Profesional para el Empleo;2.126.560,71;24. FOMENTO DEL EMPLEO
2023;241N;Desarrollo del trabajo autónomo, de la economía social y de la responsabilidad social de las empresas;16.650,64;24. FOMENTO DEL EMPLEO
2023;251M;Prestaciones a los desempleados;21.278.019,88;25. DESEMPLEO
2023;28KB;C11.I02 Proyectos tractores de digitalización de la Administración General del Estado. Gestión y Administración de Trabajo y Economía Social;6.931,85;28. GESTIÓN Y ADMINISTRACIÓN DE TRABAJO Y ECONOMÍA SOCIAL
2023;28WF;C23.I06 Plan integral de impulso a la Economía Social para la generación de un tejido económico inclusivo y sostenible.;66.600,00;28. GESTIÓN Y ADMINISTRACIÓN DE TRABAJO Y ECONOMÍA SOCIAL
2023;281M;Dirección y Servicios Generales de Trabajo y Economía Social;119.936,63;28. GESTIÓN Y ADMINISTRACIÓN DE TRABAJO Y ECONOMÍA SOCIAL
2023;29KB;C11.I02 Proyectos tractores de digitalización de la Administración General del Estado. Gestión y Administración de la Inclusión, de la Seguridad Social y de la Migración;3.200,00;29. GESTIÓN Y ADMINISTRACIÓN DE LA INCLUSIÓN, DE LA SEGURIDAD SOCIAL Y DE LA MIGRACIÓN
2023;291A;Inspección y control de Seguridad y Protección Social;203.152,63;29. GESTIÓN Y ADMINISTRACIÓN DE LA INCLUSIÓN, DE LA SEGURIDAD SOCIAL Y DE LA MIGRACIÓN
2023;42KD;C11.I04 Plan de Transición Energética en la Administración General del Estado;88.740,00;42. INDUSTRIA Y ENERGÍA
2023;49KB;C11.I02 Proyectos tractores de digitalización de la Administración General del Estado. Otras Actuaciones de Carácter Económico;92,08;49. OTRAS ACTUACIONES DE CARÁCTER ECONÓMICO
2023;49RC;C18.I03 Aumento de capacidades de respuesta ante crisis sanitarias. Otras Actuaciones de Carácter Económico;1.470,08;49. OTRAS ACTUACIONES DE CARÁCTER ECONÓMICO
2023;494M;Administración de las relaciones laborales y condiciones de trabajo;80.820,51;49. OTRAS ACTUACIONES DE CARÁCTER ECONÓMICO
2023;912P;Asesoramiento del Gobierno en materia social, económica y laboral;9.220,85;91. ÓRGANOS CONSTITUCIONALES, GOBIERNO Y OTROS
2023;000X;Transferencias y libramientos internos (Sección: 19 MINISTERIO DE TRABAJO Y ECONOMÍA SOCIAL);1.078.064,78;91. ÓRGANOS CONSTITUCIONALES, GOBIERNO Y OTROS
2023;42LB;C12.I02 Programa de impulso de la Competitividad y Sostenibilidad Industrial e I+D+i;1.000.000,00;42. INDUSTRIA Y ENERGÍA
2023;42MA;C13.I01 Emprendimiento. Industria;3.000,00;42. INDUSTRIA Y ENERGÍA
2023;42ME;C13.I05 Internacionalización. Industria;1.000,00;42. INDUSTRIA Y ENERGÍA
2023;421M;Dirección y Servicios Generales de Industria, Comercio y Turismo;77.936,82;42. INDUSTRIA Y ENERGÍA
2023;421N;Regulación y protección de la Propiedad Industrial;53.626,61;42. INDUSTRIA Y ENERGÍA
2023;421O;Calidad y seguridad industrial;3.775,88;42. INDUSTRIA Y ENERGÍA
2023;422B;Desarrollo industrial;334.401,78;42. INDUSTRIA Y ENERGÍA
2023;422M;Reconversión y reindustrialización;652.774,86;42. INDUSTRIA Y ENERGÍA
2023;43MA;C13.I01 Emprendimiento. PYMES;44.800,00;43. COMERCIO, TURISMO Y PYMES
2023;43MB;C13.I02 Crecimiento. PYMES;198.000,00;43. COMERCIO, TURISMO Y PYMES
2023;43MC;C13.I03 Digitalización e Innovación I. PYMES;65.000,00;43. COMERCIO, TURISMO Y PYMES
2023;43MD;C13.I04 Apoyo al Comercio;123.150,00;43. COMERCIO, TURISMO Y PYMES
2023;43ME;C13.I05 Internacionalización. PYMES;1.041.350,00;43. COMERCIO, TURISMO Y PYMES
2023;43NA;C14.I01 Transformación del modelo turístico hacia la sostenibilidad.;497.000,00;43. COMERCIO, TURISMO Y PYMES
2023;43NB;C14.I02 Programa de digitalización e inteligencia para destinos y sector turístico. Comercio, Turismo y PYMES;10.000,00;43. COMERCIO, TURISMO Y PYMES
2023;43NC;C14.I03 Estrategias de resiliencia turística para territorios extrapeninsulares.;64.000,00;43. COMERCIO, TURISMO Y PYMES
2023;43ND;C14.I04 Actuaciones especiales en el ámbito de la competitividad.;208.400,00;43. COMERCIO, TURISMO Y PYMES
2023;431A;Promoción comercial e internacionalización de la empresa;410.175,33;43. COMERCIO, TURISMO Y PYMES
2023;431N;Ordenación del comercio exterior;10.361,57;43. COMERCIO, TURISMO Y PYMES
2023;431O;Ordenación y modernización de las estructuras comerciales;10.604,07;43. COMERCIO, TURISMO Y PYMES
2023;432A;Coordinación y promoción del turismo;270.776,69;43. COMERCIO, TURISMO Y PYMES
2023;433M;Apoyo a la pequeña y mediana empresa;142.460,39;43. COMERCIO, TURISMO Y PYMES
2023;46LB;C12.I02 Programa de impulso de la Competitividad y Sostenibilidad Industrial. I+D+i+Digitalización;2.898.670,00;46. INVESTIGACIÓN, DESARROLLO, INNOVACIÓN Y DIGITALIZACIÓN
2023;46NB;C14.I02 Programa de digitalización e inteligencia para destinos y sector turístico. I+D+i+Digitalización;42.000,00;46. INVESTIGACIÓN, DESARROLLO, INNOVACIÓN Y DIGITALIZACIÓN
2023;46SC;C19.I03 Competencias digitales para el empleo. I+D+i+Digitalización;54.000,00;46. INVESTIGACIÓN, DESARROLLO, INNOVACIÓN Y DIGITALIZACIÓN
2023;464B;Apoyo a la innovación tecnológica en el sector de la defensa;1.601.150,14;46. INVESTIGACIÓN, DESARROLLO, INNOVACIÓN Y DIGITALIZACIÓN
2023;467C;Investigación y desarrollo tecnológico-industrial;278.894,96;46. INVESTIGACIÓN, DESARROLLO, INNOVACIÓN Y DIGITALIZACIÓN
2023;49LB;C12.I02 Programa de impulso de la Competitividad y Sostenibilidad Industrial. Otras Actuaciones de Carácter Económico;7.410,00;49. OTRAS ACTUACIONES DE CARÁCTER ECONÓMICO
2023;495C;Metrología;10.072,09;49. OTRAS ACTUACIONES DE CARÁCTER ECONÓMICO
2023;921U;Publicaciones;180,00;92. SERVICIOS DE CARÁCTER GENERAL
2023;000X;Transferencias y libramientos internos (Sección: 20 MINISTERIO DE INDUSTRIA, COMERCIO Y TURISMO);101.990,39;92. SERVICIOS DE CARÁCTER GENERAL
2023;231F;Otros servicios sociales del Estado;101.650,34;23. SERVICIOS SOCIALES Y PROMOCIÓN SOCIAL
2023;41CA;C03.I01 Plan para la mejora de la eficiencia y la sostenibilidad en regadíos;270.750,00;41. AGRICULTURA, PESCA Y ALIMENTACIÓN
2023;41CB;C03.I02 Plan de Impulso de la sostenibilidad y competitividad de la agricultura y la ganadería (I): Modernizar los laboratorios de sanidad animal y vegetal;25.040,00;41. AGRICULTURA, PESCA Y ALIMENTACIÓN
2023;41CC;C03.I03 Plan de Impulso de la sostenibilidad y competitividad de la agricultura y la ganadería (II): Reforzar sistemas de capacitación y bioseguridad en viveros y explotaciones ganaderas;12.700,00;41. AGRICULTURA, PESCA Y ALIMENTACIÓN
2023;41CD;C03.I04 Plan de Impulso de la sostenibilidad y competitividad de la agricultura y la ganadería (III): Inversiones en agricultura de precisión, eficiencia energética y economía circular;102.400,00;41. AGRICULTURA, PESCA Y ALIMENTACIÓN
2023;41CE;C03.I05 Estrategia de Digitalización del sector Agroalimentario y Forestal y del Medio Rural: Desarrollo de actuaciones para dar apoyo a la digitalización y el emprendimiento del sector agroalimentario y forestal y del medio rural;12.400,00;41. AGRICULTURA, PESCA Y ALIMENTACIÓN
2023;41CF;C03.I06 Plan de impulso a la sostenibilidad, investigación, innovación y digitalización del sector pesquero (I): Modernización de la Red de Reservas Marinas de Interés Pesquero;1.250,00;41. AGRICULTURA, PESCA Y ALIMENTACIÓN
2023;41CG;C03.I07 Plan de impulso a la sostenibilidad, investigación, innovación y digitalización del sector pesquero (II): Impulso de la investigación pesquera y acuícola y apoyo a la formación;3.400,00;41. AGRICULTURA, PESCA Y ALIMENTACIÓN
2023;41CH;C03.I08 Plan de impulso a la sostenibilidad, investigación, innovación y digitalización del sector pesquero (III): Desarrollo tecnológico e innovación en el sector pesquero y acuícola;5.000,00;41. AGRICULTURA, PESCA Y ALIMENTACIÓN
2023;41CI;C03.I09 Plan de impulso a la sostenibilidad, investigación, innovación y digitalización del sector pesquero (IV): Digitalización y uso de TICs en el sector pesquero;4.000,00;41. AGRICULTURA, PESCA Y ALIMENTACIÓN
2023;41CJ;C03.I10 Plan de impulso a la sostenibilidad, investigación, innovación y digitalización del sector pesquero (V): Apoyo a la lucha contra la pesca ilegal, no declarada y no reglamentada;8.000,00;41. AGRICULTURA, PESCA Y ALIMENTACIÓN
2023;41KB;C11. I02 Proyectos tractores de digitalización de la Administración General del Estado. Agricultura y Alimentación;10.000,00;41. AGRICULTURA, PESCA Y ALIMENTACIÓN
2023;411M;Dirección y Servicios Generales de Agricultura, Pesca y Alimentación;137.456,33;41. AGRICULTURA, PESCA Y ALIMENTACIÓN
2023;412C;Competitividad y calidad de la producción y los mercados agrarios;58.454,27;41. AGRICULTURA, PESCA Y ALIMENTACIÓN
2023;412D;Competitividad y calidad de la sanidad agraria;46.690,50;41. AGRICULTURA, PESCA Y ALIMENTACIÓN
2023;412M;Regulación de los mercados agrarios;5.787.297,25;41. AGRICULTURA, PESCA Y ALIMENTACIÓN
2023;413A;Competitividad industria agroalimentaria y calidad alimentaria;34.387,25;41. AGRICULTURA, PESCA Y ALIMENTACIÓN
2023;414A;Gestión de recursos hídricos para el regadío, caminos naturales y otras infraestructuras rurales;157.022,57;41. AGRICULTURA, PESCA Y ALIMENTACIÓN
2023;414B;Desarrollo del medio rural;1.782.545,38;41. AGRICULTURA, PESCA Y ALIMENTACIÓN
2023;415A;Protección de los recursos pesqueros y desarrollo sostenible;24.370,64;41. AGRICULTURA, PESCA Y ALIMENTACIÓN
2023;415B;Mejora de estructuras y mercados pesqueros;62.344,16;41. AGRICULTURA, PESCA Y ALIMENTACIÓN
2023;416A;Previsión de riesgos en las producciones agrarias y pesqueras;322.974,30;41. AGRICULTURA, PESCA Y ALIMENTACIÓN
2023;000X;Transferencias y libramientos internos (Sección: 21 MINISTERIO DE AGRICULTURA, PESCA Y ALIMENTACIÓN);375.754,17;41. AGRICULTURA, PESCA Y ALIMENTACIÓN
2023;42KD;C11.I04 Plan de Transición Energética en la Administración General del Estado;6.521,85;42. INDUSTRIA Y ENERGÍA
2023;92KC;C11.I03 Transformación Digital y Modernización de la AGE. Servicios de carácter general;2.000,00;92. SERVICIOS DE CARÁCTER GENERAL
2023;921M;Dirección y Servicios Generales de Política Territorial;41.363,67;92. SERVICIOS DE CARÁCTER GENERAL
2023;921P;Administración General del Estado en el Territorio;285.864,80;92. SERVICIOS DE CARÁCTER GENERAL
2023;922M;Organización territorial del Estado y desarrollo de sus sistemas de colaboración;11.759,09;92. SERVICIOS DE CARÁCTER GENERAL
2023;94KC;C11.I03 Transformación Digital y Modernización de las CCAA y EELL. Transferencias a otras AA.PP.;183.680,53;94. TRANSFERENCIAS A OTRAS ADMINISTRACIONES PÚBLICAS
2023;942A;Cooperación económica local del Estado;58.439,33;94. TRANSFERENCIAS A OTRAS ADMINISTRACIONES PÚBLICAS
2023;42AB;C01.I02 Plan de incentivos a la instalación de puntos de recarga, a la adquisición de vehículos eléctricos y de pila de combustible y a la innovación en electromovilidad, recarga e hidrógeno verde;455.000,00;42. INDUSTRIA Y ENERGÍA
2023;42BC;C02.I03 Programa de rehabilitación energética de edificios (PREE);300.000,00;42. INDUSTRIA Y ENERGÍA
2023;42BD;C02.I04 Programa de regeneración y reto demográfico;225.000,00;42. INDUSTRIA Y ENERGÍA
2023;42GA;C07.I01 Desarrollo de energías renovables innovadoras, integradas en la edificación y en los procesos productivos;780.000,00;42. INDUSTRIA Y ENERGÍA
2023;42GB;C07.I02 Energía sostenible en las islas;25.000,00;42. INDUSTRIA Y ENERGÍA
2023;42HA;C08.I01 Despliegue del almacenamiento energético;93.747,41;42. INDUSTRIA Y ENERGÍA
2023;42HB;C08.I02 Digitalización de las redes;150.000,00;42. INDUSTRIA Y ENERGÍA
2023;42HC;C08.I03 Nuevos modelos de negocio en la transición energética;56.000,00;42. INDUSTRIA Y ENERGÍA
2023;42IA;C09.I01 Hidrógeno renovable: un proyecto país;672.817,00;42. INDUSTRIA Y ENERGÍA
2023;42JA;C10.I01 Inversiones en transición justa;169.252,59;42. INDUSTRIA Y ENERGÍA
2023;42KD;C11.I04 Plan de Transición Energética en la Administración General del Estado;1.346,60;42. INDUSTRIA Y ENERGÍA
2023;423N;Explotación minera;14.409,04;42. INDUSTRIA Y ENERGÍA
2023;424M;Seguridad nuclear y protección radiológica;47.931,69;42. INDUSTRIA Y ENERGÍA
2023;425A;Normativa y desarrollo energético;825.966,42;42. INDUSTRIA Y ENERGÍA
2023;45DA;C04.I01 Digitalización y conocimientos del patrimonio natural;49.828,41;45. INFRAESTRUCTURAS Y ECOSISTEMAS RESILIENTES
2023;45DB;C04.I02 Conservación de la biodiversidad terrestre marina;154.314,68;45. INFRAESTRUCTURAS Y ECOSISTEMAS RESILIENTES
2023;45DC;C04.I03 Restauración de ecosistemas e infraestructura verde;94.679,21;45. INFRAESTRUCTURAS Y ECOSISTEMAS RESILIENTES
2023;45DD;C04.I04 Gestión forestal sostenible;97.340,03;45. INFRAESTRUCTURAS Y ECOSISTEMAS RESILIENTES
2023;45EA;C05.I01 Materialización de actuaciones de depuración, saneamiento, eficiencia, ahorro, reutilización y seguridad de infraestructuras (DSEAR);187.000,00;45. INFRAESTRUCTURAS Y ECOSISTEMAS RESILIENTES
2023;45EB;C05.I02 Seguimiento y restauración de ecosistemas fluviales, recuperación de acuíferos y mitigación del riesgo de inundación;497.980,19;45. INFRAESTRUCTURAS Y ECOSISTEMAS RESILIENTES
2023;45EC;C05.I03 Transición digital en el sector del agua. Infraestructuras y Ecosistemas Resilientes.;370.000,00;45. INFRAESTRUCTURAS Y ECOSISTEMAS RESILIENTES
2023;45ED;C05.I04 Adaptación de la costa al cambio climático e implementación de las Estrategias Marinas y de los planes de ordenación del espacio marítimo;136.733,33;45. INFRAESTRUCTURAS Y ECOSISTEMAS RESILIENTES
2023;45LC;C12.I03 Plan de apoyo a la implementación de la normativa de residuos y al fomento de la economía circular;250.000,00;45. INFRAESTRUCTURAS Y ECOSISTEMAS RESILIENTES
2023;45SA;C19.I01 Competencias digitales transversales. Transición Ecológica;90.000,00;45. INFRAESTRUCTURAS Y ECOSISTEMAS RESILIENTES
2023;451O;Dirección y Servicios Generales para la Transición Ecológica y el Reto Demográfico;121.835,16;45. INFRAESTRUCTURAS Y ECOSISTEMAS RESILIENTES
2023;452A;Gestión e infraestructuras del agua;1.292.491,77;45. INFRAESTRUCTURAS Y ECOSISTEMAS RESILIENTES
2023;452M;Normativa y ordenación territorial de los recursos hídricos;396.494,97;45. INFRAESTRUCTURAS Y ECOSISTEMAS RESILIENTES
2023;456A;Calidad del agua;265.690,36;45. INFRAESTRUCTURAS Y ECOSISTEMAS RESILIENTES
2023;456B;Protección y mejora del medio ambiente;25.174,88;45. INFRAESTRUCTURAS Y ECOSISTEMAS RESILIENTES
2023;456C;Protección y mejora del medio natural;285.053,02;45. INFRAESTRUCTURAS Y ECOSISTEMAS RESILIENTES
2023;456D;Actuación en la costa;96.655,45;45. INFRAESTRUCTURAS Y ECOSISTEMAS RESILIENTES
2023;456E;Reto demográfico y lucha contra la despoblación;71.645,08;45. INFRAESTRUCTURAS Y ECOSISTEMAS RESILIENTES
2023;456M;Actuaciones para la prevención de la contaminación y el cambio climático;28.647,15;45. INFRAESTRUCTURAS Y ECOSISTEMAS RESILIENTES
2023;456N;Transición justa;332.133,18;45. INFRAESTRUCTURAS Y ECOSISTEMAS RESILIENTES
2023;49EC;C05.I03 Transición digital en el sector del agua. Otras actuaciones de carácter económico.;85.957,32;49. OTRAS ACTUACIONES DE CARÁCTER ECONÓMICO
2023;495B;Meteorología;131.258,14;49. OTRAS ACTUACIONES DE CARÁCTER ECONÓMICO
2023;000X;Transferencias y libramientos internos (Sección: 23 MINISTERIO PARA LA TRANSICIÓN ECOLÓGICA Y EL RETO DEMOGRÁFICO);4.338.845,48;49. OTRAS ACTUACIONES DE CARÁCTER ECONÓMICO
2023;14XA;C24.I01 Impulso de la competitividad de las industrias culturales. Política Exterior;1.000,00;14. POLÍTICA EXTERIOR Y DE COOPERACIÓN PARA EL DESARROLLO
2023;14YA;C25.I01 Programa de fomento, modernización y digitalización del sector audiovisual. Política Exterior;5.000,00;14. POLÍTICA EXTERIOR Y DE COOPERACIÓN PARA EL DESARROLLO
2023;144A;Cooperación, promoción y difusión cultural en el exterior;10.417,47;14. POLÍTICA EXTERIOR Y DE COOPERACIÓN PARA EL DESARROLLO
2023;321M;Dirección y Servicios Generales de Educación y Formación Profesional;1.744,00;32. EDUCACIÓN
2023;322L;Inversiones en centros educativos y otras actividades educativas;15.684,62;32. EDUCACIÓN
2023;33SC;C19.I03 Competencias digitales para el empleo. Cultura;75.000,00;33. CULTURA
2023;33XA;C24.I01 Impulso de la competitividad de las industrias culturales. Cultura;12.446,00;33. CULTURA
2023;33XB;C24.I02 Dinamización de la cultura a lo largo del territorio;18.000,70;33. CULTURA
2023;33XC;C24.I03 Digitalización e impulso de los grandes servicios culturales. Cultura;21.379,00;33. CULTURA
2023;33YA;C25.I01 Programa de fomento, modernización y digitalización del sector audiovisual. Cultura;21.690,34;33. CULTURA
2023;33ZA;C26.I01 Plan de Digitalización del Sector Deporte;57.391,93;33. CULTURA
2023;33ZB;C26.I02 Plan de Transición Ecológica de Instalaciones Deportivas;68.998,19;33. CULTURA
2023;33ZC;C26.I03 Plan Social del Sector Deporte;16.000,00;33. CULTURA
2023;331M;Dirección y Servicios Generales de Cultura y Deporte;56.536,03;33. CULTURA
2023;332A;Archivos;47.711,03;33. CULTURA
2023;332B;Bibliotecas;65.187,55;33. CULTURA
2023;333A;Museos;233.529,79;33. CULTURA
2023;333B;Exposiciones;1.594,29;33. CULTURA
2023;334A;Promoción y cooperación cultural;289.124,24;33. CULTURA
2023;334B;Promoción del libro y publicaciones culturales;13.892,06;33. CULTURA
2023;334C;Fomento de las industrias culturales;17.172,29;33. CULTURA
2023;335A;Música y danza;122.626,25;33. CULTURA
2023;335B;Teatro;60.216,85;33. CULTURA
2023;335C;Cinematografía;167.143,50;33. CULTURA
2023;336A;Fomento y apoyo de las actividades deportivas;250.625,87;33. CULTURA
2023;337B;Conservación y restauración de bienes culturales;38.916,93;33. CULTURA
2023;337C;Protección del Patrimonio Histórico;13.896,61;33. CULTURA
2023;000X;Transferencias y libramientos internos (Sección: 24 MINISTERIO DE CULTURA Y DEPORTE);858.824,24;33. CULTURA
2023;337A;Administración del Patrimonio Histórico-Nacional;121.131,72;33. CULTURA
2023;337D;Administración de los Reales Patronatos;5.511,51;33. CULTURA
2023;42KD;C11.I04 Plan de Transición Energética en la Administración General del Estado;22.050,98;42. INDUSTRIA Y ENERGÍA
2023;462M;Investigación y estudios sociológicos y constitucionales;17.177,75;46. INVESTIGACIÓN, DESARROLLO, INNOVACIÓN Y DIGITALIZACIÓN
2023;467G;Investigación y desarrollo de la Sociedad de la Información;1.582,63;46. INVESTIGACIÓN, DESARROLLO, INNOVACIÓN Y DIGITALIZACIÓN
2023;911Q;Apoyo a la gestión administrativa de la Jefatura del Estado;7.775,83;91. ÓRGANOS CONSTITUCIONALES, GOBIERNO Y OTROS
2023;912M;Presidencia del Gobierno;133.875,17;91. ÓRGANOS CONSTITUCIONALES, GOBIERNO Y OTROS
2023;912O;Relaciones con las Cortes Generales, Secretariado del Gobierno y apoyo a la Alta Dirección;48.351,99;91. ÓRGANOS CONSTITUCIONALES, GOBIERNO Y OTROS
2023;921Q;Cobertura informativa;78.385,60;92. SERVICIOS DE CARÁCTER GENERAL
2023;921R;Publicidad de las normas legales;32.124,74;92. SERVICIOS DE CARÁCTER GENERAL
2023;925M;Memoria democrática;13.952,00;92. SERVICIOS DE CARÁCTER GENERAL
2023;000X;Transferencias y libramientos internos (Sección: 25 MINISTERIO DE LA PRESIDENCIA, RELACIONES CON LAS CORTES Y MEMORIA DEMOCRÁTICA);101.659,17;92. SERVICIOS DE CARÁCTER GENERAL
2023;143A;Cooperación para el desarrollo;200.000,00;14. POLÍTICA EXTERIOR Y DE COOPERACIÓN PARA EL DESARROLLO
2023;231A;Plan Nacional sobre Drogas;15.717,04;23. SERVICIOS SOCIALES Y PROMOCIÓN SOCIAL
2023;31KB;C11.I02 Proyectos tractores de digitalización de la Administración General del Estado. Sanidad;65.651,65;31. SANIDAD
2023;31KC;C11.I03 Transformación Digital y Modernización de la AGE, CCAA y EELL. Sanidad;130.000,00;31. SANIDAD
2023;31RA;C18.I01 Plan de inversión en equipos de alta tecnología en el Sistema Nacional de Salud. Sanidad;200,32;31. SANIDAD
2023;31RB;C18.I02 Acciones para reforzar la prevención y promoción de la Salud. Sanidad;16.295,40;31. SANIDAD
2023;31RC;C18.I03 Aumento de capacidades de respuesta ante crisis sanitarias. Sanidad;7.800,00;31. SANIDAD
2023;31RD;C18.I04 Formación de profesionales sanitarios y recursos para compartir conocimiento;74.275,00;31. SANIDAD
2023;31RE;C18.I05 Plan para la racionalización del consumo de productos farmacéuticos y fomento de la sostenibilidad;107.460,00;31. SANIDAD
2023;31SC;C19.I03 Competencias digitales para el empleo. Sanidad;2.000,00;31. SANIDAD
2023;310B;Sanidad. Ayuda a la Recuperación para la Cohesión y los Territorios de Europa (REACT-EU);1.116.000,00;31. SANIDAD
2023;311M;Dirección y Servicios Generales de Sanidad;40.424,27;31. SANIDAD
2023;311O;Políticas de Salud y Ordenación Profesional;7.805,72;31. SANIDAD
2023;313A;Prestaciones sanitarias y farmacia;208.265,19;31. SANIDAD
2023;313B;Salud pública, sanidad exterior y calidad;717.513,71;31. SANIDAD
2023;313D;Donación y trasplante de órganos, tejidos y células;6.706,76;31. SANIDAD
2023;313E;Salud Digital, Información e Innovación del Sistema Nacional de Salud;30.055,38;31. SANIDAD
2023;000X;Transferencias y libramientos internos (Sección: 26 MINISTERIO DE SANIDAD);356.060,13;31. SANIDAD
2023;425A;Normativa y desarrollo energético;3.514.141,75;42. INDUSTRIA Y ENERGÍA
2023;46KA;C11.I01 Modernización de la Administración General del Estado. I+D+i+Digitalización;233.393,17;46. INVESTIGACIÓN, DESARROLLO, INNOVACIÓN Y DIGITALIZACIÓN
2023;46LA;C12.I01 Espacios de datos sectoriales (contribución a proyectos tractores de digitalización de los sectores productivos estratégicos);400.000,00;46. INVESTIGACIÓN, DESARROLLO, INNOVACIÓN Y DIGITALIZACIÓN
2023;46MA;C13.I01 Emprendimiento. I+D+i+Digitalización;60.000,00;46. INVESTIGACIÓN, DESARROLLO, INNOVACIÓN Y DIGITALIZACIÓN
2023;46MC;C13.I03 Digitalización e Innovación I. I+D+i+Digitalización;1.322.000,00;46. INVESTIGACIÓN, DESARROLLO, INNOVACIÓN Y DIGITALIZACIÓN
2023;46NB;C14.I02 Programa de digitalización e inteligencia para destinos y sector turístico. I+D+i+Digitalización;100.000,00;46. INVESTIGACIÓN, DESARROLLO, INNOVACIÓN Y DIGITALIZACIÓN
2023;46OA;C15.I01 Favorecer la vertebración territorial mediante despliegue de redes: Extensión de la banda ancha ultrarrápida y cobertura en movilidad de 30 Mbps;256.000,00;46. INVESTIGACIÓN, DESARROLLO, INNOVACIÓN Y DIGITALIZACIÓN
2023;46OB;C15.I02 Refuerzo de conectividad en centros de referencia, motores socioeconómicos y proyectos tractores de digitalización sectorial;155.000,00;46. INVESTIGACIÓN, DESARROLLO, INNOVACIÓN Y DIGITALIZACIÓN
2023;46OC;C15.I03 Bonos de conectividad para PYMES y colectivos vulnerables;10.000,00;46. INVESTIGACIÓN, DESARROLLO, INNOVACIÓN Y DIGITALIZACIÓN
2023;46OD;C15.I04 Renovación y sostenibilidad de infraestructuras;20.000,00;46. INVESTIGACIÓN, DESARROLLO, INNOVACIÓN Y DIGITALIZACIÓN
2023;46OE;C15.I05 Despliegue de infraestructuras digitales transfronterizas. I+D+i+Digitalización;1.350.000,00;46. INVESTIGACIÓN, DESARROLLO, INNOVACIÓN Y DIGITALIZACIÓN
2023;46OG;C15.I07 Ciberseguridad: Fortalecimiento de las capacidades de ciudadanos, PYMES y profesionales; e Impulso del ecosistema del sector;131.620,00;46. INVESTIGACIÓN, DESARROLLO, INNOVACIÓN Y DIGITALIZACIÓN
2023;46PR;C16.R01 Estrategia Nacional de IA;86.600,00;46. INVESTIGACIÓN, DESARROLLO, INNOVACIÓN Y DIGITALIZACIÓN
2023;46RF;C18.I06 Data lake Sanitario;65.000,00;46. INVESTIGACIÓN, DESARROLLO, INNOVACIÓN Y DIGITALIZACIÓN
2023;46SA;C19.I01 Competencias digitales transversales. I+D+i+Digitalización;26.000,00;46. INVESTIGACIÓN, DESARROLLO, INNOVACIÓN Y DIGITALIZACIÓN
2023;46SD;C19.I04 Profesionales digitales;5.000,00;46. INVESTIGACIÓN, DESARROLLO, INNOVACIÓN Y DIGITALIZACIÓN
2023;46UE;C21.I05 Mejora de infraestructuras digitales, el equipamiento, las tecnologías, la docencia y la evaluación digitales universitarios;10.000,00;46. INVESTIGACIÓN, DESARROLLO, INNOVACIÓN Y DIGITALIZACIÓN
2023;467G;Investigación y desarrollo de la Sociedad de la Información;90.646,67;46. INVESTIGACIÓN, DESARROLLO, INNOVACIÓN Y DIGITALIZACIÓN
2023;467I;Innovación tecnológica de las telecomunicaciones;204.803,49;46. INVESTIGACIÓN, DESARROLLO, INNOVACIÓN Y DIGITALIZACIÓN
2023;49OF;C15.I06 Despliegue del 5G: redes, cambio tecnológico e innovación;570.000,00;49. OTRAS ACTUACIONES DE CARÁCTER ECONÓMICO
2023;49OS;C15.R02 Hoja de ruta 5G: Gestión y asignación del espectro, reducción de cargas al despliegue, Ley de Ciberseguridad 5G y Apoyo a entidades locales;31.000,00;49. OTRAS ACTUACIONES DE CARÁCTER ECONÓMICO
2023;491M;Ordenación y promoción de las telecomunicaciones y de la Sociedad de la Información;37.661,88;49. OTRAS ACTUACIONES DE CARÁCTER ECONÓMICO
2023;491N;Servicio postal universal;110.000,00;49. OTRAS ACTUACIONES DE CARÁCTER ECONÓMICO
2023;492M;Defensa de la competencia en los mercados y regulación de sectores productivos;62.292,65;49. OTRAS ACTUACIONES DE CARÁCTER ECONÓMICO
2023;493M;Dirección, control y gestión de seguros;19.064,58;49. OTRAS ACTUACIONES DE CARÁCTER ECONÓMICO
2023;493O;Regulación contable y de auditorías;10.514,31;49. OTRAS ACTUACIONES DE CARÁCTER ECONÓMICO
2023;92KA;C11.I01 Modernización de la Administración General del Estado. Servicios de carácter general;2.606,83;92. SERVICIOS DE CARÁCTER GENERAL
2023;923C;Elaboración y difusión estadística;192.789,17;92. SERVICIOS DE CARÁCTER GENERAL
2023;923O;Gestión de la Deuda y de la Tesorería del Estado;63.103,43;92. SERVICIOS DE CARÁCTER GENERAL
2023;923P;Relaciones con Instituciones Financieras Multilaterales;519.834,66;92. SERVICIOS DE CARÁCTER GENERAL
2023;923Q;Dirección y Servicios Generales de Asuntos Económicos y Transformación Digital;78.642,26;92. SERVICIOS DE CARÁCTER GENERAL
2023;931M;Previsión y política económica;20.682,64;93. ADMINISTRACIÓN FINANCIERA Y TRIBUTARIA
2023;000X;Transferencias y libramientos internos (Sección: 27 MINISTERIO DE ASUNTOS ECONÓMICOS Y TRANSFORMACIÓN DIGITAL);222.116,48;93. ADMINISTRACIÓN FINANCIERA Y TRIBUTARIA
2023;143A;Cooperación para el desarrollo;3.110,00;14. POLÍTICA EXTERIOR Y DE COOPERACIÓN PARA EL DESARROLLO
2023;45DA;C04.I01 Digitalización y conocimientos del patrimonio natural;29.032,55;45. INFRAESTRUCTURAS Y ECOSISTEMAS RESILIENTES
2023;45DC;C04.I03 Restauración de ecosistemas e infraestructura verde;440,00;45. INFRAESTRUCTURAS Y ECOSISTEMAS RESILIENTES
2023;45ED;C05.I04 Adaptación de la costa al cambio climático e implementación de las Estrategias Marinas y de los planes de ordenación del espacio marítimo;4.000,00;45. INFRAESTRUCTURAS Y ECOSISTEMAS RESILIENTES
2023;46OE;C15.I05 Despliegue de infraestructuras digitales transfronterizas. I+D+i+Digitalización;100.000,00;46. INVESTIGACIÓN, DESARROLLO, INNOVACIÓN Y DIGITALIZACIÓN
2023;46QA;C17.I01 Planes Complementarios con CCAA;60.254,66;46. INVESTIGACIÓN, DESARROLLO, INNOVACIÓN Y DIGITALIZACIÓN
2023;46QB;C17.I02 Fortalecimiento de las capacidades, infraestructuras y equipamientos de los agentes del SECTI;75.830,39;46. INVESTIGACIÓN, DESARROLLO, INNOVACIÓN Y DIGITALIZACIÓN
2023;46QC;C17.I03 Nuevos proyectos I+D+I Publico Privados, Interdisciplinares, Pruebas de concepto y concesión de ayudas consecuencia de convocatorias competitivas internacionales. I+D de vanguardia orientada a retos de la sociedad. Compra pública pre-comercial.;442.567,53;46. INVESTIGACIÓN, DESARROLLO, INNOVACIÓN Y DIGITALIZACIÓN
2023;46QD;C17.I04 Nueva carrera científica;219.010,00;46. INVESTIGACIÓN, DESARROLLO, INNOVACIÓN Y DIGITALIZACIÓN
2023;46QE;C17.I05 Reforma de capacidades del sistema nacional de ciencia, tecnología e innovación: Transferencia de conocimiento;41.948,01;46. INVESTIGACIÓN, DESARROLLO, INNOVACIÓN Y DIGITALIZACIÓN
2023;46QF;C17.I06 Reforma de capacidades del sistema nacional de ciencia, tecnología e innovación: Salud;424.243,05;46. INVESTIGACIÓN, DESARROLLO, INNOVACIÓN Y DIGITALIZACIÓN
2023;46QG;C17.I07 Reforma de capacidades del sistema nacional de ciencia, tecnología e innovación: Medioambiente, cambio climático y energía;6.858,00;46. INVESTIGACIÓN, DESARROLLO, INNOVACIÓN Y DIGITALIZACIÓN
2023;46QI;C17.I09 Reforma de capacidades del sistema nacional de ciencia, tecnología e innovación: Sector aeroespacial;240.000,00;46. INVESTIGACIÓN, DESARROLLO, INNOVACIÓN Y DIGITALIZACIÓN
2023;461M;Dirección y Servicios Generales de Ciencia e Innovación;57.662,29;46. INVESTIGACIÓN, DESARROLLO, INNOVACIÓN Y DIGITALIZACIÓN
2023;463A;Investigación científica;1.084.233,93;46. INVESTIGACIÓN, DESARROLLO, INNOVACIÓN Y DIGITALIZACIÓN
2023;463B;Fomento y coordinación de la investigación científica y técnica;3.016.458,06;46. INVESTIGACIÓN, DESARROLLO, INNOVACIÓN Y DIGITALIZACIÓN
2023;465A;Investigación sanitaria;328.047,45;46. INVESTIGACIÓN, DESARROLLO, INNOVACIÓN Y DIGITALIZACIÓN
2023;467C;Investigación y desarrollo tecnológico-industrial;1.487.455,58;46. INVESTIGACIÓN, DESARROLLO, INNOVACIÓN Y DIGITALIZACIÓN
2023;467H;Investigación energética, medioambiental y tecnológica;115.294,23;46. INVESTIGACIÓN, DESARROLLO, INNOVACIÓN Y DIGITALIZACIÓN
2023;000X;Transferencias y libramientos internos (Sección: 28 MINISTERIO DE CIENCIA E INNOVACIÓN);2.549.910,01;46. INVESTIGACIÓN, DESARROLLO, INNOVACIÓN Y DIGITALIZACIÓN
2023;23VA;C22.I01 Plan de apoyos y cuidados de larga duración: desinstitucionalización, equipamientos y tecnología.;819.755,38;23. SERVICIOS SOCIALES Y PROMOCIÓN SOCIAL
2023;23VB;C22.I02 Plan de Modernización de los Servicios Sociales: Transformación tecnológica, innovación, formación y refuerzo de la atención a la infancia.;279.744,68;23. SERVICIOS SOCIALES Y PROMOCIÓN SOCIAL
2023;23VC;C22.I03 Plan España País Accesible.;41.442,80;23. SERVICIOS SOCIALES Y PROMOCIÓN SOCIAL
2023;231F;Otros servicios sociales del Estado;359.666,70;23. SERVICIOS SOCIALES Y PROMOCIÓN SOCIAL
2023;231G;Atención a la infancia y a las familias;43.992,44;23. SERVICIOS SOCIALES Y PROMOCIÓN SOCIAL
2023;232A;Promoción y servicios a la juventud;54.931,44;23. SERVICIOS SOCIALES Y PROMOCIÓN SOCIAL
2023;232F;Derechos de los animales;7.481,71;23. SERVICIOS SOCIALES Y PROMOCIÓN SOCIAL
2023;239N;Dirección y Servicios Generales de Derechos Sociales y Agenda 2030;30.491,38;23. SERVICIOS SOCIALES Y PROMOCIÓN SOCIAL
2023;46SA;C19.I01 Competencias digitales transversales. I+D+i+Digitalización;97.000,00;46. INVESTIGACIÓN, DESARROLLO, INNOVACIÓN Y DIGITALIZACIÓN
2023;921Y;Agenda 2030;24.978,17;92. SERVICIOS DE CARÁCTER GENERAL
2023;000X;Transferencias y libramientos internos (Sección: 29 MINISTERIO DE DERECHOS SOCIALES Y AGENDA 2030);3.704.955,16;92. SERVICIOS DE CARÁCTER GENERAL
2023;23VB;C22.I02 Plan de Modernización de los Servicios Sociales: Transformación tecnológica, innovación, formación y refuerzo de la atención a la infancia.;100,00;23. SERVICIOS SOCIALES Y PROMOCIÓN SOCIAL
2023;23VD;C22.I04 Plan España te protege contra la violencia machista.;59.353,85;23. SERVICIOS SOCIALES Y PROMOCIÓN SOCIAL
2023;232B;Igualdad de oportunidades entre mujeres y hombres;231.811,48;23. SERVICIOS SOCIALES Y PROMOCIÓN SOCIAL
2023;232C;Actuaciones para la prevención integral de la violencia de género;259.741,89;23. SERVICIOS SOCIALES Y PROMOCIÓN SOCIAL
2023;232D;Igualdad de trato y diversidad;7.345,67;23. SERVICIOS SOCIALES Y PROMOCIÓN SOCIAL
2023;232M;Dirección y Servicios Generales de Igualdad;14.770,72;23. SERVICIOS SOCIALES Y PROMOCIÓN SOCIAL
2023;000X;Transferencias y libramientos internos (Sección: 30 MINISTERIO DE IGUALDAD);19.007,45;23. SERVICIOS SOCIALES Y PROMOCIÓN SOCIAL
2023;31KB;C11.I02 Proyectos tractores de digitalización de la Administración General del Estado. Sanidad;623,24;31. SANIDAD
2023;31RC;C18.I03 Aumento de capacidades de respuesta ante crisis sanitarias. Sanidad;1.913,47;31. SANIDAD
2023;313C;Seguridad alimentaria y nutrición;19.592,05;31. SANIDAD
2023;49KB;C11.I02 Proyectos tractores de digitalización de la Administración General del Estado. Otras Actuaciones de Carácter Económico;3.219,93;49. OTRAS ACTUACIONES DE CARÁCTER ECONÓMICO
2023;492O;Protección y promoción de los derechos de los consumidores y usuarios;17.559,78;49. OTRAS ACTUACIONES DE CARÁCTER ECONÓMICO
2023;496M;Regulación del juego;12.364,60;49. OTRAS ACTUACIONES DE CARÁCTER ECONÓMICO
2023;498M;Dirección y Servicios Generales de Consumo;15.568,59;49. OTRAS ACTUACIONES DE CARÁCTER ECONÓMICO
2023;000X;Transferencias y libramientos internos (Sección: 31 MINISTERIO DE CONSUMO);16.589,83;49. OTRAS ACTUACIONES DE CARÁCTER ECONÓMICO
2023;212A;Pensiones no contributivas y prestaciones asistenciales;4.100,00;21. PENSIONES
2023;219N;Gestión de pensiones de Clases Pasivas;4.967,04;21. PENSIONES
2023;23VE;C22.I05 Incremento de la capacidad y eficiencia del sistema de acogida de solicitantes de asilo;142.976,00;23. SERVICIOS SOCIALES Y PROMOCIÓN SOCIAL
2023;23WG;C23.I07 Fomento del crecimiento inclusivo mediante la vinculación de las políticas de inclusión social al Ingreso Mínimo Vital;27.724,05;23. SERVICIOS SOCIALES Y PROMOCIÓN SOCIAL
2023;231B;Acciones en favor de los emigrantes;60.502,19;23. SERVICIOS SOCIALES Y PROMOCIÓN SOCIAL
2023;231G;Atención a la infancia y a las familias;1.800,00;23. SERVICIOS SOCIALES Y PROMOCIÓN SOCIAL
2023;231H;Acciones en favor de los inmigrantes;750.626,82;23. SERVICIOS SOCIALES Y PROMOCIÓN SOCIAL
2023;232E;Análisis y definición de objetivos y políticas de Inclusión;2.751,84;23. SERVICIOS SOCIALES Y PROMOCIÓN SOCIAL
2023;29KB;C11.I02 Proyectos tractores de digitalización de la Administración General del Estado. Gestión y Administración de la Inclusión, de la Seguridad Social y de la Migración;14.700,00;29. GESTIÓN Y ADMINISTRACIÓN DE LA INCLUSIÓN, DE LA SEGURIDAD SOCIAL Y DE LA MIGRACIÓN
2023;291M;Dirección y Servicios Generales de la Inclusión, de la Seguridad Social y de la Migración;70.390,27;29. GESTIÓN Y ADMINISTRACIÓN DE LA INCLUSIÓN, DE LA SEGURIDAD SOCIAL Y DE LA MIGRACIÓN
2023;000X;Transferencias y libramientos internos (Sección: 32 MINISTERIO DE INCLUSIÓN, SEGURIDAD SOCIAL Y MIGRACIONES);44.902.475,67;29. GESTIÓN Y ADMINISTRACIÓN DE LA INCLUSIÓN, DE LA SEGURIDAD SOCIAL Y DE LA MIGRACIÓN
2023;144B;Cooperación, promoción y difusión educativa en el exterior;2.038,41;14. POLÍTICA EXTERIOR Y DE COOPERACIÓN PARA EL DESARROLLO
2023;321O;Dirección y Servicios Generales de Universidades;15.811,52;32. EDUCACIÓN
2023;322C;Enseñanzas universitarias;146.290,06;32. EDUCACIÓN
2023;323M;Becas y ayudas a estudiantes;49.935,14;32. EDUCACIÓN
2023;46UD;C21.I04 Formación y capacitación del personal docente e investigador;120.520,00;46. INVESTIGACIÓN, DESARROLLO, INNOVACIÓN Y DIGITALIZACIÓN
2023;46UE;C21.I05 Mejora de infraestructuras digitales, el equipamiento, las tecnologías, la docencia y la evaluación digitales universitarios;8.530,00;46. INVESTIGACIÓN, DESARROLLO, INNOVACIÓN Y DIGITALIZACIÓN
2023;463A;Investigación científica;131.458,94;46. INVESTIGACIÓN, DESARROLLO, INNOVACIÓN Y DIGITALIZACIÓN
2023;000X;Transferencias y libramientos internos (Sección: 33 MINISTERIO DE UNIVERSIDADES);58.587,99;46. INVESTIGACIÓN, DESARROLLO, INNOVACIÓN Y DIGITALIZACIÓN
2023;943M;Transferencias al Presupuesto General de la Unión Europea;17.778.850,00;94. TRANSFERENCIAS A OTRAS ADMINISTRACIONES PÚBLICAS
2023;943N;Cooperación a través del Fondo Europeo de Desarrollo y del Fondo Europeo de Apoyo a la Paz;264.000,00;94. TRANSFERENCIAS A OTRAS ADMINISTRACIONES PÚBLICAS
2023;929N;Fondo de contingencia de ejecución presupuestaria;3.964.420,00;92. SERVICIOS DE CARÁCTER GENERAL
2023;941N;Transferencias a Comunidades Autónomas por los Fondos de Compensación Interterritorial;582.430,00;94. TRANSFERENCIAS A OTRAS ADMINISTRACIONES PÚBLICAS
2023;453A;Infraestructura del transporte ferroviario;10.556,17;45. INFRAESTRUCTURAS Y ECOSISTEMAS RESILIENTES
2023;941O;Otras transferencias a Comunidades Autónomas;373.187,24;94. TRANSFERENCIAS A OTRAS ADMINISTRACIONES PÚBLICAS
2023;942N;Otras transferencias a Entidades Locales;1.907.392,86;94. TRANSFERENCIAS A OTRAS ADMINISTRACIONES PÚBLICAS
2023;941M;Transferencias a Comunidades Autónomas por participación en los ingresos del Estado;23.552.875,38;94. TRANSFERENCIAS A OTRAS ADMINISTRACIONES PÚBLICAS
2023;941O;Otras transferencias a Comunidades Autónomas;522.200,00;94. TRANSFERENCIAS A OTRAS ADMINISTRACIONES PÚBLICAS
2023;942M;Transferencias a Entidades Locales por participación en los ingresos del Estado;20.792.575,72;94. TRANSFERENCIAS A OTRAS ADMINISTRACIONES PÚBLICAS
2023;942N;Otras transferencias a Entidades Locales;220.319,43;94. TRANSFERENCIAS A OTRAS ADMINISTRACIONES PÚBLICAS
2023;211A;Pensiones contributivas de la Seguridad Social;159.688.815,85;21. PENSIONES
2023;212A;Pensiones no contributivas y prestaciones asistenciales;2.803.945,60;21. PENSIONES
2023;212C;Complementos por mínimos de las pensiones contributivas;7.261.170,00;21. PENSIONES
2023;219M;Gestión de las prestaciones económicas de Seguridad Social;424.705,10;21. PENSIONES
2023;221A;Ingreso mínimo vital y prestaciones familiares;4.193.128,43;22. OTRAS PRESTACIONES ECONÓMICAS
2023;221B;Subsidios de incapacidad temporal y otras prestaciones económicas de la Seguridad Social;16.792.938,29;22. OTRAS PRESTACIONES ECONÓMICAS
2023;224A;Prestaciones económicas por cese de actividad;51.111,21;22. OTRAS PRESTACIONES ECONÓMICAS
2023;23VA;C22.I01 Plan de apoyos y cuidados de larga duración: desinstitucionalización, equipamientos y tecnología.;2.460,47;23. SERVICIOS SOCIALES Y PROMOCIÓN SOCIAL
2023;231C;Servicios Sociales de la Seguridad Social a personas con discapacidad;44.558,39;23. SERVICIOS SOCIALES Y PROMOCIÓN SOCIAL
2023;231D;Servicios Sociales de la Seguridad Social a personas mayores;123.217,37;23. SERVICIOS SOCIALES Y PROMOCIÓN SOCIAL
2023;231E;Otros servicios sociales de la Seguridad Social;49.808,37;23. SERVICIOS SOCIALES Y PROMOCIÓN SOCIAL
2023;231I;Autonomía personal y atención a la dependencia;3.522.300,75;23. SERVICIOS SOCIALES Y PROMOCIÓN SOCIAL
2023;239M;Gestión de los servicios sociales de la Seguridad Social;60.097,81;23. SERVICIOS SOCIALES Y PROMOCIÓN SOCIAL
2023;29KB;C11.I02 Proyectos tractores de digitalización de la Administración General del Estado. Gestión y Administración de la Inclusión, de la Seguridad Social y de la Migración;139.500,00;29. GESTIÓN Y ADMINISTRACIÓN DE LA INCLUSIÓN, DE LA SEGURIDAD SOCIAL Y DE LA MIGRACIÓN
2023;29SC;C19.I03 Competencias digitales para el empleo. Gestión y Administración de la Inclusión, de la Seguridad Social y de la Migración;36.000,00;29. GESTIÓN Y ADMINISTRACIÓN DE LA INCLUSIÓN, DE LA SEGURIDAD SOCIAL Y DE LA MIGRACIÓN
2023;291M;Dirección y Servicios Generales de la Inclusión, de la Seguridad Social y de la Migración;6.695.288,35;29. GESTIÓN Y ADMINISTRACIÓN DE LA INCLUSIÓN, DE LA SEGURIDAD SOCIAL Y DE LA MIGRACIÓN
2023;31RC;C18.I03 Aumento de capacidades de respuesta ante crisis sanitarias. Sanidad;15.660,00;31. SANIDAD
2023;311M;Dirección y Servicios Generales de Sanidad;17.980,06;31. SANIDAD
2023;312B;Atención primaria de salud. Instituto Nacional de Gestión Sanitaria;79.385,39;31. SANIDAD
2023;312C;Atención especializada de salud. Instituto Nacional de Gestión Sanitaria;204.671,18;31. SANIDAD
2023;312D;Medicina marítima;39.241,77;31. SANIDAD
2023;312F;Atención primaria de salud de Mutuas colaboradoras con la Seguridad Social e Instituto Social de la Marina;997.383,21;31. SANIDAD
2023;312G;Atención especializada de salud de Mutuas colaboradoras con la Seguridad Social e Instituto Social de la Marina;486.583,80;31. SANIDAD
2023;322I;Enseñanzas especiales;2.951,96;32. EDUCACIÓN
2023;000X;Transferencias y libramientos internos (Sección: 60 SEGURIDAD SOCIAL);5.444.358,97;32. EDUCACIÓN
2024;911M;Jefatura del Estado;8.431,15;91. ÓRGANOS CONSTITUCIONALES, GOBIERNO Y OTROS
2024;911N;Actividad legislativa;268.007,17;91. ÓRGANOS CONSTITUCIONALES, GOBIERNO Y OTROS
2024;911O;Control externo del Sector Público;78.372,36;91. ÓRGANOS CONSTITUCIONALES, GOBIERNO Y OTROS
2024;911P;Control Constitucional;30.486,00;91. ÓRGANOS CONSTITUCIONALES, GOBIERNO Y OTROS
2024;912N;Alto asesoramiento del Estado;14.686,84;91. ÓRGANOS CONSTITUCIONALES, GOBIERNO Y OTROS
2024;951M;Amortización y gastos financieros de la deuda pública en euros;128.738.279,10;95. GASTOS FINANCIEROS DE LA DEUDA PUBLICA
2024;951N;Amortización y gastos financieros de la deuda pública en moneda extranjera;58.562,00;95. GASTOS FINANCIEROS DE LA DEUDA PUBLICA
2024;211B;Pensiones de Clases Pasivas;20.369.000,89;21. PENSIONES
2024;211C;Otras pensiones y prestaciones de Clases Pasivas;49.447,74;21. PENSIONES
2024;212B;Pensiones de guerra;81.093,93;21. PENSIONES
2024;000X;Transferencias y libramientos internos (Sección: 07 CLASES PASIVAS);249,75;21. PENSIONES
2024;111M;Gobierno del Poder Judicial;43.258,25;11. JUSTICIA
2024;111O;Selección y formación de jueces;24.135,74;11. JUSTICIA
2024;111P;Documentación y publicaciones judiciales;10.939,81;11. JUSTICIA
2024;923S;Aportaciones al Mutualismo Administrativo;2.281.136,60;92. SERVICIOS DE CARÁCTER GENERAL
2024;000X;Transferencias y libramientos internos (Sección: 09 APORTACIONES AL MUTUALISMO ADMINISTRATIVO);98.330,95;92. SERVICIOS DE CARÁCTER GENERAL
2024;923R;Contratación centralizada;317.071,70;92. SERVICIOS DE CARÁCTER GENERAL
2024;141M;Dirección y Servicios Generales de Asuntos Exteriores, Unión Europea y Cooperación;95.878,53;14. POLÍTICA EXTERIOR Y DE COOPERACIÓN PARA EL DESARROLLO
2024;142A;Acción del Estado en el exterior;855.757,36;14. POLÍTICA EXTERIOR Y DE COOPERACIÓN PARA EL DESARROLLO
2024;142B;Acción Diplomática ante la Unión Europea;24.399,75;14. POLÍTICA EXTERIOR Y DE COOPERACIÓN PARA EL DESARROLLO
2024;143A;Cooperación para el desarrollo;998.051,19;14. POLÍTICA EXTERIOR Y DE COOPERACIÓN PARA EL DESARROLLO
2024;144A;Cooperación, promoción y difusión cultural en el exterior;148.422,95;14. POLÍTICA EXTERIOR Y DE COOPERACIÓN PARA EL DESARROLLO
2024;467G;Investigación y desarrollo de la Sociedad de la Información;1.759,66;46. INVESTIGACIÓN, DESARROLLO, INNOVACIÓN Y DIGITALIZACIÓN
2024;000X;Transferencias y libramientos internos (Sección: 12 MINISTERIO DE ASUNTOS EXTERIORES, UNIÓN EUROPEA Y COOPERACIÓN);664.535,54;46. INVESTIGACIÓN, DESARROLLO, INNOVACIÓN Y DIGITALIZACIÓN
2024;111N;Dirección y Servicios Generales de Justicia;134.941,34;11. JUSTICIA
2024;111Q;Formación del Personal de la Administración de Justicia;10.154,97;11. JUSTICIA
2024;111R;Formación de la Carrera Fiscal;10.112,18;11. JUSTICIA
2024;112A;Tribunales de Justicia y Ministerio Fiscal;1.963.188,44;11. JUSTICIA
2024;113M;Registros vinculados con la Fe Pública;36.669,01;11. JUSTICIA
2024;135M;Protección de datos de carácter personal;18.420,74;13. SEGURIDAD CIUDADANA E INSTITUCIONES PENITENCIARIAS
2024;222M;Prestaciones económicas del Mutualismo Administrativo;26.682,41;22. OTRAS PRESTACIONES ECONÓMICAS
2024;312E;Asistencia sanitaria del Mutualismo Administrativo;101.490,42;31. SANIDAD
2024;337A;Administración del Patrimonio Histórico-Nacional;121.131,72;33. CULTURA
2024;337D;Administración de los Reales Patronatos;5.511,51;33. CULTURA
2024;42KD;C11.I04 Plan de Transición Energética en la Administración General del Estado;22.050,98;42. INDUSTRIA Y ENERGÍA
2024;462M;Investigación y estudios sociológicos y constitucionales;17.177,75;46. INVESTIGACIÓN, DESARROLLO, INNOVACIÓN Y DIGITALIZACIÓN
2024;467G;Investigación y desarrollo de la Sociedad de la Información;1.582,63;46. INVESTIGACIÓN, DESARROLLO, INNOVACIÓN Y DIGITALIZACIÓN
2024;911Q;Apoyo a la gestión administrativa de la Jefatura del Estado;7.775,83;91. ÓRGANOS CONSTITUCIONALES, GOBIERNO Y OTROS
2024;912M;Presidencia del Gobierno;55.594,40;91. ÓRGANOS CONSTITUCIONALES, GOBIERNO Y OTROS
2024;912O;Relaciones con las Cortes Generales, Secretariado del Gobierno y apoyo a la Alta Dirección;48.341,99;91. ÓRGANOS CONSTITUCIONALES, GOBIERNO Y OTROS
2024;921Q;Cobertura informativa;78.363,60;92. SERVICIOS DE CARÁCTER GENERAL
2024;921R;Publicidad de las normas legales;32.124,74;92. SERVICIOS DE CARÁCTER GENERAL
2024;921S;Asesoramiento y defensa de los intereses del Estado;44.657,51;92. SERVICIOS DE CARÁCTER GENERAL
2024;000X;Transferencias y libramientos internos (Sección: 13 MINISTERIO DE LA PRESIDENCIA, JUSTICIA Y RELACIONES CON LAS CORTES);119.480,90;92. SERVICIOS DE CARÁCTER GENERAL
2024;12SC;C19.I03 Competencias digitales para el empleo. Defensa;11.000,00;12. DEFENSA
2024;121M;Administración y Servicios Generales de Defensa;2.536.909,04;12. DEFENSA
2024;121N;Formación del Personal de las Fuerzas Armadas;494.328,15;12. DEFENSA
2024;121O;Personal en reserva;579.999,37;12. DEFENSA
2024;122A;Modernización de las Fuerzas Armadas;459.203,70;12. DEFENSA
2024;122B;Programas especiales de modernización;4.901.716,30;12. DEFENSA
2024;122M;Gastos Operativos de las Fuerzas Armadas;2.305.563,40;12. DEFENSA
2024;122N;Apoyo Logístico;1.028.109,11;12. DEFENSA
2024;222M;Prestaciones económicas del Mutualismo Administrativo;78.544,21;22. OTRAS PRESTACIONES ECONÓMICAS
2024;312A;Asistencia hospitalaria en las Fuerzas Armadas;178.236,75;31. SANIDAD
2024;312E;Asistencia sanitaria del Mutualismo Administrativo;758.956,87;31. SANIDAD
2024;42KD;C11.I04 Plan de Transición Energética en la Administración General del Estado;159.592,89;42. INDUSTRIA Y ENERGÍA
2024;464A;Investigación y estudios de las Fuerzas Armadas;232.101,48;46. INVESTIGACIÓN, DESARROLLO, INNOVACIÓN Y DIGITALIZACIÓN
2024;912Q;Asesoramiento para la protección de los intereses nacionales;334.108,04;91. ÓRGANOS CONSTITUCIONALES, GOBIERNO Y OTROS
2024;931P;Control interno y Contabilidad Pública;62,13;93. ADMINISTRACIÓN FINANCIERA Y TRIBUTARIA
2024;000X;Transferencias y libramientos internos (Sección: 14 MINISTERIO DE DEFENSA);395.406,29;93. ADMINISTRACIÓN FINANCIERA Y TRIBUTARIA
2024;337B;Conservación y restauración de bienes culturales;8.027,14;33. CULTURA
2024;42KD;C11.I04 Plan de Transición Energética en la Administración General del Estado;30.410,76;42. INDUSTRIA Y ENERGÍA
2024;422A;Incentivos regionales a la localización industrial;144.055,26;42. INDUSTRIA Y ENERGÍA
2024;462N;Investigación y estudios estadísticos y económicos;6.512,02;46. INVESTIGACIÓN, DESARROLLO, INNOVACIÓN Y DIGITALIZACIÓN
2024;467G;Investigación y desarrollo de la Sociedad de la Información;14.851,76;46. INVESTIGACIÓN, DESARROLLO, INNOVACIÓN Y DIGITALIZACIÓN
2024;492N;Regulación y vigilancia de la competencia en el Mercado de Tabacos;8.717,91;49. OTRAS ACTUACIONES DE CARÁCTER ECONÓMICO
2024;92SC;C19.I03 Competencias digitales para el empleo. Servicios de carácter general;2.941,00;92. SERVICIOS DE CARÁCTER GENERAL
2024;921T;Servicios de transportes de Ministerios;48.534,32;92. SERVICIOS DE CARÁCTER GENERAL
2024;922N;Coordinación y relaciones financieras con los Entes Territoriales;16.008.898,70;92. SERVICIOS DE CARÁCTER GENERAL
2024;923A;Gestión del Patrimonio del Estado;226.782,29;92. SERVICIOS DE CARÁCTER GENERAL
2024;923M;Dirección y Servicios Generales de Hacienda y Función Pública;1.089.651,47;92. SERVICIOS DE CARÁCTER GENERAL
2024;923N;Formación del personal de Economía y Hacienda;25.120,06;92. SERVICIOS DE CARÁCTER GENERAL
2024;93KE;C11.I05 Transformación de la Administración para la Ejecución del PRTR. Administración Financiera y Tributaria;467,00;93. ADMINISTRACIÓN FINANCIERA Y TRIBUTARIA
2024;931N;Política presupuestaria;77.089,23;93. ADMINISTRACIÓN FINANCIERA Y TRIBUTARIA
2024;931O;Política tributaria;5.969,21;93. ADMINISTRACIÓN FINANCIERA Y TRIBUTARIA
2024;931P;Control interno y Contabilidad Pública;92.289,02;93. ADMINISTRACIÓN FINANCIERA Y TRIBUTARIA
2024;931Q;Control y Supervisión de la Política Fiscal;10.578,90;93. ADMINISTRACIÓN FINANCIERA Y TRIBUTARIA
2024;932A;Aplicación del sistema tributario estatal;1.395.873,89;93. ADMINISTRACIÓN FINANCIERA Y TRIBUTARIA
2024;932M;Gestión del catastro inmobiliario;114.037,93;93. ADMINISTRACIÓN FINANCIERA Y TRIBUTARIA
2024;932N;Resolución de reclamaciones económico-administrativas;31.297,26;93. ADMINISTRACIÓN FINANCIERA Y TRIBUTARIA
2024;000X;Transferencias y libramientos internos (Sección: 15 MINISTERIO DE HACIENDA);1.421.979,15;93. ADMINISTRACIÓN FINANCIERA Y TRIBUTARIA
2024;131M;Dirección y Servicios Generales de Seguridad y Protección Civil;442.583,55;13. SEGURIDAD CIUDADANA E INSTITUCIONES PENITENCIARIAS
2024;131N;Formación de Fuerzas y Cuerpos de Seguridad del Estado;178.908,67;13. SEGURIDAD CIUDADANA E INSTITUCIONES PENITENCIARIAS
2024;131O;Fuerzas y Cuerpos en reserva;304.720,15;13. SEGURIDAD CIUDADANA E INSTITUCIONES PENITENCIARIAS
2024;131P;Derecho de asilo y apátridas;16.202,48;13. SEGURIDAD CIUDADANA E INSTITUCIONES PENITENCIARIAS
2024;132A;Seguridad ciudadana;7.417.008,17;13. SEGURIDAD CIUDADANA E INSTITUCIONES PENITENCIARIAS
2024;132B;Seguridad vial;843.692,10;13. SEGURIDAD CIUDADANA E INSTITUCIONES PENITENCIARIAS
2024;132C;Actuaciones policiales en materia de droga;108.468,89;13. SEGURIDAD CIUDADANA E INSTITUCIONES PENITENCIARIAS
2024;133A;Centros e Instituciones Penitenciarias;1.326.257,79;13. SEGURIDAD CIUDADANA E INSTITUCIONES PENITENCIARIAS
2024;134M;Protección Civil;16.749,71;13. SEGURIDAD CIUDADANA E INSTITUCIONES PENITENCIARIAS
2024;924M;Elecciones y Partidos Políticos;461.567,98;92. SERVICIOS DE CARÁCTER GENERAL
2024;000X;Transferencias y libramientos internos (Sección: 16 MINISTERIO DEL INTERIOR);142.301,22;92. SERVICIOS DE CARÁCTER GENERAL
2024;441M;Subvenciones y apoyo al transporte terrestre;2.604.241,89;44. INFRAESTRUCTURAS
2024;441N;Subvenciones y apoyo al transporte marítimo;183.948,92;44. INFRAESTRUCTURAS
2024;441O;Subvenciones y apoyo al transporte aéreo;573.860,05;44. INFRAESTRUCTURAS
2024;441P;Subvenciones al transporte extrapeninsular de mercancías;84.279,24;44. INFRAESTRUCTURAS
2024;45AA;C01.I01 Zonas de bajas emisiones y transformación del transporte urbano y metropolitano. Infraestructuras y Ecosistemas Resilientes;987.148,53;45. INFRAESTRUCTURAS Y ECOSISTEMAS RESILIENTES
2024;45AC;C01.I03 Actuaciones de mejora de la calidad y fiabilidad en el servicio de Cercanías.;358.989,77;45. INFRAESTRUCTURAS Y ECOSISTEMAS RESILIENTES
2024;45FA;C06.I01 Red nacional de transporte: Corredores europeos.;236.816,02;45. INFRAESTRUCTURAS Y ECOSISTEMAS RESILIENTES
2024;45FB;C06.I02 Red Transeuropea de Transporte. Otras actuaciones. Infraestructuras y Ecosistemas Resilientes;514.984,74;45. INFRAESTRUCTURAS Y ECOSISTEMAS RESILIENTES
2024;45FC;C06.I03 Intermodalidad y logística;316.681,12;45. INFRAESTRUCTURAS Y ECOSISTEMAS RESILIENTES
2024;45FD;C06.I04 Programa de apoyo para un transporte sostenible y digital;132.000,00;45. INFRAESTRUCTURAS Y ECOSISTEMAS RESILIENTES
2024;45SC;C19.I03 Competencias digitales para el empleo. Transportes y Movilidad.;11.500,00;45. INFRAESTRUCTURAS Y ECOSISTEMAS RESILIENTES
2024;451M;Estudios y servicios de asistencia técnica en Obras Públicas y Urbanismo;33.395,55;45. INFRAESTRUCTURAS Y ECOSISTEMAS RESILIENTES
2024;451N;Dirección y Servicios Generales de Transportes y Movilidad Sostenible;439.055,61;45. INFRAESTRUCTURAS Y ECOSISTEMAS RESILIENTES
2024;453A;Infraestructura del transporte ferroviario;1.733.244,11;45. INFRAESTRUCTURAS Y ECOSISTEMAS RESILIENTES
2024;453B;Creación de infraestructura de carreteras;1.593.547,10;45. INFRAESTRUCTURAS Y ECOSISTEMAS RESILIENTES
2024;453C;Conservación y explotación de carreteras;1.208.409,41;45. INFRAESTRUCTURAS Y ECOSISTEMAS RESILIENTES
2024;453M;Ordenación e inspección del transporte terrestre;24.304,79;45. INFRAESTRUCTURAS Y ECOSISTEMAS RESILIENTES
2024;453N;Regulación y supervisión de la seguridad ferroviaria;16.463,52;45. INFRAESTRUCTURAS Y ECOSISTEMAS RESILIENTES
2024;453O;Comisión de Investigación de Accidentes Ferroviarios;516,15;45. INFRAESTRUCTURAS Y ECOSISTEMAS RESILIENTES
2024;454M;Regulación y seguridad del tráfico marítimo;36.829,51;45. INFRAESTRUCTURAS Y ECOSISTEMAS RESILIENTES
2024;454O;Comisión de Investigación de Accidentes e Incidentes Marítimos;2.687,18;45. INFRAESTRUCTURAS Y ECOSISTEMAS RESILIENTES
2024;455M;Regulación y supervisión de la aviación civil;92.932,63;45. INFRAESTRUCTURAS Y ECOSISTEMAS RESILIENTES
2024;455O;Comisión de Investigación de Accidentes e Incidentes de Aviación Civil;1.762,85;45. INFRAESTRUCTURAS Y ECOSISTEMAS RESILIENTES
2024;46AA;C01.I01 Zonas de bajas emisiones y transformación del transporte urbano y metropolitano. I+D+i+Digitalización;2.580,17;46. INVESTIGACIÓN, DESARROLLO, INNOVACIÓN Y DIGITALIZACIÓN
2024;46FB;C06.I02 Red Transeuropea de Transporte. Otras actuaciones. I+D+i+Digitalización;30.284,54;46. INVESTIGACIÓN, DESARROLLO, INNOVACIÓN Y DIGITALIZACIÓN
2024;46QC;C17.I03 Nuevos proyectos I+D+I Publico Privados, Interdisciplinares, Pruebas de concepto y concesión de ayudas consecuencia de convocatorias competitivas internacionales. I+D de vanguardia orientada a retos de la sociedad. Compra pública pre-comercial.;4,47;46. INVESTIGACIÓN, DESARROLLO, INNOVACIÓN Y DIGITALIZACIÓN
2024;467B;Investigación, desarrollo y experimentación en transporte e infraestructuras;1.000,00;46. INVESTIGACIÓN, DESARROLLO, INNOVACIÓN Y DIGITALIZACIÓN
2024;467G;Investigación y desarrollo de la Sociedad de la Información;980,00;46. INVESTIGACIÓN, DESARROLLO, INNOVACIÓN Y DIGITALIZACIÓN
2024;495A;Desarrollo y aplicación de la información geográfica española;45.961,78;49. OTRAS ACTUACIONES DE CARÁCTER ECONÓMICO
2024;497M;Salvamento y lucha contra la contaminación en la mar;189.760,00;49. OTRAS ACTUACIONES DE CARÁCTER ECONÓMICO
2024;000X;Transferencias y libramientos internos (Sección: 17 MINISTERIO DE TRANSPORTES Y MOVILIDAD SOSTENIBLE);141.080,75;49. OTRAS ACTUACIONES DE CARÁCTER ECONÓMICO
2024;14SB;C19.I02 Transformación Digital de la Educación. Política Exterior;324,11;14. POLÍTICA EXTERIOR Y DE COOPERACIÓN PARA EL DESARROLLO
2024;144B;Cooperación, promoción y difusión educativa en el exterior;11.243,25;14. POLÍTICA EXTERIOR Y DE COOPERACIÓN PARA EL DESARROLLO
2024;24TA;C20.I01 Reskilling y upskilling de la población activa ligado a cualificaciones profesionales. Fomento del Empleo;73.500,00;24. FOMENTO DEL EMPLEO
2024;241B;Formación Profesional para el Empleo;1.178.386,26;24. FOMENTO DEL EMPLEO
2024;32SA;C19.I01 Competencias digitales transversales. Educación;42.000,00;32. EDUCACIÓN
2024;32SB;C19.I02 Transformación Digital de la Educación. Educación;59.804,01;32. EDUCACIÓN
2024;32TA;C20.I01 Reskilling y upskilling de la población activa ligado a cualificaciones profesionales. Educación;438.800,42;32. EDUCACIÓN
2024;32TB;C20.I02 Transformación Digital de la Formación Profesional;143.059,87;32. EDUCACIÓN
2024;32TC;C20.I03 Innovación e internacionalización de la formación profesional;193.203,23;32. EDUCACIÓN
2024;32TR;C20.R01 Plan de modernización de la Formación Profesional;400,00;32. EDUCACIÓN
2024;32UA;C21.I01 Creación de plazas del Primer Ciclo de Educación Infantil de titularidad pública (prioritariamente de 1 y 2 años): Reforma/rehabilitación y equipamiento para nuevas unidades; nueva construcción y equipamiento; y, gastos de personal y otros gastos.;136.210,00;32. EDUCACIÓN
2024;32UB;C21.I02 Programa de Orientación, Avance y Enriquecimiento Educativo en centros de especial complejidad educativa (Programa #PROA+).;120.626,50;32. EDUCACIÓN
2024;32UC;C21.I03 Creación de Unidades de Acompañamiento y Orientación Personal y Familiar del alumnado educativamente vulnerable, en los servicios educativos o psicopedagógicos situados en zonas y distritos escolares.;55.934,92;32. EDUCACIÓN
2024;32US;C21.R02 Diseño y aplicación de nuevo modelo curricular por competencias clave, priorizando aprendizajes fundamentales, y regulación de una ordenación académica inclusiva;400,00;32. EDUCACIÓN
2024;321M;Dirección y Servicios Generales de Educación, Formación Profesional y Deportes;84.675,71;32. EDUCACIÓN
2024;321N;Formación permanente del profesorado de Educación;1.847,44;32. EDUCACIÓN
2024;322A;Educación Infantil y Primaria;194.695,38;32. EDUCACIÓN
2024;322B;Educación Secundaria, Formación Profesional y Escuelas Oficiales de Idiomas;583.748,50;32. EDUCACIÓN
2024;322E;Enseñanzas artísticas;4.757,97;32. EDUCACIÓN
2024;322F;Educación en el exterior;110.156,67;32. EDUCACIÓN
2024;322G;Educación compensatoria;4.144,07;32. EDUCACIÓN
2024;322L;Inversiones en centros educativos y otras actividades educativas;396.706,44;32. EDUCACIÓN
2024;323M;Becas y ayudas a estudiantes;2.549.784,10;32. EDUCACIÓN
2024;33ZA;C26.I01 Plan de Digitalización del Sector Deporte;57.391,93;33. CULTURA
2024;33ZB;C26.I02 Plan de Transición Ecológica de Instalaciones Deportivas;68.998,19;33. CULTURA
2024;33ZC;C26.I03 Plan Social del Sector Deporte;16.000,00;33. CULTURA
2024;336A;Fomento y apoyo de las actividades deportivas;248.585,87;33. CULTURA
2024;000X;Transferencias y libramientos internos (Sección: 18 MINISTERIO DE EDUCACIÓN, FORMACIÓN PROFESIONAL Y DEPORTES);346.404,45;33. CULTURA
2024;143A;Cooperación para el desarrollo;1.193,98;14. POLÍTICA EXTERIOR Y DE COOPERACIÓN PARA EL DESARROLLO
2024;223A;Prestaciones de garantía salarial;830.000,45;22. OTRAS PRESTACIONES ECONÓMICAS
2024;224A;Prestaciones económicas por cese de actividad;6.136,49;22. OTRAS PRESTACIONES ECONÓMICAS
2024;241A;Fomento de la inserción y estabilidad laboral;4.120.944,54;24. FOMENTO DEL EMPLEO
2024;241B;Formación Profesional para el Empleo;2.126.310,71;24. FOMENTO DEL EMPLEO
2024;241N;Desarrollo de la economía social y de la responsabilidad social de las empresas;9.811,48;24. FOMENTO DEL EMPLEO
2024;241O;Desarrollo del trabajo autónomo;6.839,16;24. FOMENTO DEL EMPLEO
2024;251M;Prestaciones a los desempleados;21.278.019,88;25. DESEMPLEO
2024;281M;Dirección y Servicios Generales de Trabajo y Economía Social;118.902,74;28. GESTIÓN Y ADMINISTRACIÓN DE TRABAJO Y ECONOMÍA SOCIAL
2024;291A;Inspección y control de Seguridad y Protección Social;203.130,84;29. GESTIÓN Y ADMINISTRACIÓN DE LA INCLUSIÓN, DE LA SEGURIDAD SOCIAL Y DE LA MIGRACIÓN
2024;494M;Administración de las relaciones laborales y condiciones de trabajo;80.568,51;49. OTRAS ACTUACIONES DE CARÁCTER ECONÓMICO
2024;912P;Asesoramiento del Gobierno en materia social, económica y laboral;9.220,85;91. ÓRGANOS CONSTITUCIONALES, GOBIERNO Y OTROS
2024;000X;Transferencias y libramientos internos (Sección: 19 MINISTERIO DE TRABAJO Y ECONOMÍA SOCIAL);564.232,62;91. ÓRGANOS CONSTITUCIONALES, GOBIERNO Y OTROS
2024;42LB;C12.I02 Programa de impulso de la Competitividad y Sostenibilidad Industrial e I+D+i;1.000.000,00;42. INDUSTRIA Y ENERGÍA
2024;42MA;C13.I01 Emprendimiento. Industria;3.000,00;42. INDUSTRIA Y ENERGÍA
2024;421M;Dirección y Servicios Generales de Industria y Turismo;67.297,23;42. INDUSTRIA Y ENERGÍA
2024;421N;Regulación y protección de la Propiedad Industrial;53.424,74;42. INDUSTRIA Y ENERGÍA
2024;421O;Calidad y seguridad industrial;3.775,88;42. INDUSTRIA Y ENERGÍA
2024;422B;Desarrollo industrial;334.350,81;42. INDUSTRIA Y ENERGÍA
2024;422M;Reconversión y reindustrialización;652.774,86;42. INDUSTRIA Y ENERGÍA
2024;43MA;C13.I01 Emprendimiento. PYMES;44.800,00;43. COMERCIO, TURISMO Y PYMES
2024;43MB;C13.I02 Crecimiento. PYMES;198.000,00;43. COMERCIO, TURISMO Y PYMES
2024;43MC;C13.I03 Digitalización e Innovación I. PYMES;65.000,00;43. COMERCIO, TURISMO Y PYMES
2024;43NA;C14.I01 Transformación del modelo turístico hacia la sostenibilidad.;497.000,00;43. COMERCIO, TURISMO Y PYMES
2024;43NB;C14.I02 Programa de digitalización e inteligencia para destinos y sector turístico. Comercio, Turismo y PYMES;10.000,00;43. COMERCIO, TURISMO Y PYMES
2024;43NC;C14.I03 Estrategias de resiliencia turística para territorios extrapeninsulares.;64.000,00;43. COMERCIO, TURISMO Y PYMES
2024;43ND;C14.I04 Actuaciones especiales en el ámbito de la competitividad.;208.400,00;43. COMERCIO, TURISMO Y PYMES
2024;432A;Coordinación y promoción del turismo;270.076,89;43. COMERCIO, TURISMO Y PYMES
2024;433M;Apoyo a la pequeña y mediana empresa;142.320,09;43. COMERCIO, TURISMO Y PYMES
2024;46LB;C12.I02 Programa de impulso de la Competitividad y Sostenibilidad Industrial. I+D+i+Digitalización;2.898.670,00;46. INVESTIGACIÓN, DESARROLLO, INNOVACIÓN Y DIGITALIZACIÓN
2024;46NB;C14.I02 Programa de digitalización e inteligencia para destinos y sector turístico. I+D+i+Digitalización;42.000,00;46. INVESTIGACIÓN, DESARROLLO, INNOVACIÓN Y DIGITALIZACIÓN
2024;46SC;C19.I03 Competencias digitales para el empleo. I+D+i+Digitalización;54.000,00;46. INVESTIGACIÓN, DESARROLLO, INNOVACIÓN Y DIGITALIZACIÓN
2024;464B;Apoyo a la innovación tecnológica en el sector de la defensa;1.601.150,14;46. INVESTIGACIÓN, DESARROLLO, INNOVACIÓN Y DIGITALIZACIÓN
2024;467C;Investigación y desarrollo tecnológico-industrial;278.840,00;46. INVESTIGACIÓN, DESARROLLO, INNOVACIÓN Y DIGITALIZACIÓN
2024;49LB;C12.I02 Programa de impulso de la Competitividad y Sostenibilidad Industrial. Otras Actuaciones de Carácter Económico;7.410,00;49. OTRAS ACTUACIONES DE CARÁCTER ECONÓMICO
2024;495C;Metrología;10.072,09;49. OTRAS ACTUACIONES DE CARÁCTER ECONÓMICO
2024;921U;Publicaciones;180,00;92. SERVICIOS DE CARÁCTER GENERAL
2024;000X;Transferencias y libramientos internos (Sección: 20 MINISTERIO DE INDUSTRIA Y TURISMO);101.990,39;92. SERVICIOS DE CARÁCTER GENERAL
2024;411M;Dirección y Servicios Generales de Agricultura, Pesca y Alimentación;135.896,33;41. AGRICULTURA, PESCA Y ALIMENTACIÓN
2024;412C;Competitividad y calidad de la producción y los mercados agrarios;58.454,27;41. AGRICULTURA, PESCA Y ALIMENTACIÓN
2024;412D;Competitividad y calidad de la sanidad agraria;46.690,50;41. AGRICULTURA, PESCA Y ALIMENTACIÓN
2024;412M;Regulación de los mercados agrarios;5.787.297,25;41. AGRICULTURA, PESCA Y ALIMENTACIÓN
2024;413A;Competitividad industria agroalimentaria y calidad alimentaria;34.387,25;41. AGRICULTURA, PESCA Y ALIMENTACIÓN
2024;414A;Gestión de recursos hídricos para el regadío, caminos naturales y otras infraestructuras rurales;157.022,57;41. AGRICULTURA, PESCA Y ALIMENTACIÓN
2024;414B;Desarrollo del medio rural;1.782.545,38;41. AGRICULTURA, PESCA Y ALIMENTACIÓN
2024;415A;Protección de los recursos pesqueros y desarrollo sostenible;24.370,64;41. AGRICULTURA, PESCA Y ALIMENTACIÓN
2024;415B;Mejora de estructuras y mercados pesqueros;62.344,16;41. AGRICULTURA, PESCA Y ALIMENTACIÓN
2024;416A;Previsión de riesgos en las producciones agrarias y pesqueras;322.974,30;41. AGRICULTURA, PESCA Y ALIMENTACIÓN
2024;000X;Transferencias y libramientos internos (Sección: 21 MINISTERIO DE AGRICULTURA, PESCA Y ALIMENTACIÓN);357.218,03;41. AGRICULTURA, PESCA Y ALIMENTACIÓN
2024;921M;Dirección y Servicios Generales de Política Territorial y Memoria Democrática;41.363,67;92. SERVICIOS DE CARÁCTER GENERAL
2024;921P;Administración General del Estado en el Territorio;285.864,80;92. SERVICIOS DE CARÁCTER GENERAL
2024;922M;Organización territorial del Estado y desarrollo de sus sistemas de colaboración;11.759,09;92. SERVICIOS DE CARÁCTER GENERAL
2024;925M;Memoria democrática;13.952,00;92. SERVICIOS DE CARÁCTER GENERAL
2024;942A;Cooperación económica local del Estado;58.439,33;94. TRANSFERENCIAS A OTRAS ADMINISTRACIONES PÚBLICAS
2024;42AB;C01.I02 Plan de incentivos a la instalación de puntos de recarga, a la adquisición de vehículos eléctricos y de pila de combustible y a la innovación en electromovilidad, recarga e hidrógeno verde;455.000,00;42. INDUSTRIA Y ENERGÍA
2024;42BC;C02.I03 Programa de rehabilitación energética de edificios (PREE);300.000,00;42. INDUSTRIA Y ENERGÍA
2024;42BD;C02.I04 Programa de regeneración y reto demográfico;225.000,00;42. INDUSTRIA Y ENERGÍA
2024;42GA;C07.I01 Desarrollo de energías renovables innovadoras, integradas en la edificación y en los procesos productivos;780.000,00;42. INDUSTRIA Y ENERGÍA
2024;42GB;C07.I02 Energía sostenible en las islas;25.000,00;42. INDUSTRIA Y ENERGÍA
2024;42HA;C08.I01 Despliegue del almacenamiento energético;93.747,41;42. INDUSTRIA Y ENERGÍA
2024;42HB;C08.I02 Digitalización de las redes;150.000,00;42. INDUSTRIA Y ENERGÍA
2024;42HC;C08.I03 Nuevos modelos de negocio en la transición energética;56.000,00;42. INDUSTRIA Y ENERGÍA
2024;42IA;C09.I01 Hidrógeno renovable: un proyecto país;672.817,00;42. INDUSTRIA Y ENERGÍA
2024;42JA;C10.I01 Inversiones en transición justa;169.252,59;42. INDUSTRIA Y ENERGÍA
2024;42KD;C11.I04 Plan de Transición Energética en la Administración General del Estado;1.346,60;42. INDUSTRIA Y ENERGÍA
2024;423N;Explotación minera;14.409,04;42. INDUSTRIA Y ENERGÍA
2024;424M;Seguridad nuclear y protección radiológica;47.931,69;42. INDUSTRIA Y ENERGÍA
2024;425A;Normativa y desarrollo energético;825.966,42;42. INDUSTRIA Y ENERGÍA
2024;45DA;C04.I01 Digitalización y conocimientos del patrimonio natural;49.828,41;45. INFRAESTRUCTURAS Y ECOSISTEMAS RESILIENTES
2024;45DB;C04.I02 Conservación de la biodiversidad terrestre marina;154.314,68;45. INFRAESTRUCTURAS Y ECOSISTEMAS RESILIENTES
2024;45DC;C04.I03 Restauración de ecosistemas e infraestructura verde;94.679,21;45. INFRAESTRUCTURAS Y ECOSISTEMAS RESILIENTES
2024;45DD;C04.I04 Gestión forestal sostenible;97.340,03;45. INFRAESTRUCTURAS Y ECOSISTEMAS RESILIENTES
2024;45EA;C05.I01 Materialización de actuaciones de depuración, saneamiento, eficiencia, ahorro, reutilización y seguridad de infraestructuras (DSEAR);187.000,00;45. INFRAESTRUCTURAS Y ECOSISTEMAS RESILIENTES
2024;45EB;C05.I02 Seguimiento y restauración de ecosistemas fluviales, recuperación de acuíferos y mitigación del riesgo de inundación;497.980,19;45. INFRAESTRUCTURAS Y ECOSISTEMAS RESILIENTES
2024;45EC;C05.I03 Transición digital en el sector del agua. Infraestructuras y Ecosistemas Resilientes.;370.000,00;45. INFRAESTRUCTURAS Y ECOSISTEMAS RESILIENTES
2024;45ED;C05.I04 Adaptación de la costa al cambio climático e implementación de las Estrategias Marinas y de los planes de ordenación del espacio marítimo;136.733,33;45. INFRAESTRUCTURAS Y ECOSISTEMAS RESILIENTES
2024;45LC;C12.I03 Plan de apoyo a la implementación de la normativa de residuos y al fomento de la economía circular;250.000,00;45. INFRAESTRUCTURAS Y ECOSISTEMAS RESILIENTES
2024;45SA;C19.I01 Competencias digitales transversales. Transición Ecológica;90.000,00;45. INFRAESTRUCTURAS Y ECOSISTEMAS RESILIENTES
2024;451O;Dirección y Servicios Generales para la Transición Ecológica y el Reto Demográfico;113.240,45;45. INFRAESTRUCTURAS Y ECOSISTEMAS RESILIENTES
2024;452A;Gestión e infraestructuras del agua;1.287.050,80;45. INFRAESTRUCTURAS Y ECOSISTEMAS RESILIENTES
2024;452M;Normativa y ordenación territorial de los recursos hídricos;396.494,97;45. INFRAESTRUCTURAS Y ECOSISTEMAS RESILIENTES
2024;456A;Calidad del agua;264.690,36;45. INFRAESTRUCTURAS Y ECOSISTEMAS RESILIENTES
2024;456B;Protección y mejora del medio ambiente;25.174,88;45. INFRAESTRUCTURAS Y ECOSISTEMAS RESILIENTES
2024;456C;Protección y mejora del medio natural;285.053,02;45. INFRAESTRUCTURAS Y ECOSISTEMAS RESILIENTES
2024;456D;Actuación en la costa;96.655,45;45. INFRAESTRUCTURAS Y ECOSISTEMAS RESILIENTES
2024;456E;Reto demográfico y lucha contra la despoblación;71.645,08;45. INFRAESTRUCTURAS Y ECOSISTEMAS RESILIENTES
2024;456M;Actuaciones para la prevención de la contaminación y el cambio climático;28.647,15;45. INFRAESTRUCTURAS Y ECOSISTEMAS RESILIENTES
2024;456N;Transición justa;332.133,18;45. INFRAESTRUCTURAS Y ECOSISTEMAS RESILIENTES
2024;49EC;C05.I03 Transición digital en el sector del agua. Otras actuaciones de carácter económico.;85.957,32;49. OTRAS ACTUACIONES DE CARÁCTER ECONÓMICO
2024;495B;Meteorología;131.258,14;49. OTRAS ACTUACIONES DE CARÁCTER ECONÓMICO
2024;000X;Transferencias y libramientos internos (Sección: 23 MINISTERIO PARA LA TRANSICIÓN ECOLÓGICA Y EL RETO DEMOGRÁFICO);4.338.845,48;49. OTRAS ACTUACIONES DE CARÁCTER ECONÓMICO
2024;144A;Cooperación, promoción y difusión cultural en el exterior;10.290,77;14. POLÍTICA EXTERIOR Y DE COOPERACIÓN PARA EL DESARROLLO
2024;321M;Dirección y Servicios Generales de Educación, Formación Profesional y Deportes;1.744,00;32. EDUCACIÓN
2024;322L;Inversiones en centros educativos y otras actividades educativas;15.684,62;32. EDUCACIÓN
2024;331M;Dirección y Servicios Generales de Cultura;56.186,31;33. CULTURA
2024;332A;Archivos;47.711,03;33. CULTURA
2024;332B;Bibliotecas;65.117,55;33. CULTURA
2024;333A;Museos;233.529,79;33. CULTURA
2024;333B;Exposiciones;1.594,29;33. CULTURA
2024;334A;Promoción y cooperación cultural;289.034,24;33. CULTURA
2024;334B;Promoción del libro y publicaciones culturales;13.892,06;33. CULTURA
2024;334C;Fomento de las industrias culturales;17.172,29;33. CULTURA
2024;335A;Música y danza;122.626,25;33. CULTURA
2024;335B;Teatro;60.216,85;33. CULTURA
2024;335C;Cinematografía;167.143,50;33. CULTURA
2024;337B;Conservación y restauración de bienes culturales;38.806,93;33. CULTURA
2024;337C;Protección del Patrimonio Histórico;13.796,61;33. CULTURA
2024;000X;Transferencias y libramientos internos (Sección: 24 MINISTERIO DE CULTURA);499.735,01;33. CULTURA
2024;26BA;C02.I01 Programa de rehabilitación para la recuperación económica y social en entornos residenciales;1.980.000,00;26. ACCESO A LA VIVIENDA Y FOMENTO DE LA EDIFICACIÓN
2024;26BB;C02.I02 Programa de construcción de viviendas en alquiler social en edificios energéticamente eficientes;500.000,00;26. ACCESO A LA VIVIENDA Y FOMENTO DE LA EDIFICACIÓN
2024;261M;Dirección y Servicios Generales de Vivienda y Agenda Urbana;4.254,00;26. ACCESO A LA VIVIENDA Y FOMENTO DE LA EDIFICACIÓN
2024;261N;Promoción, administración y ayudas para rehabilitación y acceso a vivienda;959.516,75;26. ACCESO A LA VIVIENDA Y FOMENTO DE LA EDIFICACIÓN
2024;261O;Ordenación y fomento de la edificación;30.441,82;26. ACCESO A LA VIVIENDA Y FOMENTO DE LA EDIFICACIÓN
2024;261P;Urbanismo y política del suelo;6.722,08;26. ACCESO A LA VIVIENDA Y FOMENTO DE LA EDIFICACIÓN
2024;000X;Transferencias y libramientos internos (Sección: 25 MINISTERIO DE VIVIENDA Y AGENDA URBANA);900,00;26. ACCESO A LA VIVIENDA Y FOMENTO DE LA EDIFICACIÓN
2024;231A;Plan Nacional sobre Drogas;15.111,84;23. SERVICIOS SOCIALES Y PROMOCIÓN SOCIAL
2024;311M;Dirección y Servicios Generales de Sanidad;40.038,93;31. SANIDAD
2024;311O;Políticas de Salud y Ordenación Profesional;7.805,72;31. SANIDAD
2024;313A;Prestaciones sanitarias y farmacia;206.254,92;31. SANIDAD
2024;313B;Salud pública, sanidad exterior y calidad;717.153,09;31. SANIDAD
2024;313D;Donación y trasplante de órganos, tejidos y células;6.456,76;31. SANIDAD
2024;313E;Salud Digital, Información e Innovación del Sistema Nacional de Salud;28.965,88;31. SANIDAD
2024;000X;Transferencias y libramientos internos (Sección: 26 MINISTERIO DE SANIDAD);337.154,73;31. SANIDAD
2024;425A;Normativa y desarrollo energético;3.514.141,75;42. INDUSTRIA Y ENERGÍA
2024;43MD;C13.I04 Apoyo al Comercio;123.150,00;43. COMERCIO, TURISMO Y PYMES
2024;43ME;C13.I05 Internacionalización. PYMES;1.042.350,00;43. COMERCIO, TURISMO Y PYMES
2024;431A;Promoción comercial e internacionalización de la empresa;409.450,62;43. COMERCIO, TURISMO Y PYMES
2024;431N;Ordenación del comercio exterior;9.832,45;43. COMERCIO, TURISMO Y PYMES
2024;431O;Ordenación y modernización de las estructuras comerciales;10.604,07;43. COMERCIO, TURISMO Y PYMES
2024;491N;Servicio postal universal;110.000,00;49. OTRAS ACTUACIONES DE CARÁCTER ECONÓMICO
2024;492M;Defensa de la competencia en los mercados y regulación de sectores productivos;62.292,65;49. OTRAS ACTUACIONES DE CARÁCTER ECONÓMICO
2024;493M;Dirección, control y gestión de seguros;18.938,42;49. OTRAS ACTUACIONES DE CARÁCTER ECONÓMICO
2024;493O;Regulación contable y de auditorías;10.514,31;49. OTRAS ACTUACIONES DE CARÁCTER ECONÓMICO
2024;92KA;C11.I01 Modernización de la Administración General del Estado. Servicios de carácter general;2.606,83;92. SERVICIOS DE CARÁCTER GENERAL
2024;923C;Elaboración y difusión estadística;192.789,17;92. SERVICIOS DE CARÁCTER GENERAL
2024;923O;Gestión de la Deuda y de la Tesorería del Estado;61.192,03;92. SERVICIOS DE CARÁCTER GENERAL
2024;923P;Relaciones con Instituciones Financieras Multilaterales;519.834,66;92. SERVICIOS DE CARÁCTER GENERAL
2024;923Q;Dirección y Servicios Generales de Economía, Comercio y Empresa;69.595,04;92. SERVICIOS DE CARÁCTER GENERAL
2024;931M;Previsión y política económica;20.307,86;93. ADMINISTRACIÓN FINANCIERA Y TRIBUTARIA
2024;000X;Transferencias y libramientos internos (Sección: 27 MINISTERIO DE ECONOMÍA, COMERCIO Y EMPRESA);222.116,48;93. ADMINISTRACIÓN FINANCIERA Y TRIBUTARIA
2024;143A;Cooperación para el desarrollo;3.110,00;14. POLÍTICA EXTERIOR Y DE COOPERACIÓN PARA EL DESARROLLO
2024;144B;Cooperación, promoción y difusión educativa en el exterior;2.038,41;14. POLÍTICA EXTERIOR Y DE COOPERACIÓN PARA EL DESARROLLO
2024;322C;Enseñanzas universitarias;146.290,06;32. EDUCACIÓN
2024;323M;Becas y ayudas a estudiantes;49.935,14;32. EDUCACIÓN
2024;45DA;C04.I01 Digitalización y conocimientos del patrimonio natural;29.032,55;45. INFRAESTRUCTURAS Y ECOSISTEMAS RESILIENTES
2024;45DC;C04.I03 Restauración de ecosistemas e infraestructura verde;440,00;45. INFRAESTRUCTURAS Y ECOSISTEMAS RESILIENTES
2024;45ED;C05.I04 Adaptación de la costa al cambio climático e implementación de las Estrategias Marinas y de los planes de ordenación del espacio marítimo;4.000,00;45. INFRAESTRUCTURAS Y ECOSISTEMAS RESILIENTES
2024;46OE;C15.I05 Despliegue de infraestructuras digitales transfronterizas. I+D+i+Digitalización;100.000,00;46. INVESTIGACIÓN, DESARROLLO, INNOVACIÓN Y DIGITALIZACIÓN
2024;46QA;C17.I01 Planes Complementarios con CCAA;60.254,66;46. INVESTIGACIÓN, DESARROLLO, INNOVACIÓN Y DIGITALIZACIÓN
2024;46QB;C17.I02 Fortalecimiento de las capacidades, infraestructuras y equipamientos de los agentes del SECTI;75.830,39;46. INVESTIGACIÓN, DESARROLLO, INNOVACIÓN Y DIGITALIZACIÓN
2024;46QC;C17.I03 Nuevos proyectos I+D+I Publico Privados, Interdisciplinares, Pruebas de concepto y concesión de ayudas consecuencia de convocatorias competitivas internacionales. I+D de vanguardia orientada a retos de la sociedad. Compra pública pre-comercial.;442.567,53;46. INVESTIGACIÓN, DESARROLLO, INNOVACIÓN Y DIGITALIZACIÓN
2024;46QD;C17.I04 Nueva carrera científica;219.010,00;46. INVESTIGACIÓN, DESARROLLO, INNOVACIÓN Y DIGITALIZACIÓN
2024;46QE;C17.I05 Reforma de capacidades del sistema nacional de ciencia, tecnología e innovación: Transferencia de conocimiento;41.948,01;46. INVESTIGACIÓN, DESARROLLO, INNOVACIÓN Y DIGITALIZACIÓN
2024;46QF;C17.I06 Reforma de capacidades del sistema nacional de ciencia, tecnología e innovación: Salud;424.243,05;46. INVESTIGACIÓN, DESARROLLO, INNOVACIÓN Y DIGITALIZACIÓN
2024;46QG;C17.I07 Reforma de capacidades del sistema nacional de ciencia, tecnología e innovación: Medioambiente, cambio climático y energía;6.858,00;46. INVESTIGACIÓN, DESARROLLO, INNOVACIÓN Y DIGITALIZACIÓN
2024;46QI;C17.I09 Reforma de capacidades del sistema nacional de ciencia, tecnología e innovación: Sector aeroespacial;240.000,00;46. INVESTIGACIÓN, DESARROLLO, INNOVACIÓN Y DIGITALIZACIÓN
2024;46UD;C21.I04 Formación y capacitación del personal docente e investigador;120.520,00;46. INVESTIGACIÓN, DESARROLLO, INNOVACIÓN Y DIGITALIZACIÓN
2024;46UE;C21.I05 Mejora de infraestructuras digitales, el equipamiento, las tecnologías, la docencia y la evaluación digitales universitarios;8.530,00;46. INVESTIGACIÓN, DESARROLLO, INNOVACIÓN Y DIGITALIZACIÓN
2024;461M;Dirección y Servicios Generales de Ciencia, Innovación y Universidades;57.627,29;46. INVESTIGACIÓN, DESARROLLO, INNOVACIÓN Y DIGITALIZACIÓN
2024;463A;Investigación científica;1.215.692,87;46. INVESTIGACIÓN, DESARROLLO, INNOVACIÓN Y DIGITALIZACIÓN
2024;463B;Fomento y coordinación de la investigación científica y técnica;3.016.096,85;46. INVESTIGACIÓN, DESARROLLO, INNOVACIÓN Y DIGITALIZACIÓN
2024;465A;Investigación sanitaria;330.087,45;46. INVESTIGACIÓN, DESARROLLO, INNOVACIÓN Y DIGITALIZACIÓN
2024;467C;Investigación y desarrollo tecnológico-industrial;1.487.455,58;46. INVESTIGACIÓN, DESARROLLO, INNOVACIÓN Y DIGITALIZACIÓN
2024;467H;Investigación energética, medioambiental y tecnológica;115.294,23;46. INVESTIGACIÓN, DESARROLLO, INNOVACIÓN Y DIGITALIZACIÓN
2024;000X;Transferencias y libramientos internos (Sección: 28 MINISTERIO DE CIENCIA, INNOVACIÓN Y UNIVERSIDADES);2.610.313,00;46. INVESTIGACIÓN, DESARROLLO, INNOVACIÓN Y DIGITALIZACIÓN
2024;231F;Otros servicios sociales del Estado;461.031,57;23. SERVICIOS SOCIALES Y PROMOCIÓN SOCIAL
2024;231G;Atención a la infancia y a las familias;3.112,98;23. SERVICIOS SOCIALES Y PROMOCIÓN SOCIAL
2024;232F;Derechos de los animales;7.481,71;23. SERVICIOS SOCIALES Y PROMOCIÓN SOCIAL
2024;239N;Dirección y Servicios Generales de Derechos Sociales y Agenda 2030;29.585,96;23. SERVICIOS SOCIALES Y PROMOCIÓN SOCIAL
2024;313C;Seguridad alimentaria y nutrición;19.544,39;31. SANIDAD
2024;492O;Protección y promoción de los derechos de los consumidores y usuarios;17.559,78;49. OTRAS ACTUACIONES DE CARÁCTER ECONÓMICO
2024;496M;Regulación del juego;12.364,60;49. OTRAS ACTUACIONES DE CARÁCTER ECONÓMICO
2024;498M;Dirección y Servicios Generales de Consumo;3.934,24;49. OTRAS ACTUACIONES DE CARÁCTER ECONÓMICO
2024;921Y;Agenda 2030;24.644,97;92. SERVICIOS DE CARÁCTER GENERAL
2024;000X;Transferencias y libramientos internos (Sección: 29 MINISTERIO DE DERECHOS SOCIALES, CONSUMO Y AGENDA 2030);3.691.988,95;92. SERVICIOS DE CARÁCTER GENERAL
2024;232B;Igualdad de oportunidades entre mujeres y hombres;231.591,48;23. SERVICIOS SOCIALES Y PROMOCIÓN SOCIAL
2024;232C;Actuaciones para la prevención integral de la violencia de género;259.716,89;23. SERVICIOS SOCIALES Y PROMOCIÓN SOCIAL
2024;232D;Igualdad de trato y diversidad;6.926,17;23. SERVICIOS SOCIALES Y PROMOCIÓN SOCIAL
2024;232M;Dirección y Servicios Generales de Igualdad;13.300,72;23. SERVICIOS SOCIALES Y PROMOCIÓN SOCIAL
2024;000X;Transferencias y libramientos internos (Sección: 30 MINISTERIO DE IGUALDAD);18.907,45;23. SERVICIOS SOCIALES Y PROMOCIÓN SOCIAL
2024;231G;Atención a la infancia y a las familias;41.382,66;23. SERVICIOS SOCIALES Y PROMOCIÓN SOCIAL
2024;232A;Promoción y servicios a la juventud;54.276,59;23. SERVICIOS SOCIALES Y PROMOCIÓN SOCIAL
2024;232N;Dirección y Servicios Generales de Juventud e Infancia;9.921,02;23. SERVICIOS SOCIALES Y PROMOCIÓN SOCIAL
2024;46SA;C19.I01 Competencias digitales transversales. I+D+i+Digitalización;97.000,00;46. INVESTIGACIÓN, DESARROLLO, INNOVACIÓN Y DIGITALIZACIÓN
2024;000X;Transferencias y libramientos internos (Sección: 31 MINISTERIO DE JUVENTUD E INFANCIA);12.558,86;46. INVESTIGACIÓN, DESARROLLO, INNOVACIÓN Y DIGITALIZACIÓN
2024;212A;Pensiones no contributivas y prestaciones asistenciales;4.100,00;21. PENSIONES
2024;219N;Gestión de pensiones de Clases Pasivas;4.967,04;21. PENSIONES
2024;231B;Acciones en favor de los emigrantes;60.502,19;23. SERVICIOS SOCIALES Y PROMOCIÓN SOCIAL
2024;231G;Atención a la infancia y a las familias;1.800,00;23. SERVICIOS SOCIALES Y PROMOCIÓN SOCIAL
2024;231H;Acciones en favor de los inmigrantes;745.412,85;23. SERVICIOS SOCIALES Y PROMOCIÓN SOCIAL
2024;232E;Análisis y definición de objetivos y políticas de Inclusión;2.751,84;23. SERVICIOS SOCIALES Y PROMOCIÓN SOCIAL
2024;291M;Dirección y Servicios Generales de la Inclusión, de la Seguridad Social y de la Migración;67.098,63;29. GESTIÓN Y ADMINISTRACIÓN DE LA INCLUSIÓN, DE LA SEGURIDAD SOCIAL Y DE LA MIGRACIÓN
2024;000X;Transferencias y libramientos internos (Sección: 32 MINISTERIO DE INCLUSIÓN, SEGURIDAD SOCIAL Y MIGRACIONES);44.726.975,67;29. GESTIÓN Y ADMINISTRACIÓN DE LA INCLUSIÓN, DE LA SEGURIDAD SOCIAL Y DE LA MIGRACIÓN
2024;222M;Prestaciones económicas del Mutualismo Administrativo;320.488,83;22. OTRAS PRESTACIONES ECONÓMICAS
2024;312E;Asistencia sanitaria del Mutualismo Administrativo;1.616.911,15;31. SANIDAD
2024;46KA;C11.I01 Modernización de la Administración General del Estado. I+D+i+Digitalización;233.393,17;46. INVESTIGACIÓN, DESARROLLO, INNOVACIÓN Y DIGITALIZACIÓN
2024;46LA;C12.I01 Espacios de datos sectoriales (contribución a proyectos tractores de digitalización de los sectores productivos estratégicos);400.000,00;46. INVESTIGACIÓN, DESARROLLO, INNOVACIÓN Y DIGITALIZACIÓN
2024;46MA;C13.I01 Emprendimiento. I+D+i+Digitalización;60.000,00;46. INVESTIGACIÓN, DESARROLLO, INNOVACIÓN Y DIGITALIZACIÓN
2024;46MC;C13.I03 Digitalización e Innovación I. I+D+i+Digitalización;1.322.000,00;46. INVESTIGACIÓN, DESARROLLO, INNOVACIÓN Y DIGITALIZACIÓN
2024;46NB;C14.I02 Programa de digitalización e inteligencia para destinos y sector turístico. I+D+i+Digitalización;100.000,00;46. INVESTIGACIÓN, DESARROLLO, INNOVACIÓN Y DIGITALIZACIÓN
2024;46OA;C15.I01 Favorecer la vertebración territorial mediante despliegue de redes: Extensión de la banda ancha ultrarrápida y cobertura en movilidad de 30 Mbps;256.000,00;46. INVESTIGACIÓN, DESARROLLO, INNOVACIÓN Y DIGITALIZACIÓN
2024;46OB;C15.I02 Refuerzo de conectividad en centros de referencia, motores socioeconómicos y proyectos tractores de digitalización sectorial;155.000,00;46. INVESTIGACIÓN, DESARROLLO, INNOVACIÓN Y DIGITALIZACIÓN
2024;46OC;C15.I03 Bonos de conectividad para PYMES y colectivos vulnerables;10.000,00;46. INVESTIGACIÓN, DESARROLLO, INNOVACIÓN Y DIGITALIZACIÓN
2024;46OD;C15.I04 Renovación y sostenibilidad de infraestructuras;20.000,00;46. INVESTIGACIÓN, DESARROLLO, INNOVACIÓN Y DIGITALIZACIÓN
2024;46OE;C15.I05 Despliegue de infraestructuras digitales transfronterizas. I+D+i+Digitalización;1.350.000,00;46. INVESTIGACIÓN, DESARROLLO, INNOVACIÓN Y DIGITALIZACIÓN
2024;46OG;C15.I07 Ciberseguridad: Fortalecimiento de las capacidades de ciudadanos, PYMES y profesionales; e Impulso del ecosistema del sector;131.620,00;46. INVESTIGACIÓN, DESARROLLO, INNOVACIÓN Y DIGITALIZACIÓN
2024;46PR;C16.R01 Estrategia Nacional de IA;86.600,00;46. INVESTIGACIÓN, DESARROLLO, INNOVACIÓN Y DIGITALIZACIÓN
2024;46RF;C18.I06 Data lake Sanitario;65.000,00;46. INVESTIGACIÓN, DESARROLLO, INNOVACIÓN Y DIGITALIZACIÓN
2024;46SA;C19.I01 Competencias digitales transversales. I+D+i+Digitalización;26.000,00;46. INVESTIGACIÓN, DESARROLLO, INNOVACIÓN Y DIGITALIZACIÓN
2024;46SD;C19.I04 Profesionales digitales;5.000,00;46. INVESTIGACIÓN, DESARROLLO, INNOVACIÓN Y DIGITALIZACIÓN
2024;46UE;C21.I05 Mejora de infraestructuras digitales, el equipamiento, las tecnologías, la docencia y la evaluación digitales universitarios;10.000,00;46. INVESTIGACIÓN, DESARROLLO, INNOVACIÓN Y DIGITALIZACIÓN
2024;461N;Dirección y Servicios Generales de Transformación Digital;31.047,97;46. INVESTIGACIÓN, DESARROLLO, INNOVACIÓN Y DIGITALIZACIÓN
2024;467G;Investigación y desarrollo de la Sociedad de la Información;88.706,06;46. INVESTIGACIÓN, DESARROLLO, INNOVACIÓN Y DIGITALIZACIÓN
2024;467I;Innovación tecnológica de las telecomunicaciones;204.073,49;46. INVESTIGACIÓN, DESARROLLO, INNOVACIÓN Y DIGITALIZACIÓN
2024;49OF;C15.I06 Despliegue del 5G: redes, cambio tecnológico e innovación;570.000,00;49. OTRAS ACTUACIONES DE CARÁCTER ECONÓMICO
2024;49OS;C15.R02 Hoja de ruta 5G: Gestión y asignación del espectro, reducción de cargas al despliegue, Ley de Ciberseguridad 5G y Apoyo a entidades locales;31.000,00;49. OTRAS ACTUACIONES DE CARÁCTER ECONÓMICO
2024;491M;Ordenación y promoción de las telecomunicaciones y de la Sociedad de la Información;37.503,94;49. OTRAS ACTUACIONES DE CARÁCTER ECONÓMICO
2024;92KC;C11.I03 Transformación Digital y Modernización de la AGE. Servicios de carácter general;5.599,56;92. SERVICIOS DE CARÁCTER GENERAL
2024;921N;Dirección y organización de la Administración Pública;20.518,24;92. SERVICIOS DE CARÁCTER GENERAL
2024;921O;Formación del personal de las Administraciones Públicas;117.298,53;92. SERVICIOS DE CARÁCTER GENERAL
2024;921X;Evaluación de la transparencia de la actividad pública;3.379,38;92. SERVICIOS DE CARÁCTER GENERAL
2024;94KC;C11.I03 Transformación Digital y Modernización de las CCAA y EELL. Transferencias a otras AA.PP.;221.300,00;94. TRANSFERENCIAS A OTRAS ADMINISTRACIONES PÚBLICAS
2024;000X;Transferencias y libramientos internos (Sección: 33 MINISTERIO PARA LA TRANSFORMACIÓN DIGITAL Y DE LA FUNCIÓN PÚBLICA);34.338,29;94. TRANSFERENCIAS A OTRAS ADMINISTRACIONES PÚBLICAS
2024;943M;Transferencias al Presupuesto General de la Unión Europea;17.778.850,00;94. TRANSFERENCIAS A OTRAS ADMINISTRACIONES PÚBLICAS
2024;943N;Cooperación a través del Fondo Europeo de Desarrollo y del Fondo Europeo de Apoyo a la Paz;264.000,00;94. TRANSFERENCIAS A OTRAS ADMINISTRACIONES PÚBLICAS
2024;929N;Fondo de contingencia de ejecución presupuestaria;3.964.420,00;92. SERVICIOS DE CARÁCTER GENERAL
2024;941N;Transferencias a Comunidades Autónomas por los Fondos de Compensación Interterritorial;582.430,00;94. TRANSFERENCIAS A OTRAS ADMINISTRACIONES PÚBLICAS
2024;453A;Infraestructura del transporte ferroviario;10.556,17;45. INFRAESTRUCTURAS Y ECOSISTEMAS RESILIENTES
2024;941O;Otras transferencias a Comunidades Autónomas;373.187,24;94. TRANSFERENCIAS A OTRAS ADMINISTRACIONES PÚBLICAS
2024;942N;Otras transferencias a Entidades Locales;1.907.392,86;94. TRANSFERENCIAS A OTRAS ADMINISTRACIONES PÚBLICAS
2024;941M;Transferencias a Comunidades Autónomas por participación en los ingresos del Estado;23.552.875,38;94. TRANSFERENCIAS A OTRAS ADMINISTRACIONES PÚBLICAS
2024;941O;Otras transferencias a Comunidades Autónomas;522.200,00;94. TRANSFERENCIAS A OTRAS ADMINISTRACIONES PÚBLICAS
2024;942M;Transferencias a Entidades Locales por participación en los ingresos del Estado;20.792.575,72;94. TRANSFERENCIAS A OTRAS ADMINISTRACIONES PÚBLICAS
2024;942N;Otras transferencias a Entidades Locales;220.319,43;94. TRANSFERENCIAS A OTRAS ADMINISTRACIONES PÚBLICAS
2024;211A;Pensiones contributivas de la Seguridad Social;159.688.815,85;21. PENSIONES
2024;212A;Pensiones no contributivas y prestaciones asistenciales;2.803.945,60;21. PENSIONES
2024;212C;Complementos por mínimos de las pensiones contributivas;7.261.170,00;21. PENSIONES
2024;219M;Gestión de las prestaciones económicas de Seguridad Social;424.705,10;21. PENSIONES
2024;221A;Ingreso mínimo vital y prestaciones familiares;4.193.128,43;22. OTRAS PRESTACIONES ECONÓMICAS
2024;221B;Subsidios de incapacidad temporal y otras prestaciones económicas de la Seguridad Social;16.792.938,29;22. OTRAS PRESTACIONES ECONÓMICAS
2024;224A;Prestaciones económicas por cese de actividad;51.111,21;22. OTRAS PRESTACIONES ECONÓMICAS
2024;23VA;C22.I01 Plan de apoyos y cuidados de larga duración: desinstitucionalización, equipamientos y tecnología.;2.460,47;23. SERVICIOS SOCIALES Y PROMOCIÓN SOCIAL
2024;231C;Servicios Sociales de la Seguridad Social a personas con discapacidad;44.558,39;23. SERVICIOS SOCIALES Y PROMOCIÓN SOCIAL
2024;231D;Servicios Sociales de la Seguridad Social a personas mayores;123.217,37;23. SERVICIOS SOCIALES Y PROMOCIÓN SOCIAL
2024;231E;Otros servicios sociales de la Seguridad Social;49.808,37;23. SERVICIOS SOCIALES Y PROMOCIÓN SOCIAL
2024;231I;Autonomía personal y atención a la dependencia;3.522.300,75;23. SERVICIOS SOCIALES Y PROMOCIÓN SOCIAL
2024;239M;Gestión de los servicios sociales de la Seguridad Social;60.097,81;23. SERVICIOS SOCIALES Y PROMOCIÓN SOCIAL
2024;29KB;C11.I02 Proyectos tractores de digitalización de la Administración General del Estado. Gestión y Administración de la Inclusión, de la Seguridad Social y de la Migración;139.500,00;29. GESTIÓN Y ADMINISTRACIÓN DE LA INCLUSIÓN, DE LA SEGURIDAD SOCIAL Y DE LA MIGRACIÓN
2024;29SC;C19.I03 Competencias digitales para el empleo. Gestión y Administración de la Inclusión, de la Seguridad Social y de la Migración;36.000,00;29. GESTIÓN Y ADMINISTRACIÓN DE LA INCLUSIÓN, DE LA SEGURIDAD SOCIAL Y DE LA MIGRACIÓN
2024;291M;Dirección y Servicios Generales de la Inclusión, de la Seguridad Social y de la Migración;6.695.288,35;29. GESTIÓN Y ADMINISTRACIÓN DE LA INCLUSIÓN, DE LA SEGURIDAD SOCIAL Y DE LA MIGRACIÓN
2024;31RC;C18.I03 Aumento de capacidades de respuesta ante crisis sanitarias. Sanidad;15.660,00;31. SANIDAD
2024;311M;Dirección y Servicios Generales de Sanidad;17.980,06;31. SANIDAD
2024;312B;Atención primaria de salud. Instituto Nacional de Gestión Sanitaria;79.385,39;31. SANIDAD
2024;312C;Atención especializada de salud. Instituto Nacional de Gestión Sanitaria;204.671,18;31. SANIDAD
2024;312D;Medicina marítima;39.241,77;31. SANIDAD
2024;312F;Atención primaria de salud de Mutuas colaboradoras con la Seguridad Social e Instituto Social de la Marina;997.383,21;31. SANIDAD
2024;312G;Atención especializada de salud de Mutuas colaboradoras con la Seguridad Social e Instituto Social de la Marina;486.583,80;31. SANIDAD
2024;322I;Enseñanzas especiales;2.951,96;32. EDUCACIÓN
2024;000X;Transferencias y libramientos internos (Sección: 60 SEGURIDAD SOCIAL);5.444.358,97;32. EDUCACIÓN
2025;911M;Jefatura del Estado;8.431,15;91. ÓRGANOS CONSTITUCIONALES, GOBIERNO Y OTROS
2025;911N;Actividad legislativa;268.007,17;91. ÓRGANOS CONSTITUCIONALES, GOBIERNO Y OTROS
2025;911O;Control externo del Sector Público;78.372,36;91. ÓRGANOS CONSTITUCIONALES, GOBIERNO Y OTROS
2025;911P;Control Constitucional;30.486,00;91. ÓRGANOS CONSTITUCIONALES, GOBIERNO Y OTROS
2025;912N;Alto asesoramiento del Estado;14.686,84;91. ÓRGANOS CONSTITUCIONALES, GOBIERNO Y OTROS
2025;951M;Amortización y gastos financieros de la deuda pública en euros;128.738.279,10;95. GASTOS FINANCIEROS DE LA DEUDA PUBLICA
2025;951N;Amortización y gastos financieros de la deuda pública en moneda extranjera;58.562,00;95. GASTOS FINANCIEROS DE LA DEUDA PUBLICA
2025;211B;Pensiones de Clases Pasivas;20.369.000,89;21. PENSIONES
2025;211C;Otras pensiones y prestaciones de Clases Pasivas;49.447,74;21. PENSIONES
2025;212B;Pensiones de guerra;81.093,93;21. PENSIONES
2025;000X;Transferencias y libramientos internos (Sección: 07 CLASES PASIVAS);249,75;21. PENSIONES
2025;111M;Gobierno del Poder Judicial;43.258,25;11. JUSTICIA
2025;111O;Selección y formación de jueces;24.135,74;11. JUSTICIA
2025;111P;Documentación y publicaciones judiciales;10.939,81;11. JUSTICIA
2025;923S;Aportaciones al Mutualismo Administrativo;2.281.136,60;92. SERVICIOS DE CARÁCTER GENERAL
2025;000X;Transferencias y libramientos internos (Sección: 09 APORTACIONES AL MUTUALISMO ADMINISTRATIVO);98.330,95;92. SERVICIOS DE CARÁCTER GENERAL
2025;923R;Contratación centralizada;317.071,70;92. SERVICIOS DE CARÁCTER GENERAL
2025;141M;Dirección y Servicios Generales de Asuntos Exteriores, Unión Europea y Cooperación;95.878,53;14. POLÍTICA EXTERIOR Y DE COOPERACIÓN PARA EL DESARROLLO
2025;142A;Acción del Estado en el exterior;855.757,36;14. POLÍTICA EXTERIOR Y DE COOPERACIÓN PARA EL DESARROLLO
2025;142B;Acción Diplomática ante la Unión Europea;24.399,75;14. POLÍTICA EXTERIOR Y DE COOPERACIÓN PARA EL DESARROLLO
2025;143A;Cooperación para el desarrollo;998.051,19;14. POLÍTICA EXTERIOR Y DE COOPERACIÓN PARA EL DESARROLLO
2025;144A;Cooperación, promoción y difusión cultural en el exterior;148.422,95;14. POLÍTICA EXTERIOR Y DE COOPERACIÓN PARA EL DESARROLLO
2025;467G;Investigación y desarrollo de la Sociedad de la Información;1.759,66;46. INVESTIGACIÓN, DESARROLLO, INNOVACIÓN Y DIGITALIZACIÓN
2025;000X;Transferencias y libramientos internos (Sección: 12 MINISTERIO DE ASUNTOS EXTERIORES, UNIÓN EUROPEA Y COOPERACIÓN);664.535,54;46. INVESTIGACIÓN, DESARROLLO, INNOVACIÓN Y DIGITALIZACIÓN
2025;111N;Dirección y Servicios Generales de Justicia;132.902,61;11. JUSTICIA
2025;111Q;Formación del Personal de la Administración de Justicia;10.154,97;11. JUSTICIA
2025;111R;Formación de la Carrera Fiscal;10.112,18;11. JUSTICIA
2025;112A;Tribunales de Justicia y Ministerio Fiscal;1.963.188,44;11. JUSTICIA
2025;113M;Registros vinculados con la Fe Pública;36.669,01;11. JUSTICIA
2025;135M;Protección de datos de carácter personal;18.420,74;13. SEGURIDAD CIUDADANA E INSTITUCIONES PENITENCIARIAS
2025;222M;Prestaciones económicas del Mutualismo Administrativo;26.682,41;22. OTRAS PRESTACIONES ECONÓMICAS
2025;312E;Asistencia sanitaria del Mutualismo Administrativo;101.490,42;31. SANIDAD
2025;337A;Administración del Patrimonio Histórico-Nacional;121.131,72;33. CULTURA
2025;337D;Administración de los Reales Patronatos;5.511,51;33. CULTURA
2025;42KD;C11.I04 Plan de Transición Energética en la Administración General del Estado;22.050,98;42. INDUSTRIA Y ENERGÍA
2025;462M;Investigación y estudios sociológicos y constitucionales;17.177,75;46. INVESTIGACIÓN, DESARROLLO, INNOVACIÓN Y DIGITALIZACIÓN
2025;467G;Investigación y desarrollo de la Sociedad de la Información;1.582,63;46. INVESTIGACIÓN, DESARROLLO, INNOVACIÓN Y DIGITALIZACIÓN
2025;911Q;Apoyo a la gestión administrativa de la Jefatura del Estado;7.775,83;91. ÓRGANOS CONSTITUCIONALES, GOBIERNO Y OTROS
2025;912M;Presidencia del Gobierno;55.594,40;91. ÓRGANOS CONSTITUCIONALES, GOBIERNO Y OTROS
2025;912O;Relaciones con las Cortes Generales, Secretariado del Gobierno y apoyo a la Alta Dirección;48.341,99;91. ÓRGANOS CONSTITUCIONALES, GOBIERNO Y OTROS
2025;921Q;Cobertura informativa;78.363,60;92. SERVICIOS DE CARÁCTER GENERAL
2025;921R;Publicidad de las normas legales;32.124,74;92. SERVICIOS DE CARÁCTER GENERAL
2025;921S;Asesoramiento y defensa de los intereses del Estado;44.657,51;92. SERVICIOS DE CARÁCTER GENERAL
2025;000X;Transferencias y libramientos internos (Sección: 13 MINISTERIO DE LA PRESIDENCIA, JUSTICIA Y RELACIONES CON LAS CORTES);119.480,90;92. SERVICIOS DE CARÁCTER GENERAL
2025;12SC;C19.I03 Competencias digitales para el empleo. Defensa;11.000,00;12. DEFENSA
2025;121M;Administración y Servicios Generales de Defensa;2.536.909,04;12. DEFENSA
2025;121N;Formación del Personal de las Fuerzas Armadas;494.328,15;12. DEFENSA
2025;121O;Personal en reserva;579.999,37;12. DEFENSA
2025;122A;Modernización de las Fuerzas Armadas;459.203,70;12. DEFENSA
2025;122B;Programas especiales de modernización;4.901.716,30;12. DEFENSA
2025;122M;Gastos Operativos de las Fuerzas Armadas;2.305.563,40;12. DEFENSA
2025;122N;Apoyo Logístico;1.028.109,11;12. DEFENSA
2025;222M;Prestaciones económicas del Mutualismo Administrativo;78.544,21;22. OTRAS PRESTACIONES ECONÓMICAS
2025;312A;Asistencia hospitalaria en las Fuerzas Armadas;178.236,75;31. SANIDAD
2025;312E;Asistencia sanitaria del Mutualismo Administrativo;758.956,87;31. SANIDAD
2025;42KD;C11.I04 Plan de Transición Energética en la Administración General del Estado;159.592,89;42. INDUSTRIA Y ENERGÍA
2025;464A;Investigación y estudios de las Fuerzas Armadas;232.101,48;46. INVESTIGACIÓN, DESARROLLO, INNOVACIÓN Y DIGITALIZACIÓN
2025;912Q;Asesoramiento para la protección de los intereses nacionales;334.108,04;91. ÓRGANOS CONSTITUCIONALES, GOBIERNO Y OTROS
2025;931P;Control interno y Contabilidad Pública;62,13;93. ADMINISTRACIÓN FINANCIERA Y TRIBUTARIA
2025;000X;Transferencias y libramientos internos (Sección: 14 MINISTERIO DE DEFENSA);395.406,29;93. ADMINISTRACIÓN FINANCIERA Y TRIBUTARIA
2025;337B;Conservación y restauración de bienes culturales;8.027,14;33. CULTURA
2025;42KD;C11.I04 Plan de Transición Energética en la Administración General del Estado;30.410,76;42. INDUSTRIA Y ENERGÍA
2025;422A;Incentivos regionales a la localización industrial;144.055,26;42. INDUSTRIA Y ENERGÍA
2025;462N;Investigación y estudios estadísticos y económicos;6.512,02;46. INVESTIGACIÓN, DESARROLLO, INNOVACIÓN Y DIGITALIZACIÓN
2025;467G;Investigación y desarrollo de la Sociedad de la Información;14.851,76;46. INVESTIGACIÓN, DESARROLLO, INNOVACIÓN Y DIGITALIZACIÓN
2025;492N;Regulación y vigilancia de la competencia en el Mercado de Tabacos;8.717,91;49. OTRAS ACTUACIONES DE CARÁCTER ECONÓMICO
2025;92SC;C19.I03 Competencias digitales para el empleo. Servicios de carácter general;2.941,00;92. SERVICIOS DE CARÁCTER GENERAL
2025;921T;Servicios de transportes de Ministerios;48.534,32;92. SERVICIOS DE CARÁCTER GENERAL
2025;922N;Coordinación y relaciones financieras con los Entes Territoriales;16.008.898,70;92. SERVICIOS DE CARÁCTER GENERAL
2025;923A;Gestión del Patrimonio del Estado;226.782,29;92. SERVICIOS DE CARÁCTER GENERAL
2025;923M;Dirección y Servicios Generales de Hacienda y Función Pública;1.083.334,85;92. SERVICIOS DE CARÁCTER GENERAL
2025;923N;Formación del personal de Economía y Hacienda;25.120,06;92. SERVICIOS DE CARÁCTER GENERAL
2025;93KE;C11.I05 Transformación de la Administración para la Ejecución del PRTR. Administración Financiera y Tributaria;467,00;93. ADMINISTRACIÓN FINANCIERA Y TRIBUTARIA
2025;931N;Política presupuestaria;77.089,23;93. ADMINISTRACIÓN FINANCIERA Y TRIBUTARIA
2025;931O;Política tributaria;5.969,21;93. ADMINISTRACIÓN FINANCIERA Y TRIBUTARIA
2025;931P;Control interno y Contabilidad Pública;92.289,02;93. ADMINISTRACIÓN FINANCIERA Y TRIBUTARIA
2025;931Q;Control y Supervisión de la Política Fiscal;10.578,90;93. ADMINISTRACIÓN FINANCIERA Y TRIBUTARIA
2025;932A;Aplicación del sistema tributario estatal;1.395.873,89;93. ADMINISTRACIÓN FINANCIERA Y TRIBUTARIA
2025;932M;Gestión del catastro inmobiliario;114.037,93;93. ADMINISTRACIÓN FINANCIERA Y TRIBUTARIA
2025;932N;Resolución de reclamaciones económico-administrativas;31.297,26;93. ADMINISTRACIÓN FINANCIERA Y TRIBUTARIA
2025;000X;Transferencias y libramientos internos (Sección: 15 MINISTERIO DE HACIENDA);1.421.979,15;93. ADMINISTRACIÓN FINANCIERA Y TRIBUTARIA
2025;131M;Dirección y Servicios Generales de Seguridad y Protección Civil;442.583,55;13. SEGURIDAD CIUDADANA E INSTITUCIONES PENITENCIARIAS
2025;131N;Formación de Fuerzas y Cuerpos de Seguridad del Estado;178.908,67;13. SEGURIDAD CIUDADANA E INSTITUCIONES PENITENCIARIAS
2025;131O;Fuerzas y Cuerpos en reserva;304.720,15;13. SEGURIDAD CIUDADANA E INSTITUCIONES PENITENCIARIAS
2025;131P;Derecho de asilo y apátridas;16.202,48;13. SEGURIDAD CIUDADANA E INSTITUCIONES PENITENCIARIAS
2025;132A;Seguridad ciudadana;7.417.008,17;13. SEGURIDAD CIUDADANA E INSTITUCIONES PENITENCIARIAS
2025;132B;Seguridad vial;843.692,10;13. SEGURIDAD CIUDADANA E INSTITUCIONES PENITENCIARIAS
2025;132C;Actuaciones policiales en materia de droga;108.468,89;13. SEGURIDAD CIUDADANA E INSTITUCIONES PENITENCIARIAS
2025;133A;Centros e Instituciones Penitenciarias;1.326.257,79;13. SEGURIDAD CIUDADANA E INSTITUCIONES PENITENCIARIAS
2025;134M;Protección Civil;16.749,71;13. SEGURIDAD CIUDADANA E INSTITUCIONES PENITENCIARIAS
2025;924M;Elecciones y Partidos Políticos;461.567,98;92. SERVICIOS DE CARÁCTER GENERAL
2025;000X;Transferencias y libramientos internos (Sección: 16 MINISTERIO DEL INTERIOR);142.301,22;92. SERVICIOS DE CARÁCTER GENERAL
2025;441M;Subvenciones y apoyo al transporte terrestre;2.604.241,89;44. INFRAESTRUCTURAS
2025;441N;Subvenciones y apoyo al transporte marítimo;183.948,92;44. INFRAESTRUCTURAS
2025;441O;Subvenciones y apoyo al transporte aéreo;573.860,05;44. INFRAESTRUCTURAS
2025;441P;Subvenciones al transporte extrapeninsular de mercancías;84.279,24;44. INFRAESTRUCTURAS
2025;45AA;C01.I01 Zonas de bajas emisiones y transformación del transporte urbano y metropolitano. Infraestructuras y Ecosistemas Resilientes;987.148,53;45. INFRAESTRUCTURAS Y ECOSISTEMAS RESILIENTES
2025;45AC;C01.I03 Actuaciones de mejora de la calidad y fiabilidad en el servicio de Cercanías.;358.989,77;45. INFRAESTRUCTURAS Y ECOSISTEMAS RESILIENTES
2025;45FA;C06.I01 Red nacional de transporte: Corredores europeos.;236.816,02;45. INFRAESTRUCTURAS Y ECOSISTEMAS RESILIENTES
2025;45FB;C06.I02 Red Transeuropea de Transporte. Otras actuaciones. Infraestructuras y Ecosistemas Resilientes;514.984,74;45. INFRAESTRUCTURAS Y ECOSISTEMAS RESILIENTES
2025;45FC;C06.I03 Intermodalidad y logística;316.681,12;45. INFRAESTRUCTURAS Y ECOSISTEMAS RESILIENTES
2025;45FD;C06.I04 Programa de apoyo para un transporte sostenible y digital;132.000,00;45. INFRAESTRUCTURAS Y ECOSISTEMAS RESILIENTES
2025;45SC;C19.I03 Competencias digitales para el empleo. Transportes y Movilidad.;11.500,00;45. INFRAESTRUCTURAS Y ECOSISTEMAS RESILIENTES
2025;451M;Estudios y servicios de asistencia técnica en Obras Públicas y Urbanismo;33.395,55;45. INFRAESTRUCTURAS Y ECOSISTEMAS RESILIENTES
2025;451N;Dirección y Servicios Generales de Transportes y Movilidad Sostenible;438.395,56;45. INFRAESTRUCTURAS Y ECOSISTEMAS RESILIENTES
2025;453A;Infraestructura del transporte ferroviario;1.733.244,11;45. INFRAESTRUCTURAS Y ECOSISTEMAS RESILIENTES
2025;453B;Creación de infraestructura de carreteras;1.593.547,10;45. INFRAESTRUCTURAS Y ECOSISTEMAS RESILIENTES
2025;453C;Conservación y explotación de carreteras;1.208.409,41;45. INFRAESTRUCTURAS Y ECOSISTEMAS RESILIENTES
2025;453M;Ordenación e inspección del transporte terrestre;24.304,79;45. INFRAESTRUCTURAS Y ECOSISTEMAS RESILIENTES
2025;453N;Regulación y supervisión de la seguridad ferroviaria;16.463,52;45. INFRAESTRUCTURAS Y ECOSISTEMAS RESILIENTES
2025;453O;Comisión de Investigación de Accidentes Ferroviarios;516,15;45. INFRAESTRUCTURAS Y ECOSISTEMAS RESILIENTES
2025;454M;Regulación y seguridad del tráfico marítimo;36.829,51;45. INFRAESTRUCTURAS Y ECOSISTEMAS RESILIENTES
2025;454O;Comisión de Investigación de Accidentes e Incidentes Marítimos;2.687,18;45. INFRAESTRUCTURAS Y ECOSISTEMAS RESILIENTES
2025;455M;Regulación y supervisión de la aviación civil;92.932,63;45. INFRAESTRUCTURAS Y ECOSISTEMAS RESILIENTES
2025;455O;Comisión de Investigación de Accidentes e Incidentes de Aviación Civil;1.762,85;45. INFRAESTRUCTURAS Y ECOSISTEMAS RESILIENTES
2025;46AA;C01.I01 Zonas de bajas emisiones y transformación del transporte urbano y metropolitano. I+D+i+Digitalización;2.580,17;46. INVESTIGACIÓN, DESARROLLO, INNOVACIÓN Y DIGITALIZACIÓN
2025;46FB;C06.I02 Red Transeuropea de Transporte. Otras actuaciones. I+D+i+Digitalización;30.284,54;46. INVESTIGACIÓN, DESARROLLO, INNOVACIÓN Y DIGITALIZACIÓN
2025;46QC;C17.I03 Nuevos proyectos I+D+I Publico Privados, Interdisciplinares, Pruebas de concepto y concesión de ayudas consecuencia de convocatorias competitivas internacionales. I+D de vanguardia orientada a retos de la sociedad. Compra pública pre-comercial.;4,47;46. INVESTIGACIÓN, DESARROLLO, INNOVACIÓN Y DIGITALIZACIÓN
2025;467B;Investigación, desarrollo y experimentación en transporte e infraestructuras;1.000,00;46. INVESTIGACIÓN, DESARROLLO, INNOVACIÓN Y DIGITALIZACIÓN
2025;467G;Investigación y desarrollo de la Sociedad de la Información;980,00;46. INVESTIGACIÓN, DESARROLLO, INNOVACIÓN Y DIGITALIZACIÓN
2025;495A;Desarrollo y aplicación de la información geográfica española;45.961,78;49. OTRAS ACTUACIONES DE CARÁCTER ECONÓMICO
2025;497M;Salvamento y lucha contra la contaminación en la mar;189.760,00;49. OTRAS ACTUACIONES DE CARÁCTER ECONÓMICO
2025;000X;Transferencias y libramientos internos (Sección: 17 MINISTERIO DE TRANSPORTES Y MOVILIDAD SOSTENIBLE);141.080,75;49. OTRAS ACTUACIONES DE CARÁCTER ECONÓMICO
2025;14SB;C19.I02 Transformación Digital de la Educación. Política Exterior;324,11;14. POLÍTICA EXTERIOR Y DE COOPERACIÓN PARA EL DESARROLLO
2025;144B;Cooperación, promoción y difusión educativa en el exterior;11.243,25;14. POLÍTICA EXTERIOR Y DE COOPERACIÓN PARA EL DESARROLLO
2025;24TA;C20.I01 Reskilling y upskilling de la población activa ligado a cualificaciones profesionales. Fomento del Empleo;73.500,00;24. FOMENTO DEL EMPLEO
2025;241B;Formación Profesional para el Empleo;1.178.386,26;24. FOMENTO DEL EMPLEO
2025;32SA;C19.I01 Competencias digitales transversales. Educación;42.000,00;32. EDUCACIÓN
2025;32SB;C19.I02 Transformación Digital de la Educación. Educación;59.804,01;32. EDUCACIÓN
2025;32TA;C20.I01 Reskilling y upskilling de la población activa ligado a cualificaciones profesionales. Educación;438.800,42;32. EDUCACIÓN
2025;32TB;C20.I02 Transformación Digital de la Formación Profesional;143.059,87;32. EDUCACIÓN
2025;32TC;C20.I03 Innovación e internacionalización de la formación profesional;193.203,23;32. EDUCACIÓN
2025;32TR;C20.R01 Plan de modernización de la Formación Profesional;400,00;32. EDUCACIÓN
2025;32UA;C21.I01 Creación de plazas del Primer Ciclo de Educación Infantil de titularidad pública (prioritariamente de 1 y 2 años): Reforma/rehabilitación y equipamiento para nuevas unidades; nueva construcción y equipamiento; y, gastos de personal y otros gastos.;136.210,00;32. EDUCACIÓN
2025;32UB;C21.I02 Programa de Orientación, Avance y Enriquecimiento Educativo en centros de especial complejidad educativa (Programa #PROA+).;120.626,50;32. EDUCACIÓN
2025;32UC;C21.I03 Creación de Unidades de Acompañamiento y Orientación Personal y Familiar del alumnado educativamente vulnerable, en los servicios educativos o psicopedagógicos situados en zonas y distritos escolares.;55.934,92;32. EDUCACIÓN
2025;32US;C21.R02 Diseño y aplicación de nuevo modelo curricular por competencias clave, priorizando aprendizajes fundamentales, y regulación de una ordenación académica inclusiva;400,00;32. EDUCACIÓN
2025;321M;Dirección y Servicios Generales de Educación, Formación Profesional y Deportes;84.675,71;32. EDUCACIÓN
2025;321N;Formación permanente del profesorado de Educación;1.847,44;32. EDUCACIÓN
2025;322A;Educación Infantil y Primaria;194.695,38;32. EDUCACIÓN
2025;322B;Educación Secundaria, Formación Profesional y Escuelas Oficiales de Idiomas;583.748,50;32. EDUCACIÓN
2025;322E;Enseñanzas artísticas;4.757,97;32. EDUCACIÓN
2025;322F;Educación en el exterior;110.156,67;32. EDUCACIÓN
2025;322G;Educación compensatoria;4.144,07;32. EDUCACIÓN
2025;322L;Inversiones en centros educativos y otras actividades educativas;396.706,44;32. EDUCACIÓN
2025;323M;Becas y ayudas a estudiantes;2.549.784,10;32. EDUCACIÓN
2025;33ZA;C26.I01 Plan de Digitalización del Sector Deporte;57.391,93;33. CULTURA
2025;33ZB;C26.I02 Plan de Transición Ecológica de Instalaciones Deportivas;68.998,19;33. CULTURA
2025;33ZC;C26.I03 Plan Social del Sector Deporte;16.000,00;33. CULTURA
2025;336A;Fomento y apoyo de las actividades deportivas;248.585,87;33. CULTURA
2025;000X;Transferencias y libramientos internos (Sección: 18 MINISTERIO DE EDUCACIÓN, FORMACIÓN PROFESIONAL Y DEPORTES);346.404,45;33. CULTURA
2025;143A;Cooperación para el desarrollo;1.193,98;14. POLÍTICA EXTERIOR Y DE COOPERACIÓN PARA EL DESARROLLO
2025;223A;Prestaciones de garantía salarial;830.000,45;22. OTRAS PRESTACIONES ECONÓMICAS
2025;224A;Prestaciones económicas por cese de actividad;6.136,49;22. OTRAS PRESTACIONES ECONÓMICAS
2025;241A;Fomento de la inserción y estabilidad laboral;4.120.944,54;24. FOMENTO DEL EMPLEO
2025;241B;Formación Profesional para el Empleo;2.126.310,71;24. FOMENTO DEL EMPLEO
2025;241N;Desarrollo de la economía social y de la responsabilidad social de las empresas;9.811,48;24. FOMENTO DEL EMPLEO
2025;241O;Desarrollo del trabajo autónomo;6.839,16;24. FOMENTO DEL EMPLEO
2025;251M;Prestaciones a los desempleados;21.278.019,88;25. DESEMPLEO
2025;281M;Dirección y Servicios Generales de Trabajo y Economía Social;118.902,74;28. GESTIÓN Y ADMINISTRACIÓN DE TRABAJO Y ECONOMÍA SOCIAL
2025;291A;Inspección y control de Seguridad y Protección Social;203.130,84;29. GESTIÓN Y ADMINISTRACIÓN DE LA INCLUSIÓN, DE LA SEGURIDAD SOCIAL Y DE LA MIGRACIÓN
2025;494M;Administración de las relaciones laborales y condiciones de trabajo;80.568,51;49. OTRAS ACTUACIONES DE CARÁCTER ECONÓMICO
2025;912P;Asesoramiento del Gobierno en materia social, económica y laboral;9.220,85;91. ÓRGANOS CONSTITUCIONALES, GOBIERNO Y OTROS
2025;000X;Transferencias y libramientos internos (Sección: 19 MINISTERIO DE TRABAJO Y ECONOMÍA SOCIAL);564.232,62;91. ÓRGANOS CONSTITUCIONALES, GOBIERNO Y OTROS
2025;42LB;C12.I02 Programa de impulso de la Competitividad y Sostenibilidad Industrial e I+D+i;1.000.000,00;42. INDUSTRIA Y ENERGÍA
2025;42MA;C13.I01 Emprendimiento. Industria;3.000,00;42. INDUSTRIA Y ENERGÍA
2025;421M;Dirección y Servicios Generales de Industria y Turismo;67.077,23;42. INDUSTRIA Y ENERGÍA
2025;421N;Regulación y protección de la Propiedad Industrial;53.424,74;42. INDUSTRIA Y ENERGÍA
2025;421O;Calidad y seguridad industrial;3.775,88;42. INDUSTRIA Y ENERGÍA
2025;422B;Desarrollo industrial;334.350,81;42. INDUSTRIA Y ENERGÍA
2025;422M;Reconversión y reindustrialización;652.774,86;42. INDUSTRIA Y ENERGÍA
2025;43MA;C13.I01 Emprendimiento. PYMES;44.800,00;43. COMERCIO, TURISMO Y PYMES
2025;43MB;C13.I02 Crecimiento. PYMES;198.000,00;43. COMERCIO, TURISMO Y PYMES
2025;43MC;C13.I03 Digitalización e Innovación I. PYMES;65.000,00;43. COMERCIO, TURISMO Y PYMES
2025;43NA;C14.I01 Transformación del modelo turístico hacia la sostenibilidad.;497.000,00;43. COMERCIO, TURISMO Y PYMES
2025;43NB;C14.I02 Programa de digitalización e inteligencia para destinos y sector turístico. Comercio, Turismo y PYMES;10.000,00;43. COMERCIO, TURISMO Y PYMES
2025;43NC;C14.I03 Estrategias de resiliencia turística para territorios extrapeninsulares.;64.000,00;43. COMERCIO, TURISMO Y PYMES
2025;43ND;C14.I04 Actuaciones especiales en el ámbito de la competitividad.;208.400,00;43. COMERCIO, TURISMO Y PYMES
2025;432A;Coordinación y promoción del turismo;270.076,89;43. COMERCIO, TURISMO Y PYMES
2025;433M;Apoyo a la pequeña y mediana empresa;142.320,09;43. COMERCIO, TURISMO Y PYMES
2025;46LB;C12.I02 Programa de impulso de la Competitividad y Sostenibilidad Industrial. I+D+i+Digitalización;2.898.670,00;46. INVESTIGACIÓN, DESARROLLO, INNOVACIÓN Y DIGITALIZACIÓN
2025;46NB;C14.I02 Programa de digitalización e inteligencia para destinos y sector turístico. I+D+i+Digitalización;42.000,00;46. INVESTIGACIÓN, DESARROLLO, INNOVACIÓN Y DIGITALIZACIÓN
2025;46SC;C19.I03 Competencias digitales para el empleo. I+D+i+Digitalización;54.000,00;46. INVESTIGACIÓN, DESARROLLO, INNOVACIÓN Y DIGITALIZACIÓN
2025;464B;Apoyo a la innovación tecnológica en el sector de la defensa;1.601.150,14;46. INVESTIGACIÓN, DESARROLLO, INNOVACIÓN Y DIGITALIZACIÓN
2025;467C;Investigación y desarrollo tecnológico-industrial;278.840,00;46. INVESTIGACIÓN, DESARROLLO, INNOVACIÓN Y DIGITALIZACIÓN
2025;49LB;C12.I02 Programa de impulso de la Competitividad y Sostenibilidad Industrial. Otras Actuaciones de Carácter Económico;7.410,00;49. OTRAS ACTUACIONES DE CARÁCTER ECONÓMICO
2025;495C;Metrología;10.072,09;49. OTRAS ACTUACIONES DE CARÁCTER ECONÓMICO
2025;921U;Publicaciones;180,00;92. SERVICIOS DE CARÁCTER GENERAL
2025;000X;Transferencias y libramientos internos (Sección: 20 MINISTERIO DE INDUSTRIA Y TURISMO);101.990,39;92. SERVICIOS DE CARÁCTER GENERAL
2025;411M;Dirección y Servicios Generales de Agricultura, Pesca y Alimentación;135.896,33;41. AGRICULTURA, PESCA Y ALIMENTACIÓN
2025;412C;Competitividad y calidad de la producción y los mercados agrarios;58.454,27;41. AGRICULTURA, PESCA Y ALIMENTACIÓN
2025;412D;Competitividad y calidad de la sanidad agraria;46.690,50;41. AGRICULTURA, PESCA Y ALIMENTACIÓN
2025;412M;Regulación de los mercados agrarios;5.787.297,25;41. AGRICULTURA, PESCA Y ALIMENTACIÓN
2025;413A;Competitividad industria agroalimentaria y calidad alimentaria;34.387,25;41. AGRICULTURA, PESCA Y ALIMENTACIÓN
2025;414A;Gestión de recursos hídricos para el regadío, caminos naturales y otras infraestructuras rurales;157.022,57;41. AGRICULTURA, PESCA Y ALIMENTACIÓN
2025;414B;Desarrollo del medio rural;1.782.545,38;41. AGRICULTURA, PESCA Y ALIMENTACIÓN
2025;415A;Protección de los recursos pesqueros y desarrollo sostenible;24.370,64;41. AGRICULTURA, PESCA Y ALIMENTACIÓN
2025;415B;Mejora de estructuras y mercados pesqueros;62.344,16;41. AGRICULTURA, PESCA Y ALIMENTACIÓN
2025;416A;Previsión de riesgos en las producciones agrarias y pesqueras;322.974,30;41. AGRICULTURA, PESCA Y ALIMENTACIÓN
2025;000X;Transferencias y libramientos internos (Sección: 21 MINISTERIO DE AGRICULTURA, PESCA Y ALIMENTACIÓN);357.218,03;41. AGRICULTURA, PESCA Y ALIMENTACIÓN
2025;921M;Dirección y Servicios Generales de Política Territorial y Memoria Democrática;41.363,67;92. SERVICIOS DE CARÁCTER GENERAL
2025;921P;Administración General del Estado en el Territorio;285.864,80;92. SERVICIOS DE CARÁCTER GENERAL
2025;922M;Organización territorial del Estado y desarrollo de sus sistemas de colaboración;11.759,09;92. SERVICIOS DE CARÁCTER GENERAL
2025;925M;Memoria democrática;13.952,00;92. SERVICIOS DE CARÁCTER GENERAL
2025;942A;Cooperación económica local del Estado;58.439,33;94. TRANSFERENCIAS A OTRAS ADMINISTRACIONES PÚBLICAS
2025;42AB;C01.I02 Plan de incentivos a la instalación de puntos de recarga, a la adquisición de vehículos eléctricos y de pila de combustible y a la innovación en electromovilidad, recarga e hidrógeno verde;455.000,00;42. INDUSTRIA Y ENERGÍA
2025;42BC;C02.I03 Programa de rehabilitación energética de edificios (PREE);300.000,00;42. INDUSTRIA Y ENERGÍA
2025;42BD;C02.I04 Programa de regeneración y reto demográfico;225.000,00;42. INDUSTRIA Y ENERGÍA
2025;42GA;C07.I01 Desarrollo de energías renovables innovadoras, integradas en la edificación y en los procesos productivos;780.000,00;42. INDUSTRIA Y ENERGÍA
2025;42GB;C07.I02 Energía sostenible en las islas;25.000,00;42. INDUSTRIA Y ENERGÍA
2025;42HA;C08.I01 Despliegue del almacenamiento energético;93.747,41;42. INDUSTRIA Y ENERGÍA
2025;42HB;C08.I02 Digitalización de las redes;150.000,00;42. INDUSTRIA Y ENERGÍA
2025;42HC;C08.I03 Nuevos modelos de negocio en la transición energética;56.000,00;42. INDUSTRIA Y ENERGÍA
2025;42IA;C09.I01 Hidrógeno renovable: un proyecto país;672.817,00;42. INDUSTRIA Y ENERGÍA
2025;42JA;C10.I01 Inversiones en transición justa;169.252,59;42. INDUSTRIA Y ENERGÍA
2025;42KD;C11.I04 Plan de Transición Energética en la Administración General del Estado;1.346,60;42. INDUSTRIA Y ENERGÍA
2025;423N;Explotación minera;14.409,04;42. INDUSTRIA Y ENERGÍA
2025;424M;Seguridad nuclear y protección radiológica;47.931,69;42. INDUSTRIA Y ENERGÍA
2025;425A;Normativa y desarrollo energético;825.966,42;42. INDUSTRIA Y ENERGÍA
2025;45DA;C04.I01 Digitalización y conocimientos del patrimonio natural;49.828,41;45. INFRAESTRUCTURAS Y ECOSISTEMAS RESILIENTES
2025;45DB;C04.I02 Conservación de la biodiversidad terrestre marina;154.314,68;45. INFRAESTRUCTURAS Y ECOSISTEMAS RESILIENTES
2025;45DC;C04.I03 Restauración de ecosistemas e infraestructura verde;94.679,21;45. INFRAESTRUCTURAS Y ECOSISTEMAS RESILIENTES
2025;45DD;C04.I04 Gestión forestal sostenible;97.340,03;45. INFRAESTRUCTURAS Y ECOSISTEMAS RESILIENTES
2025;45EA;C05.I01 Materialización de actuaciones de depuración, saneamiento, eficiencia, ahorro, reutilización y seguridad de infraestructuras (DSEAR);187.000,00;45. INFRAESTRUCTURAS Y ECOSISTEMAS RESILIENTES
2025;45EB;C05.I02 Seguimiento y restauración de ecosistemas fluviales, recuperación de acuíferos y mitigación del riesgo de inundación;497.980,19;45. INFRAESTRUCTURAS Y ECOSISTEMAS RESILIENTES
2025;45EC;C05.I03 Transición digital en el sector del agua. Infraestructuras y Ecosistemas Resilientes.;370.000,00;45. INFRAESTRUCTURAS Y ECOSISTEMAS RESILIENTES
2025;45ED;C05.I04 Adaptación de la costa al cambio climático e implementación de las Estrategias Marinas y de los planes de ordenación del espacio marítimo;136.733,33;45. INFRAESTRUCTURAS Y ECOSISTEMAS RESILIENTES
2025;45LC;C12.I03 Plan de apoyo a la implementación de la normativa de residuos y al fomento de la economía circular;250.000,00;45. INFRAESTRUCTURAS Y ECOSISTEMAS RESILIENTES
2025;45SA;C19.I01 Competencias digitales transversales. Transición Ecológica;90.000,00;45. INFRAESTRUCTURAS Y ECOSISTEMAS RESILIENTES
2025;451O;Dirección y Servicios Generales para la Transición Ecológica y el Reto Demográfico;113.240,45;45. INFRAESTRUCTURAS Y ECOSISTEMAS RESILIENTES
2025;452A;Gestión e infraestructuras del agua;1.287.050,80;45. INFRAESTRUCTURAS Y ECOSISTEMAS RESILIENTES
2025;452M;Normativa y ordenación territorial de los recursos hídricos;396.494,97;45. INFRAESTRUCTURAS Y ECOSISTEMAS RESILIENTES
2025;456A;Calidad del agua;264.690,36;45. INFRAESTRUCTURAS Y ECOSISTEMAS RESILIENTES
2025;456B;Protección y mejora del medio ambiente;25.174,88;45. INFRAESTRUCTURAS Y ECOSISTEMAS RESILIENTES
2025;456C;Protección y mejora del medio natural;285.053,02;45. INFRAESTRUCTURAS Y ECOSISTEMAS RESILIENTES
2025;456D;Actuación en la costa;96.655,45;45. INFRAESTRUCTURAS Y ECOSISTEMAS RESILIENTES
2025;456E;Reto demográfico y lucha contra la despoblación;71.645,08;45. INFRAESTRUCTURAS Y ECOSISTEMAS RESILIENTES
2025;456M;Actuaciones para la prevención de la contaminación y el cambio climático;28.647,15;45. INFRAESTRUCTURAS Y ECOSISTEMAS RESILIENTES
2025;456N;Transición justa;332.133,18;45. INFRAESTRUCTURAS Y ECOSISTEMAS RESILIENTES
2025;49EC;C05.I03 Transición digital en el sector del agua. Otras actuaciones de carácter económico.;85.957,32;49. OTRAS ACTUACIONES DE CARÁCTER ECONÓMICO
2025;495B;Meteorología;131.258,14;49. OTRAS ACTUACIONES DE CARÁCTER ECONÓMICO
2025;000X;Transferencias y libramientos internos (Sección: 23 MINISTERIO PARA LA TRANSICIÓN ECOLÓGICA Y EL RETO DEMOGRÁFICO);4.338.845,48;49. OTRAS ACTUACIONES DE CARÁCTER ECONÓMICO
2025;144A;Cooperación, promoción y difusión cultural en el exterior;10.290,77;14. POLÍTICA EXTERIOR Y DE COOPERACIÓN PARA EL DESARROLLO
2025;321M;Dirección y Servicios Generales de Educación, Formación Profesional y Deportes;1.744,00;32. EDUCACIÓN
2025;322L;Inversiones en centros educativos y otras actividades educativas;15.684,62;32. EDUCACIÓN
2025;331M;Dirección y Servicios Generales de Cultura;56.186,31;33. CULTURA
2025;332A;Archivos;47.711,03;33. CULTURA
2025;332B;Bibliotecas;65.117,55;33. CULTURA
2025;333A;Museos;233.529,79;33. CULTURA
2025;333B;Exposiciones;1.594,29;33. CULTURA
2025;334A;Promoción y cooperación cultural;289.004,24;33. CULTURA
2025;334B;Promoción del libro y publicaciones culturales;13.892,06;33. CULTURA
2025;334C;Fomento de las industrias culturales;17.172,29;33. CULTURA
2025;335A;Música y danza;122.626,25;33. CULTURA
2025;335B;Teatro;60.216,85;33. CULTURA
2025;335C;Cinematografía;167.143,50;33. CULTURA
2025;337B;Conservación y restauración de bienes culturales;38.806,93;33. CULTURA
2025;337C;Protección del Patrimonio Histórico;13.796,61;33. CULTURA
2025;000X;Transferencias y libramientos internos (Sección: 24 MINISTERIO DE CULTURA);499.735,01;33. CULTURA
2025;26BA;C02.I01 Programa de rehabilitación para la recuperación económica y social en entornos residenciales;1.980.000,00;26. ACCESO A LA VIVIENDA Y FOMENTO DE LA EDIFICACIÓN
2025;26BB;C02.I02 Programa de construcción de viviendas en alquiler social en edificios energéticamente eficientes;500.000,00;26. ACCESO A LA VIVIENDA Y FOMENTO DE LA EDIFICACIÓN
2025;261M;Dirección y Servicios Generales de Vivienda y Agenda Urbana;6.952,78;26. ACCESO A LA VIVIENDA Y FOMENTO DE LA EDIFICACIÓN
2025;261N;Promoción, administración y ayudas para rehabilitación y acceso a vivienda;959.516,75;26. ACCESO A LA VIVIENDA Y FOMENTO DE LA EDIFICACIÓN
2025;261O;Ordenación y fomento de la edificación;30.441,82;26. ACCESO A LA VIVIENDA Y FOMENTO DE LA EDIFICACIÓN
2025;261P;Urbanismo y política del suelo;6.722,08;26. ACCESO A LA VIVIENDA Y FOMENTO DE LA EDIFICACIÓN
2025;000X;Transferencias y libramientos internos (Sección: 25 MINISTERIO DE VIVIENDA Y AGENDA URBANA);900,00;26. ACCESO A LA VIVIENDA Y FOMENTO DE LA EDIFICACIÓN
2025;231A;Plan Nacional sobre Drogas;15.111,84;23. SERVICIOS SOCIALES Y PROMOCIÓN SOCIAL
2025;311M;Dirección y Servicios Generales de Sanidad;39.463,05;31. SANIDAD
2025;311O;Políticas de Salud y Ordenación Profesional;7.805,72;31. SANIDAD
2025;313A;Prestaciones sanitarias y farmacia;206.254,92;31. SANIDAD
2025;313B;Salud pública, sanidad exterior y calidad;717.728,97;31. SANIDAD
2025;313D;Donación y trasplante de órganos, tejidos y células;6.456,76;31. SANIDAD
2025;313E;Salud Digital, Información e Innovación del Sistema Nacional de Salud;28.965,88;31. SANIDAD
2025;000X;Transferencias y libramientos internos (Sección: 26 MINISTERIO DE SANIDAD);337.154,73;31. SANIDAD
2025;425A;Normativa y desarrollo energético;3.514.141,75;42. INDUSTRIA Y ENERGÍA
2025;43MD;C13.I04 Apoyo al Comercio;123.150,00;43. COMERCIO, TURISMO Y PYMES
2025;43ME;C13.I05 Internacionalización. PYMES;1.042.350,00;43. COMERCIO, TURISMO Y PYMES
2025;431A;Promoción comercial e internacionalización de la empresa;409.450,62;43. COMERCIO, TURISMO Y PYMES
2025;431N;Ordenación del comercio exterior;9.832,45;43. COMERCIO, TURISMO Y PYMES
2025;431O;Ordenación y modernización de las estructuras comerciales;10.604,07;43. COMERCIO, TURISMO Y PYMES
2025;491N;Servicio postal universal;110.000,00;49. OTRAS ACTUACIONES DE CARÁCTER ECONÓMICO
2025;492M;Defensa de la competencia en los mercados y regulación de sectores productivos;62.292,65;49. OTRAS ACTUACIONES DE CARÁCTER ECONÓMICO
2025;493M;Dirección, control y gestión de seguros;18.938,42;49. OTRAS ACTUACIONES DE CARÁCTER ECONÓMICO
2025;493O;Regulación contable y de auditorías;10.514,31;49. OTRAS ACTUACIONES DE CARÁCTER ECONÓMICO
2025;92KA;C11.I01 Modernización de la Administración General del Estado. Servicios de carácter general;2.606,83;92. SERVICIOS DE CARÁCTER GENERAL
2025;923C;Elaboración y difusión estadística;192.789,17;92. SERVICIOS DE CARÁCTER GENERAL
2025;923O;Gestión de la Deuda y de la Tesorería del Estado;61.192,03;92. SERVICIOS DE CARÁCTER GENERAL
2025;923P;Relaciones con Instituciones Financieras Multilaterales;519.834,66;92. SERVICIOS DE CARÁCTER GENERAL
2025;923Q;Dirección y Servicios Generales de Economía, Comercio y Empresa;69.923,21;92. SERVICIOS DE CARÁCTER GENERAL
2025;931M;Previsión y política económica;22.218,69;93. ADMINISTRACIÓN FINANCIERA Y TRIBUTARIA
2025;000X;Transferencias y libramientos internos (Sección: 27 MINISTERIO DE ECONOMÍA, COMERCIO Y EMPRESA);222.116,48;93. ADMINISTRACIÓN FINANCIERA Y TRIBUTARIA
2025;143A;Cooperación para el desarrollo;3.110,00;14. POLÍTICA EXTERIOR Y DE COOPERACIÓN PARA EL DESARROLLO
2025;144B;Cooperación, promoción y difusión educativa en el exterior;2.038,41;14. POLÍTICA EXTERIOR Y DE COOPERACIÓN PARA EL DESARROLLO
2025;322C;Enseñanzas universitarias;146.290,06;32. EDUCACIÓN
2025;323M;Becas y ayudas a estudiantes;49.935,14;32. EDUCACIÓN
2025;45DA;C04.I01 Digitalización y conocimientos del patrimonio natural;29.032,55;45. INFRAESTRUCTURAS Y ECOSISTEMAS RESILIENTES
2025;45DC;C04.I03 Restauración de ecosistemas e infraestructura verde;440,00;45. INFRAESTRUCTURAS Y ECOSISTEMAS RESILIENTES
2025;45ED;C05.I04 Adaptación de la costa al cambio climático e implementación de las Estrategias Marinas y de los planes de ordenación del espacio marítimo;4.000,00;45. INFRAESTRUCTURAS Y ECOSISTEMAS RESILIENTES
2025;46OE;C15.I05 Despliegue de infraestructuras digitales transfronterizas. I+D+i+Digitalización;100.000,00;46. INVESTIGACIÓN, DESARROLLO, INNOVACIÓN Y DIGITALIZACIÓN
2025;46QA;C17.I01 Planes Complementarios con CCAA;60.254,66;46. INVESTIGACIÓN, DESARROLLO, INNOVACIÓN Y DIGITALIZACIÓN
2025;46QB;C17.I02 Fortalecimiento de las capacidades, infraestructuras y equipamientos de los agentes del SECTI;75.830,39;46. INVESTIGACIÓN, DESARROLLO, INNOVACIÓN Y DIGITALIZACIÓN
2025;46QC;C17.I03 Nuevos proyectos I+D+I Publico Privados, Interdisciplinares, Pruebas de concepto y concesión de ayudas consecuencia de convocatorias competitivas internacionales. I+D de vanguardia orientada a retos de la sociedad. Compra pública pre-comercial.;442.567,53;46. INVESTIGACIÓN, DESARROLLO, INNOVACIÓN Y DIGITALIZACIÓN
2025;46QD;C17.I04 Nueva carrera científica;219.010,00;46. INVESTIGACIÓN, DESARROLLO, INNOVACIÓN Y DIGITALIZACIÓN
2025;46QE;C17.I05 Reforma de capacidades del sistema nacional de ciencia, tecnología e innovación: Transferencia de conocimiento;41.948,01;46. INVESTIGACIÓN, DESARROLLO, INNOVACIÓN Y DIGITALIZACIÓN
2025;46QF;C17.I06 Reforma de capacidades del sistema nacional de ciencia, tecnología e innovación: Salud;424.243,05;46. INVESTIGACIÓN, DESARROLLO, INNOVACIÓN Y DIGITALIZACIÓN
2025;46QG;C17.I07 Reforma de capacidades del sistema nacional de ciencia, tecnología e innovación: Medioambiente, cambio climático y energía;6.858,00;46. INVESTIGACIÓN, DESARROLLO, INNOVACIÓN Y DIGITALIZACIÓN
2025;46QI;C17.I09 Reforma de capacidades del sistema nacional de ciencia, tecnología e innovación: Sector aeroespacial;240.000,00;46. INVESTIGACIÓN, DESARROLLO, INNOVACIÓN Y DIGITALIZACIÓN
2025;46UD;C21.I04 Formación y capacitación del personal docente e investigador;120.520,00;46. INVESTIGACIÓN, DESARROLLO, INNOVACIÓN Y DIGITALIZACIÓN
2025;46UE;C21.I05 Mejora de infraestructuras digitales, el equipamiento, las tecnologías, la docencia y la evaluación digitales universitarios;8.530,00;46. INVESTIGACIÓN, DESARROLLO, INNOVACIÓN Y DIGITALIZACIÓN
2025;461M;Dirección y Servicios Generales de Ciencia, Innovación y Universidades;57.627,29;46. INVESTIGACIÓN, DESARROLLO, INNOVACIÓN Y DIGITALIZACIÓN
2025;463A;Investigación científica;1.215.692,87;46. INVESTIGACIÓN, DESARROLLO, INNOVACIÓN Y DIGITALIZACIÓN
2025;463B;Fomento y coordinación de la investigación científica y técnica;3.016.096,85;46. INVESTIGACIÓN, DESARROLLO, INNOVACIÓN Y DIGITALIZACIÓN
2025;465A;Investigación sanitaria;330.087,45;46. INVESTIGACIÓN, DESARROLLO, INNOVACIÓN Y DIGITALIZACIÓN
2025;467C;Investigación y desarrollo tecnológico-industrial;1.487.455,58;46. INVESTIGACIÓN, DESARROLLO, INNOVACIÓN Y DIGITALIZACIÓN
2025;467H;Investigación energética, medioambiental y tecnológica;115.294,23;46. INVESTIGACIÓN, DESARROLLO, INNOVACIÓN Y DIGITALIZACIÓN
2025;000X;Transferencias y libramientos internos (Sección: 28 MINISTERIO DE CIENCIA, INNOVACIÓN Y UNIVERSIDADES);2.925.313,00;46. INVESTIGACIÓN, DESARROLLO, INNOVACIÓN Y DIGITALIZACIÓN
2025;231F;Otros servicios sociales del Estado;461.031,57;23. SERVICIOS SOCIALES Y PROMOCIÓN SOCIAL
2025;231G;Atención a la infancia y a las familias;3.112,98;23. SERVICIOS SOCIALES Y PROMOCIÓN SOCIAL
2025;232F;Derechos de los animales;7.481,71;23. SERVICIOS SOCIALES Y PROMOCIÓN SOCIAL
2025;239N;Dirección y Servicios Generales de Derechos Sociales y Agenda 2030;29.615,04;23. SERVICIOS SOCIALES Y PROMOCIÓN SOCIAL
2025;313C;Seguridad alimentaria y nutrición;19.544,39;31. SANIDAD
2025;492O;Protección y promoción de los derechos de los consumidores y usuarios;17.559,78;49. OTRAS ACTUACIONES DE CARÁCTER ECONÓMICO
2025;496M;Regulación del juego;12.364,60;49. OTRAS ACTUACIONES DE CARÁCTER ECONÓMICO
2025;498M;Dirección y Servicios Generales de Consumo;3.404,31;49. OTRAS ACTUACIONES DE CARÁCTER ECONÓMICO
2025;921Y;Agenda 2030;24.644,97;92. SERVICIOS DE CARÁCTER GENERAL
2025;000X;Transferencias y libramientos internos (Sección: 29 MINISTERIO DE DERECHOS SOCIALES, CONSUMO Y AGENDA 2030);3.691.988,95;92. SERVICIOS DE CARÁCTER GENERAL
2025;232B;Igualdad de oportunidades entre mujeres y hombres;231.591,48;23. SERVICIOS SOCIALES Y PROMOCIÓN SOCIAL
2025;232C;Actuaciones para la prevención integral de la violencia de género;259.716,89;23. SERVICIOS SOCIALES Y PROMOCIÓN SOCIAL
2025;232D;Igualdad de trato y diversidad;6.926,17;23. SERVICIOS SOCIALES Y PROMOCIÓN SOCIAL
2025;232M;Dirección y Servicios Generales de Igualdad;13.300,72;23. SERVICIOS SOCIALES Y PROMOCIÓN SOCIAL
2025;000X;Transferencias y libramientos internos (Sección: 30 MINISTERIO DE IGUALDAD);18.907,45;23. SERVICIOS SOCIALES Y PROMOCIÓN SOCIAL
2025;231G;Atención a la infancia y a las familias;41.437,86;23. SERVICIOS SOCIALES Y PROMOCIÓN SOCIAL
2025;232A;Promoción y servicios a la juventud;54.276,59;23. SERVICIOS SOCIALES Y PROMOCIÓN SOCIAL
2025;232N;Dirección y Servicios Generales de Juventud e Infancia;10.396,67;23. SERVICIOS SOCIALES Y PROMOCIÓN SOCIAL
2025;46SA;C19.I01 Competencias digitales transversales. I+D+i+Digitalización;97.000,00;46. INVESTIGACIÓN, DESARROLLO, INNOVACIÓN Y DIGITALIZACIÓN
2025;000X;Transferencias y libramientos internos (Sección: 31 MINISTERIO DE JUVENTUD E INFANCIA);12.558,86;46. INVESTIGACIÓN, DESARROLLO, INNOVACIÓN Y DIGITALIZACIÓN
2025;212A;Pensiones no contributivas y prestaciones asistenciales;4.100,00;21. PENSIONES
2025;219N;Gestión de pensiones de Clases Pasivas;4.967,04;21. PENSIONES
2025;231B;Acciones en favor de los emigrantes;60.502,19;23. SERVICIOS SOCIALES Y PROMOCIÓN SOCIAL
2025;231G;Atención a la infancia y a las familias;1.800,00;23. SERVICIOS SOCIALES Y PROMOCIÓN SOCIAL
2025;231H;Acciones en favor de los inmigrantes;745.412,85;23. SERVICIOS SOCIALES Y PROMOCIÓN SOCIAL
2025;232E;Análisis y definición de objetivos y políticas de Inclusión;2.751,84;23. SERVICIOS SOCIALES Y PROMOCIÓN SOCIAL
2025;291M;Dirección y Servicios Generales de la Inclusión, de la Seguridad Social y de la Migración;67.098,63;29. GESTIÓN Y ADMINISTRACIÓN DE LA INCLUSIÓN, DE LA SEGURIDAD SOCIAL Y DE LA MIGRACIÓN
2025;000X;Transferencias y libramientos internos (Sección: 32 MINISTERIO DE INCLUSIÓN, SEGURIDAD SOCIAL Y MIGRACIONES);44.726.975,67;29. GESTIÓN Y ADMINISTRACIÓN DE LA INCLUSIÓN, DE LA SEGURIDAD SOCIAL Y DE LA MIGRACIÓN
2025;222M;Prestaciones económicas del Mutualismo Administrativo;320.488,83;22. OTRAS PRESTACIONES ECONÓMICAS
2025;312E;Asistencia sanitaria del Mutualismo Administrativo;1.616.911,15;31. SANIDAD
2025;46KA;C11.I01 Modernización de la Administración General del Estado. I+D+i+Digitalización;233.393,17;46. INVESTIGACIÓN, DESARROLLO, INNOVACIÓN Y DIGITALIZACIÓN
2025;46LA;C12.I01 Espacios de datos sectoriales (contribución a proyectos tractores de digitalización de los sectores productivos estratégicos);400.000,00;46. INVESTIGACIÓN, DESARROLLO, INNOVACIÓN Y DIGITALIZACIÓN
2025;46MA;C13.I01 Emprendimiento. I+D+i+Digitalización;60.000,00;46. INVESTIGACIÓN, DESARROLLO, INNOVACIÓN Y DIGITALIZACIÓN
2025;46MC;C13.I03 Digitalización e Innovación I. I+D+i+Digitalización;1.322.000,00;46. INVESTIGACIÓN, DESARROLLO, INNOVACIÓN Y DIGITALIZACIÓN
2025;46NB;C14.I02 Programa de digitalización e inteligencia para destinos y sector turístico. I+D+i+Digitalización;100.000,00;46. INVESTIGACIÓN, DESARROLLO, INNOVACIÓN Y DIGITALIZACIÓN
2025;46OA;C15.I01 Favorecer la vertebración territorial mediante despliegue de redes: Extensión de la banda ancha ultrarrápida y cobertura en movilidad de 30 Mbps;256.000,00;46. INVESTIGACIÓN, DESARROLLO, INNOVACIÓN Y DIGITALIZACIÓN
2025;46OB;C15.I02 Refuerzo de conectividad en centros de referencia, motores socioeconómicos y proyectos tractores de digitalización sectorial;155.000,00;46. INVESTIGACIÓN, DESARROLLO, INNOVACIÓN Y DIGITALIZACIÓN
2025;46OC;C15.I03 Bonos de conectividad para PYMES y colectivos vulnerables;10.000,00;46. INVESTIGACIÓN, DESARROLLO, INNOVACIÓN Y DIGITALIZACIÓN
2025;46OD;C15.I04 Renovación y sostenibilidad de infraestructuras;20.000,00;46. INVESTIGACIÓN, DESARROLLO, INNOVACIÓN Y DIGITALIZACIÓN
2025;46OE;C15.I05 Despliegue de infraestructuras digitales transfronterizas. I+D+i+Digitalización;1.350.000,00;46. INVESTIGACIÓN, DESARROLLO, INNOVACIÓN Y DIGITALIZACIÓN
2025;46OG;C15.I07 Ciberseguridad: Fortalecimiento de las capacidades de ciudadanos, PYMES y profesionales; e Impulso del ecosistema del sector;131.620,00;46. INVESTIGACIÓN, DESARROLLO, INNOVACIÓN Y DIGITALIZACIÓN
2025;46PR;C16.R01 Estrategia Nacional de IA;86.600,00;46. INVESTIGACIÓN, DESARROLLO, INNOVACIÓN Y DIGITALIZACIÓN
2025;46RF;C18.I06 Data lake Sanitario;65.000,00;46. INVESTIGACIÓN, DESARROLLO, INNOVACIÓN Y DIGITALIZACIÓN
2025;46SA;C19.I01 Competencias digitales transversales. I+D+i+Digitalización;26.000,00;46. INVESTIGACIÓN, DESARROLLO, INNOVACIÓN Y DIGITALIZACIÓN
2025;46SD;C19.I04 Profesionales digitales;5.000,00;46. INVESTIGACIÓN, DESARROLLO, INNOVACIÓN Y DIGITALIZACIÓN
2025;46UE;C21.I05 Mejora de infraestructuras digitales, el equipamiento, las tecnologías, la docencia y la evaluación digitales universitarios;10.000,00;46. INVESTIGACIÓN, DESARROLLO, INNOVACIÓN Y DIGITALIZACIÓN
2025;461N;Dirección y Servicios Generales de Transformación Digital y de la Función Pública;37.256,42;46. INVESTIGACIÓN, DESARROLLO, INNOVACIÓN Y DIGITALIZACIÓN
2025;467G;Investigación y desarrollo de la Sociedad de la Información;88.706,06;46. INVESTIGACIÓN, DESARROLLO, INNOVACIÓN Y DIGITALIZACIÓN
2025;467I;Innovación tecnológica de las telecomunicaciones;204.073,49;46. INVESTIGACIÓN, DESARROLLO, INNOVACIÓN Y DIGITALIZACIÓN
2025;49OF;C15.I06 Despliegue del 5G: redes, cambio tecnológico e innovación;570.000,00;49. OTRAS ACTUACIONES DE CARÁCTER ECONÓMICO
2025;49OS;C15.R02 Hoja de ruta 5G: Gestión y asignación del espectro, reducción de cargas al despliegue, Ley de Ciberseguridad 5G y Apoyo a entidades locales;31.000,00;49. OTRAS ACTUACIONES DE CARÁCTER ECONÓMICO
2025;491M;Ordenación y promoción de las telecomunicaciones y de la Sociedad de la Información;37.503,94;49. OTRAS ACTUACIONES DE CARÁCTER ECONÓMICO
2025;92KC;C11.I03 Transformación Digital y Modernización de la AGE. Servicios de carácter general;5.599,56;92. SERVICIOS DE CARÁCTER GENERAL
2025;921N;Dirección y organización de la Administración Pública;18.607,41;92. SERVICIOS DE CARÁCTER GENERAL
2025;921O;Formación del personal de las Administraciones Públicas;117.298,53;92. SERVICIOS DE CARÁCTER GENERAL
2025;921X;Evaluación de la transparencia de la actividad pública;3.379,38;92. SERVICIOS DE CARÁCTER GENERAL
2025;94KC;C11.I03 Transformación Digital y Modernización de las CCAA y EELL. Transferencias a otras AA.PP.;221.300,00;94. TRANSFERENCIAS A OTRAS ADMINISTRACIONES PÚBLICAS
2025;000X;Transferencias y libramientos internos (Sección: 33 MINISTERIO PARA LA TRANSFORMACIÓN DIGITAL Y DE LA FUNCIÓN PÚBLICA);34.338,29;94. TRANSFERENCIAS A OTRAS ADMINISTRACIONES PÚBLICAS
2025;943M;Transferencias al Presupuesto General de la Unión Europea;17.778.850,00;94. TRANSFERENCIAS A OTRAS ADMINISTRACIONES PÚBLICAS
2025;943N;Cooperación a través del Fondo Europeo de Desarrollo y del Fondo Europeo de Apoyo a la Paz;264.000,00;94. TRANSFERENCIAS A OTRAS ADMINISTRACIONES PÚBLICAS
2025;929N;Fondo de contingencia de ejecución presupuestaria;3.964.420,00;92. SERVICIOS DE CARÁCTER GENERAL
2025;941N;Transferencias a Comunidades Autónomas por los Fondos de Compensación Interterritorial;582.430,00;94. TRANSFERENCIAS A OTRAS ADMINISTRACIONES PÚBLICAS
2025;453A;Infraestructura del transporte ferroviario;10.556,17;45. INFRAESTRUCTURAS Y ECOSISTEMAS RESILIENTES
2025;941O;Otras transferencias a Comunidades Autónomas;373.187,24;94. TRANSFERENCIAS A OTRAS ADMINISTRACIONES PÚBLICAS
2025;942N;Otras transferencias a Entidades Locales;1.907.392,86;94. TRANSFERENCIAS A OTRAS ADMINISTRACIONES PÚBLICAS
2025;941M;Transferencias a Comunidades Autónomas por participación en los ingresos del Estado;23.552.875,38;94. TRANSFERENCIAS A OTRAS ADMINISTRACIONES PÚBLICAS
2025;941O;Otras transferencias a Comunidades Autónomas;522.200,00;94. TRANSFERENCIAS A OTRAS ADMINISTRACIONES PÚBLICAS
2025;942M;Transferencias a Entidades Locales por participación en los ingresos del Estado;20.792.575,72;94. TRANSFERENCIAS A OTRAS ADMINISTRACIONES PÚBLICAS
2025;942N;Otras transferencias a Entidades Locales;220.319,43;94. TRANSFERENCIAS A OTRAS ADMINISTRACIONES PÚBLICAS
2025;211A;Pensiones contributivas de la Seguridad Social;159.688.815,85;21. PENSIONES
2025;212A;Pensiones no contributivas y prestaciones asistenciales;2.803.945,60;21. PENSIONES
2025;212C;Complementos por mínimos de las pensiones contributivas;7.261.170,00;21. PENSIONES
2025;219M;Gestión de las prestaciones económicas de Seguridad Social;424.705,10;21. PENSIONES
2025;221A;Ingreso mínimo vital y prestaciones familiares;4.193.128,43;22. OTRAS PRESTACIONES ECONÓMICAS
2025;221B;Subsidios de incapacidad temporal y otras prestaciones económicas de la Seguridad Social;16.792.938,29;22. OTRAS PRESTACIONES ECONÓMICAS
2025;224A;Prestaciones económicas por cese de actividad;51.111,21;22. OTRAS PRESTACIONES ECONÓMICAS
2025;23VA;C22.I01 Plan de apoyos y cuidados de larga duración: desinstitucionalización, equipamientos y tecnología.;2.460,47;23. SERVICIOS SOCIALES Y PROMOCIÓN SOCIAL
2025;231C;Servicios Sociales de la Seguridad Social a personas con discapacidad;44.558,39;23. SERVICIOS SOCIALES Y PROMOCIÓN SOCIAL
2025;231D;Servicios Sociales de la Seguridad Social a personas mayores;123.217,37;23. SERVICIOS SOCIALES Y PROMOCIÓN SOCIAL
2025;231E;Otros servicios sociales de la Seguridad Social;49.808,37;23. SERVICIOS SOCIALES Y PROMOCIÓN SOCIAL
2025;231I;Autonomía personal y atención a la dependencia;3.522.300,75;23. SERVICIOS SOCIALES Y PROMOCIÓN SOCIAL
2025;239M;Gestión de los servicios sociales de la Seguridad Social;60.097,81;23. SERVICIOS SOCIALES Y PROMOCIÓN SOCIAL
2025;29KB;C11.I02 Proyectos tractores de digitalización de la Administración General del Estado. Gestión y Administración de la Inclusión, de la Seguridad Social y de la Migración;139.500,00;29. GESTIÓN Y ADMINISTRACIÓN DE LA INCLUSIÓN, DE LA SEGURIDAD SOCIAL Y DE LA MIGRACIÓN
2025;29SC;C19.I03 Competencias digitales para el empleo. Gestión y Administración de la Inclusión, de la Seguridad Social y de la Migración;36.000,00;29. GESTIÓN Y ADMINISTRACIÓN DE LA INCLUSIÓN, DE LA SEGURIDAD SOCIAL Y DE LA MIGRACIÓN
2025;291M;Dirección y Servicios Generales de la Inclusión, de la Seguridad Social y de la Migración;6.695.288,35;29. GESTIÓN Y ADMINISTRACIÓN DE LA INCLUSIÓN, DE LA SEGURIDAD SOCIAL Y DE LA MIGRACIÓN
2025;31RC;C18.I03 Aumento de capacidades de respuesta ante crisis sanitarias. Sanidad;15.660,00;31. SANIDAD
2025;311M;Dirección y Servicios Generales de Sanidad;17.980,06;31. SANIDAD
2025;312B;Atención primaria de salud. Instituto Nacional de Gestión Sanitaria;79.385,39;31. SANIDAD
2025;312C;Atención especializada de salud. Instituto Nacional de Gestión Sanitaria;204.671,18;31. SANIDAD
2025;312D;Medicina marítima;39.241,77;31. SANIDAD
2025;312F;Atención primaria de salud de Mutuas colaboradoras con la Seguridad Social e Instituto Social de la Marina;997.383,21;31. SANIDAD
2025;312G;Atención especializada de salud de Mutuas colaboradoras con la Seguridad Social e Instituto Social de la Marina;486.583,80;31. SANIDAD
2025;322I;Enseñanzas especiales;2.951,96;32. EDUCACIÓN
2025;000X;Transferencias y libramientos internos (Sección: 60 SEGURIDAD SOCIAL);5.444.358,97;32. EDUCACIÓN
2026;911M;Jefatura del Estado;8.431,15;91. ÓRGANOS CONSTITUCIONALES, GOBIERNO Y OTROS
2026;911N;Actividad legislativa;268.007,17;91. ÓRGANOS CONSTITUCIONALES, GOBIERNO Y OTROS
2026;911O;Control externo del Sector Público;78.372,36;91. ÓRGANOS CONSTITUCIONALES, GOBIERNO Y OTROS
2026;911P;Control Constitucional;30.486,00;91. ÓRGANOS CONSTITUCIONALES, GOBIERNO Y OTROS
2026;912N;Alto asesoramiento del Estado;14.686,84;91. ÓRGANOS CONSTITUCIONALES, GOBIERNO Y OTROS
2026;951M;Amortización y gastos financieros de la deuda pública en euros;128.738.279,10;95. GASTOS FINANCIEROS DE LA DEUDA PUBLICA
2026;951N;Amortización y gastos financieros de la deuda pública en moneda extranjera;58.562,00;95. GASTOS FINANCIEROS DE LA DEUDA PUBLICA
2026;211B;Pensiones de Clases Pasivas;20.369.000,89;21. PENSIONES
2026;211C;Otras pensiones y prestaciones de Clases Pasivas;49.447,74;21. PENSIONES
2026;212B;Pensiones de guerra;81.093,93;21. PENSIONES
2026;000X;Transferencias y libramientos internos (Sección: 07 CLASES PASIVAS);249,75;21. PENSIONES
2026;111M;Gobierno del Poder Judicial;43.258,25;11. JUSTICIA
2026;111O;Selección y formación de jueces;24.135,74;11. JUSTICIA
2026;111P;Documentación y publicaciones judiciales;10.939,81;11. JUSTICIA
2026;923S;Aportaciones al Mutualismo Administrativo;2.281.136,60;92. SERVICIOS DE CARÁCTER GENERAL
2026;000X;Transferencias y libramientos internos (Sección: 09 APORTACIONES AL MUTUALISMO ADMINISTRATIVO);98.330,95;92. SERVICIOS DE CARÁCTER GENERAL
2026;923R;Contratación centralizada;317.071,70;92. SERVICIOS DE CARÁCTER GENERAL
2026;141M;Dirección y Servicios Generales de Asuntos Exteriores, Unión Europea y Cooperación;95.878,53;14. POLÍTICA EXTERIOR Y DE COOPERACIÓN PARA EL DESARROLLO
2026;142A;Acción del Estado en el exterior;855.757,36;14. POLÍTICA EXTERIOR Y DE COOPERACIÓN PARA EL DESARROLLO
2026;142B;Acción Diplomática ante la Unión Europea;24.399,75;14. POLÍTICA EXTERIOR Y DE COOPERACIÓN PARA EL DESARROLLO
2026;143A;Cooperación para el desarrollo;998.051,19;14. POLÍTICA EXTERIOR Y DE COOPERACIÓN PARA EL DESARROLLO
2026;144A;Cooperación, promoción y difusión cultural en el exterior;148.422,95;14. POLÍTICA EXTERIOR Y DE COOPERACIÓN PARA EL DESARROLLO
2026;467G;Investigación y desarrollo de la Sociedad de la Información;1.759,66;46. INVESTIGACIÓN, DESARROLLO, INNOVACIÓN Y DIGITALIZACIÓN
2026;000X;Transferencias y libramientos internos (Sección: 12 MINISTERIO DE ASUNTOS EXTERIORES, UNIÓN EUROPEA Y COOPERACIÓN);664.535,54;46. INVESTIGACIÓN, DESARROLLO, INNOVACIÓN Y DIGITALIZACIÓN
2026;111N;Dirección y Servicios Generales de Justicia;130.303,29;11. JUSTICIA
2026;111Q;Formación del Personal de la Administración de Justicia;10.154,97;11. JUSTICIA
2026;111R;Formación de la Carrera Fiscal;10.112,18;11. JUSTICIA
2026;111S;Protección al informante sobre infracciones y Lucha contra la Corrupción;4.289,08;11. JUSTICIA
2026;112A;Tribunales de Justicia y Ministerio Fiscal;1.963.188,44;11. JUSTICIA
2026;113M;Registros vinculados con la Fe Pública;34.979,25;11. JUSTICIA
2026;135M;Protección de datos de carácter personal;18.420,74;13. SEGURIDAD CIUDADANA E INSTITUCIONES PENITENCIARIAS
2026;222M;Prestaciones económicas del Mutualismo Administrativo;26.682,41;22. OTRAS PRESTACIONES ECONÓMICAS
2026;312E;Asistencia sanitaria del Mutualismo Administrativo;101.490,42;31. SANIDAD
2026;337A;Administración del Patrimonio Histórico-Nacional;121.131,72;33. CULTURA
2026;337D;Administración de los Reales Patronatos;5.511,51;33. CULTURA
2026;42KD;C11.I04 Plan de Transición Energética en la Administración General del Estado;22.050,98;42. INDUSTRIA Y ENERGÍA
2026;462M;Investigación y estudios sociológicos y constitucionales;17.177,75;46. INVESTIGACIÓN, DESARROLLO, INNOVACIÓN Y DIGITALIZACIÓN
2026;467G;Investigación y desarrollo de la Sociedad de la Información;1.582,63;46. INVESTIGACIÓN, DESARROLLO, INNOVACIÓN Y DIGITALIZACIÓN
2026;911Q;Apoyo a la gestión administrativa de la Jefatura del Estado;7.775,83;91. ÓRGANOS CONSTITUCIONALES, GOBIERNO Y OTROS
2026;912M;Presidencia del Gobierno;55.594,40;91. ÓRGANOS CONSTITUCIONALES, GOBIERNO Y OTROS
2026;912O;Relaciones con las Cortes Generales, Secretariado del Gobierno y apoyo a la Alta Dirección;48.341,99;91. ÓRGANOS CONSTITUCIONALES, GOBIERNO Y OTROS
2026;921Q;Cobertura informativa;78.363,60;92. SERVICIOS DE CARÁCTER GENERAL
2026;921R;Publicidad de las normas legales;32.124,74;92. SERVICIOS DE CARÁCTER GENERAL
2026;921S;Asesoramiento y defensa de los intereses del Estado;44.657,51;92. SERVICIOS DE CARÁCTER GENERAL
2026;000X;Transferencias y libramientos internos (Sección: 13 MINISTERIO DE LA PRESIDENCIA, JUSTICIA Y RELACIONES CON LAS CORTES);123.769,98;92. SERVICIOS DE CARÁCTER GENERAL
2026;12SC;C19.I03 Competencias digitales para el empleo. Defensa;11.000,00;12. DEFENSA
2026;121M;Administración y Servicios Generales de Defensa;2.536.909,04;12. DEFENSA
2026;121N;Formación del Personal de las Fuerzas Armadas;494.328,15;12. DEFENSA
2026;121O;Personal en reserva;579.999,37;12. DEFENSA
2026;122A;Modernización de las Fuerzas Armadas;459.203,70;12. DEFENSA
2026;122B;Programas especiales de modernización;4.901.716,30;12. DEFENSA
2026;122M;Gastos Operativos de las Fuerzas Armadas;2.305.563,40;12. DEFENSA
2026;122N;Apoyo Logístico;1.028.109,11;12. DEFENSA
2026;222M;Prestaciones económicas del Mutualismo Administrativo;78.544,21;22. OTRAS PRESTACIONES ECONÓMICAS
2026;312A;Asistencia hospitalaria en las Fuerzas Armadas;178.236,75;31. SANIDAD
2026;312E;Asistencia sanitaria del Mutualismo Administrativo;758.956,87;31. SANIDAD
2026;42KD;C11.I04 Plan de Transición Energética en la Administración General del Estado;159.592,89;42. INDUSTRIA Y ENERGÍA
2026;464A;Investigación y estudios de las Fuerzas Armadas;232.101,48;46. INVESTIGACIÓN, DESARROLLO, INNOVACIÓN Y DIGITALIZACIÓN
2026;912Q;Asesoramiento para la protección de los intereses nacionales;334.108,04;91. ÓRGANOS CONSTITUCIONALES, GOBIERNO Y OTROS
2026;931P;Control interno y Contabilidad Pública;62,13;93. ADMINISTRACIÓN FINANCIERA Y TRIBUTARIA
2026;000X;Transferencias y libramientos internos (Sección: 14 MINISTERIO DE DEFENSA);395.406,29;93. ADMINISTRACIÓN FINANCIERA Y TRIBUTARIA
2026;337B;Conservación y restauración de bienes culturales;8.027,14;33. CULTURA
2026;42KD;C11.I04 Plan de Transición Energética en la Administración General del Estado;30.410,76;42. INDUSTRIA Y ENERGÍA
2026;422A;Incentivos regionales a la localización industrial;144.055,26;42. INDUSTRIA Y ENERGÍA
2026;462N;Investigación y estudios estadísticos y económicos;6.512,02;46. INVESTIGACIÓN, DESARROLLO, INNOVACIÓN Y DIGITALIZACIÓN
2026;467G;Investigación y desarrollo de la Sociedad de la Información;14.851,76;46. INVESTIGACIÓN, DESARROLLO, INNOVACIÓN Y DIGITALIZACIÓN
2026;492N;Regulación y vigilancia de la competencia en el Mercado de Tabacos;8.717,91;49. OTRAS ACTUACIONES DE CARÁCTER ECONÓMICO
2026;92SC;C19.I03 Competencias digitales para el empleo. Servicios de carácter general;2.941,00;92. SERVICIOS DE CARÁCTER GENERAL
2026;921T;Servicios de transportes de Ministerios;48.534,32;92. SERVICIOS DE CARÁCTER GENERAL
2026;922N;Coordinación y relaciones financieras con los Entes Territoriales;16.008.898,70;92. SERVICIOS DE CARÁCTER GENERAL
2026;923A;Gestión del Patrimonio del Estado;226.782,29;92. SERVICIOS DE CARÁCTER GENERAL
2026;923M;Dirección y Servicios Generales de Hacienda y Función Pública;1.081.475,17;92. SERVICIOS DE CARÁCTER GENERAL
2026;923N;Formación del personal de Economía y Hacienda;25.120,06;92. SERVICIOS DE CARÁCTER GENERAL
2026;93KE;C11.I05 Transformación de la Administración para la Ejecución del PRTR. Administración Financiera y Tributaria;467,00;93. ADMINISTRACIÓN FINANCIERA Y TRIBUTARIA
2026;931N;Política presupuestaria;77.089,23;93. ADMINISTRACIÓN FINANCIERA Y TRIBUTARIA
2026;931O;Política tributaria;5.969,21;93. ADMINISTRACIÓN FINANCIERA Y TRIBUTARIA
2026;931P;Control interno y Contabilidad Pública;92.289,02;93. ADMINISTRACIÓN FINANCIERA Y TRIBUTARIA
2026;931Q;Control y Supervisión de la Política Fiscal;10.578,90;93. ADMINISTRACIÓN FINANCIERA Y TRIBUTARIA
2026;932A;Aplicación del sistema tributario estatal;1.395.873,89;93. ADMINISTRACIÓN FINANCIERA Y TRIBUTARIA
2026;932M;Gestión del catastro inmobiliario;114.037,93;93. ADMINISTRACIÓN FINANCIERA Y TRIBUTARIA
2026;932N;Resolución de reclamaciones económico-administrativas;31.297,26;93. ADMINISTRACIÓN FINANCIERA Y TRIBUTARIA
2026;000X;Transferencias y libramientos internos (Sección: 15 MINISTERIO DE HACIENDA);1.421.979,15;93. ADMINISTRACIÓN FINANCIERA Y TRIBUTARIA
2026;131M;Dirección y Servicios Generales de Seguridad y Protección Civil;442.583,55;13. SEGURIDAD CIUDADANA E INSTITUCIONES PENITENCIARIAS
2026;131N;Formación de Fuerzas y Cuerpos de Seguridad del Estado;178.908,67;13. SEGURIDAD CIUDADANA E INSTITUCIONES PENITENCIARIAS
2026;131O;Fuerzas y Cuerpos en reserva;304.720,15;13. SEGURIDAD CIUDADANA E INSTITUCIONES PENITENCIARIAS
2026;131P;Derecho de asilo y apátridas;16.202,48;13. SEGURIDAD CIUDADANA E INSTITUCIONES PENITENCIARIAS
2026;132A;Seguridad ciudadana;7.417.008,17;13. SEGURIDAD CIUDADANA E INSTITUCIONES PENITENCIARIAS
2026;132B;Seguridad vial;843.692,10;13. SEGURIDAD CIUDADANA E INSTITUCIONES PENITENCIARIAS
2026;132C;Actuaciones policiales en materia de droga;108.468,89;13. SEGURIDAD CIUDADANA E INSTITUCIONES PENITENCIARIAS
2026;133A;Centros e Instituciones Penitenciarias;1.326.257,79;13. SEGURIDAD CIUDADANA E INSTITUCIONES PENITENCIARIAS
2026;134M;Protección Civil;16.749,71;13. SEGURIDAD CIUDADANA E INSTITUCIONES PENITENCIARIAS
2026;924M;Elecciones y Partidos Políticos;461.567,98;92. SERVICIOS DE CARÁCTER GENERAL
2026;000X;Transferencias y libramientos internos (Sección: 16 MINISTERIO DEL INTERIOR);142.301,22;92. SERVICIOS DE CARÁCTER GENERAL
2026;441M;Subvenciones y apoyo al transporte terrestre;2.604.241,89;44. INFRAESTRUCTURAS
2026;441N;Subvenciones y apoyo al transporte marítimo;183.948,92;44. INFRAESTRUCTURAS
2026;441O;Subvenciones y apoyo al transporte aéreo;573.860,05;44. INFRAESTRUCTURAS
2026;441P;Subvenciones al transporte extrapeninsular de mercancías;84.279,24;44. INFRAESTRUCTURAS
2026;45AA;C01.I01 Zonas de bajas emisiones y transformación del transporte urbano y metropolitano. Infraestructuras y Ecosistemas Resilientes;987.148,53;45. INFRAESTRUCTURAS Y ECOSISTEMAS RESILIENTES
2026;45AC;C01.I03 Actuaciones de mejora de la calidad y fiabilidad en el servicio de Cercanías.;358.989,77;45. INFRAESTRUCTURAS Y ECOSISTEMAS RESILIENTES
2026;45FA;C06.I01 Red nacional de transporte: Corredores europeos.;236.816,02;45. INFRAESTRUCTURAS Y ECOSISTEMAS RESILIENTES
2026;45FB;C06.I02 Red Transeuropea de Transporte. Otras actuaciones. Infraestructuras y Ecosistemas Resilientes;514.984,74;45. INFRAESTRUCTURAS Y ECOSISTEMAS RESILIENTES
2026;45FC;C06.I03 Intermodalidad y logística;316.681,12;45. INFRAESTRUCTURAS Y ECOSISTEMAS RESILIENTES
2026;45FD;C06.I04 Programa de apoyo para un transporte sostenible y digital;132.000,00;45. INFRAESTRUCTURAS Y ECOSISTEMAS RESILIENTES
2026;45SC;C19.I03 Competencias digitales para el empleo. Transportes y Movilidad.;11.500,00;45. INFRAESTRUCTURAS Y ECOSISTEMAS RESILIENTES
2026;451M;Estudios y servicios de asistencia técnica en Obras Públicas y Urbanismo;33.395,55;45. INFRAESTRUCTURAS Y ECOSISTEMAS RESILIENTES
2026;451N;Dirección y Servicios Generales de Transportes y Movilidad Sostenible;438.395,56;45. INFRAESTRUCTURAS Y ECOSISTEMAS RESILIENTES
2026;453A;Infraestructura del transporte ferroviario;1.733.244,11;45. INFRAESTRUCTURAS Y ECOSISTEMAS RESILIENTES
2026;453B;Creación de infraestructura de carreteras;1.593.547,10;45. INFRAESTRUCTURAS Y ECOSISTEMAS RESILIENTES
2026;453C;Conservación y explotación de carreteras;1.208.409,41;45. INFRAESTRUCTURAS Y ECOSISTEMAS RESILIENTES
2026;453M;Ordenación e inspección del transporte terrestre;24.304,79;45. INFRAESTRUCTURAS Y ECOSISTEMAS RESILIENTES
2026;453N;Regulación y supervisión de la seguridad ferroviaria;16.463,52;45. INFRAESTRUCTURAS Y ECOSISTEMAS RESILIENTES
2026;453O;Comisión de Investigación de Accidentes Ferroviarios;516,15;45. INFRAESTRUCTURAS Y ECOSISTEMAS RESILIENTES
2026;454M;Regulación y seguridad del tráfico marítimo;36.829,51;45. INFRAESTRUCTURAS Y ECOSISTEMAS RESILIENTES
2026;454O;Comisión de Investigación de Accidentes e Incidentes Marítimos;2.687,18;45. INFRAESTRUCTURAS Y ECOSISTEMAS RESILIENTES
2026;455M;Regulación y supervisión de la aviación civil;92.932,63;45. INFRAESTRUCTURAS Y ECOSISTEMAS RESILIENTES
2026;455O;Comisión de Investigación de Accidentes e Incidentes de Aviación Civil;1.762,85;45. INFRAESTRUCTURAS Y ECOSISTEMAS RESILIENTES
2026;46AA;C01.I01 Zonas de bajas emisiones y transformación del transporte urbano y metropolitano. I+D+i+Digitalización;2.580,17;46. INVESTIGACIÓN, DESARROLLO, INNOVACIÓN Y DIGITALIZACIÓN
2026;46FB;C06.I02 Red Transeuropea de Transporte. Otras actuaciones. I+D+i+Digitalización;30.284,54;46. INVESTIGACIÓN, DESARROLLO, INNOVACIÓN Y DIGITALIZACIÓN
2026;46QC;C17.I03 Nuevos proyectos I+D+I Publico Privados, Interdisciplinares, Pruebas de concepto y concesión de ayudas consecuencia de convocatorias competitivas internacionales. I+D de vanguardia orientada a retos de la sociedad. Compra pública pre-comercial.;4,47;46. INVESTIGACIÓN, DESARROLLO, INNOVACIÓN Y DIGITALIZACIÓN
2026;467B;Investigación, desarrollo y experimentación en transporte e infraestructuras;1.000,00;46. INVESTIGACIÓN, DESARROLLO, INNOVACIÓN Y DIGITALIZACIÓN
2026;467G;Investigación y desarrollo de la Sociedad de la Información;980,00;46. INVESTIGACIÓN, DESARROLLO, INNOVACIÓN Y DIGITALIZACIÓN
2026;495A;Desarrollo y aplicación de la información geográfica española;45.961,78;49. OTRAS ACTUACIONES DE CARÁCTER ECONÓMICO
2026;497M;Salvamento y lucha contra la contaminación en la mar;189.760,00;49. OTRAS ACTUACIONES DE CARÁCTER ECONÓMICO
2026;000X;Transferencias y libramientos internos (Sección: 17 MINISTERIO DE TRANSPORTES Y MOVILIDAD SOSTENIBLE);141.080,75;49. OTRAS ACTUACIONES DE CARÁCTER ECONÓMICO
2026;14SB;C19.I02 Transformación Digital de la Educación. Política Exterior;324,11;14. POLÍTICA EXTERIOR Y DE COOPERACIÓN PARA EL DESARROLLO
2026;144B;Cooperación, promoción y difusión educativa en el exterior;11.243,25;14. POLÍTICA EXTERIOR Y DE COOPERACIÓN PARA EL DESARROLLO
2026;24TA;C20.I01 Reskilling y upskilling de la población activa ligado a cualificaciones profesionales. Fomento del Empleo;73.500,00;24. FOMENTO DEL EMPLEO
2026;241B;Formación Profesional para el Empleo;1.178.386,26;24. FOMENTO DEL EMPLEO
2026;32SA;C19.I01 Competencias digitales transversales. Educación;42.000,00;32. EDUCACIÓN
2026;32SB;C19.I02 Transformación Digital de la Educación. Educación;59.804,01;32. EDUCACIÓN
2026;32TA;C20.I01 Reskilling y upskilling de la población activa ligado a cualificaciones profesionales. Educación;438.800,42;32. EDUCACIÓN
2026;32TB;C20.I02 Transformación Digital de la Formación Profesional;143.059,87;32. EDUCACIÓN
2026;32TC;C20.I03 Innovación e internacionalización de la formación profesional;193.203,23;32. EDUCACIÓN
2026;32TR;C20.R01 Plan de modernización de la Formación Profesional;400,00;32. EDUCACIÓN
2026;32UA;C21.I01 Creación de plazas del Primer Ciclo de Educación Infantil de titularidad pública (prioritariamente de 1 y 2 años): Reforma/rehabilitación y equipamiento para nuevas unidades; nueva construcción y equipamiento; y, gastos de personal y otros gastos.;136.210,00;32. EDUCACIÓN
2026;32UB;C21.I02 Programa de Orientación, Avance y Enriquecimiento Educativo en centros de especial complejidad educativa (Programa #PROA+).;120.626,50;32. EDUCACIÓN
2026;32UC;C21.I03 Creación de Unidades de Acompañamiento y Orientación Personal y Familiar del alumnado educativamente vulnerable, en los servicios educativos o psicopedagógicos situados en zonas y distritos escolares.;55.934,92;32. EDUCACIÓN
2026;32US;C21.R02 Diseño y aplicación de nuevo modelo curricular por competencias clave, priorizando aprendizajes fundamentales, y regulación de una ordenación académica inclusiva;400,00;32. EDUCACIÓN
2026;321M;Dirección y Servicios Generales de Educación, Formación Profesional y Deportes;84.675,71;32. EDUCACIÓN
2026;321N;Formación permanente del profesorado de Educación;1.847,44;32. EDUCACIÓN
2026;322A;Educación Infantil y Primaria;194.695,38;32. EDUCACIÓN
2026;322B;Educación Secundaria, Formación Profesional y Escuelas Oficiales de Idiomas;583.748,50;32. EDUCACIÓN
2026;322E;Enseñanzas artísticas;4.757,97;32. EDUCACIÓN
2026;322F;Educación en el exterior;110.156,67;32. EDUCACIÓN
2026;322G;Educación compensatoria;4.144,07;32. EDUCACIÓN
2026;322L;Inversiones en centros educativos y otras actividades educativas;396.706,44;32. EDUCACIÓN
2026;323M;Becas y ayudas a estudiantes;2.549.784,10;32. EDUCACIÓN
2026;33ZA;C26.I01 Plan de Digitalización del Sector Deporte;57.391,93;33. CULTURA
2026;33ZB;C26.I02 Plan de Transición Ecológica de Instalaciones Deportivas;68.998,19;33. CULTURA
2026;33ZC;C26.I03 Plan Social del Sector Deporte;16.000,00;33. CULTURA
2026;336A;Fomento y apoyo de las actividades deportivas;248.585,87;33. CULTURA
2026;000X;Transferencias y libramientos internos (Sección: 18 MINISTERIO DE EDUCACIÓN, FORMACIÓN PROFESIONAL Y DEPORTES);346.404,45;33. CULTURA
2026;143A;Cooperación para el desarrollo;1.193,98;14. POLÍTICA EXTERIOR Y DE COOPERACIÓN PARA EL DESARROLLO
2026;223A;Prestaciones de garantía salarial;830.000,45;22. OTRAS PRESTACIONES ECONÓMICAS
2026;224A;Prestaciones económicas por cese de actividad;6.136,49;22. OTRAS PRESTACIONES ECONÓMICAS
2026;241A;Fomento de la inserción y estabilidad laboral;4.120.944,54;24. FOMENTO DEL EMPLEO
2026;241B;Formación Profesional para el Empleo;2.126.310,71;24. FOMENTO DEL EMPLEO
2026;241N;Desarrollo de la economía social y de la responsabilidad social de las empresas;9.811,48;24. FOMENTO DEL EMPLEO
2026;241O;Desarrollo del trabajo autónomo;6.839,16;24. FOMENTO DEL EMPLEO
2026;251M;Prestaciones a los desempleados;21.278.019,88;25. DESEMPLEO
2026;281M;Dirección y Servicios Generales de Trabajo y Economía Social;118.902,74;28. GESTIÓN Y ADMINISTRACIÓN DE TRABAJO Y ECONOMÍA SOCIAL
2026;291A;Inspección y control de Seguridad y Protección Social;203.130,84;29. GESTIÓN Y ADMINISTRACIÓN DE LA INCLUSIÓN, DE LA SEGURIDAD SOCIAL Y DE LA MIGRACIÓN
2026;494M;Administración de las relaciones laborales y condiciones de trabajo;80.568,51;49. OTRAS ACTUACIONES DE CARÁCTER ECONÓMICO
2026;912P;Asesoramiento del Gobierno en materia social, económica y laboral;9.220,85;91. ÓRGANOS CONSTITUCIONALES, GOBIERNO Y OTROS
2026;000X;Transferencias y libramientos internos (Sección: 19 MINISTERIO DE TRABAJO Y ECONOMÍA SOCIAL);564.232,62;91. ÓRGANOS CONSTITUCIONALES, GOBIERNO Y OTROS
2026;42LB;C12.I02 Programa de impulso de la Competitividad y Sostenibilidad Industrial e I+D+i;1.000.000,00;42. INDUSTRIA Y ENERGÍA
2026;42MA;C13.I01 Emprendimiento. Industria;3.000,00;42. INDUSTRIA Y ENERGÍA
2026;421M;Dirección y Servicios Generales de Industria y Turismo;61.919,17;42. INDUSTRIA Y ENERGÍA
2026;421N;Regulación y protección de la Propiedad Industrial;53.424,74;42. INDUSTRIA Y ENERGÍA
2026;421O;Calidad y seguridad industrial;3.775,88;42. INDUSTRIA Y ENERGÍA
2026;422B;Desarrollo industrial;334.350,81;42. INDUSTRIA Y ENERGÍA
2026;422M;Reconversión y reindustrialización;652.774,86;42. INDUSTRIA Y ENERGÍA
2026;43MA;C13.I01 Emprendimiento. PYMES;44.800,00;43. COMERCIO, TURISMO Y PYMES
2026;43MB;C13.I02 Crecimiento. PYMES;198.000,00;43. COMERCIO, TURISMO Y PYMES
2026;43MC;C13.I03 Digitalización e Innovación I. PYMES;65.000,00;43. COMERCIO, TURISMO Y PYMES
2026;43NA;C14.I01 Transformación del modelo turístico hacia la sostenibilidad.;497.000,00;43. COMERCIO, TURISMO Y PYMES
2026;43NB;C14.I02 Programa de digitalización e inteligencia para destinos y sector turístico. Comercio, Turismo y PYMES;10.000,00;43. COMERCIO, TURISMO Y PYMES
2026;43NC;C14.I03 Estrategias de resiliencia turística para territorios extrapeninsulares.;64.000,00;43. COMERCIO, TURISMO Y PYMES
2026;43ND;C14.I04 Actuaciones especiales en el ámbito de la competitividad.;208.400,00;43. COMERCIO, TURISMO Y PYMES
2026;432A;Coordinación y promoción del turismo;270.076,89;43. COMERCIO, TURISMO Y PYMES
2026;433M;Apoyo a la pequeña y mediana empresa;142.320,09;43. COMERCIO, TURISMO Y PYMES
2026;46LB;C12.I02 Programa de impulso de la Competitividad y Sostenibilidad Industrial. I+D+i+Digitalización;2.898.670,00;46. INVESTIGACIÓN, DESARROLLO, INNOVACIÓN Y DIGITALIZACIÓN
2026;46NB;C14.I02 Programa de digitalización e inteligencia para destinos y sector turístico. I+D+i+Digitalización;42.000,00;46. INVESTIGACIÓN, DESARROLLO, INNOVACIÓN Y DIGITALIZACIÓN
2026;46SC;C19.I03 Competencias digitales para el empleo. I+D+i+Digitalización;54.000,00;46. INVESTIGACIÓN, DESARROLLO, INNOVACIÓN Y DIGITALIZACIÓN
2026;464B;Apoyo a la innovación tecnológica en el sector de la defensa;1.601.150,14;46. INVESTIGACIÓN, DESARROLLO, INNOVACIÓN Y DIGITALIZACIÓN
2026;467C;Investigación y desarrollo tecnológico-industrial;278.840,00;46. INVESTIGACIÓN, DESARROLLO, INNOVACIÓN Y DIGITALIZACIÓN
2026;49LB;C12.I02 Programa de impulso de la Competitividad y Sostenibilidad Industrial. Otras Actuaciones de Carácter Económico;7.410,00;49. OTRAS ACTUACIONES DE CARÁCTER ECONÓMICO
2026;495C;Metrología;10.072,09;49. OTRAS ACTUACIONES DE CARÁCTER ECONÓMICO
2026;921U;Publicaciones;137,17;92. SERVICIOS DE CARÁCTER GENERAL
2026;000X;Transferencias y libramientos internos (Sección: 20 MINISTERIO DE INDUSTRIA Y TURISMO);101.990,39;92. SERVICIOS DE CARÁCTER GENERAL
2026;411M;Dirección y Servicios Generales de Agricultura, Pesca y Alimentación;135.896,33;41. AGRICULTURA, PESCA Y ALIMENTACIÓN
2026;412C;Competitividad y calidad de la producción y los mercados agrarios;58.454,27;41. AGRICULTURA, PESCA Y ALIMENTACIÓN
2026;412D;Competitividad y calidad de la sanidad agraria;46.690,50;41. AGRICULTURA, PESCA Y ALIMENTACIÓN
2026;412M;Regulación de los mercados agrarios;5.787.297,25;41. AGRICULTURA, PESCA Y ALIMENTACIÓN
2026;413A;Competitividad industria agroalimentaria y calidad alimentaria;34.387,25;41. AGRICULTURA, PESCA Y ALIMENTACIÓN
2026;414A;Gestión de recursos hídricos para el regadío, caminos naturales y otras infraestructuras rurales;157.022,57;41. AGRICULTURA, PESCA Y ALIMENTACIÓN
2026;414B;Desarrollo del medio rural;1.782.545,38;41. AGRICULTURA, PESCA Y ALIMENTACIÓN
2026;415A;Protección de los recursos pesqueros y desarrollo sostenible;24.370,64;41. AGRICULTURA, PESCA Y ALIMENTACIÓN
2026;415B;Mejora de estructuras y mercados pesqueros;62.344,16;41. AGRICULTURA, PESCA Y ALIMENTACIÓN
2026;416A;Previsión de riesgos en las producciones agrarias y pesqueras;322.974,30;41. AGRICULTURA, PESCA Y ALIMENTACIÓN
2026;000X;Transferencias y libramientos internos (Sección: 21 MINISTERIO DE AGRICULTURA, PESCA Y ALIMENTACIÓN);357.218,03;41. AGRICULTURA, PESCA Y ALIMENTACIÓN
2026;921M;Dirección y Servicios Generales de Política Territorial y Memoria Democrática;41.404,76;92. SERVICIOS DE CARÁCTER GENERAL
2026;921P;Administración General del Estado en el Territorio;285.864,80;92. SERVICIOS DE CARÁCTER GENERAL
2026;922M;Organización territorial del Estado y desarrollo de sus sistemas de colaboración;11.759,09;92. SERVICIOS DE CARÁCTER GENERAL
2026;925M;Memoria democrática;13.952,00;92. SERVICIOS DE CARÁCTER GENERAL
2026;942A;Cooperación económica local del Estado;58.439,33;94. TRANSFERENCIAS A OTRAS ADMINISTRACIONES PÚBLICAS
2026;42AB;C01.I02 Plan de incentivos a la instalación de puntos de recarga, a la adquisición de vehículos eléctricos y de pila de combustible y a la innovación en electromovilidad, recarga e hidrógeno verde;455.000,00;42. INDUSTRIA Y ENERGÍA
2026;42BC;C02.I03 Programa de rehabilitación energética de edificios (PREE);300.000,00;42. INDUSTRIA Y ENERGÍA
2026;42BD;C02.I04 Programa de regeneración y reto demográfico;225.000,00;42. INDUSTRIA Y ENERGÍA
2026;42GA;C07.I01 Desarrollo de energías renovables innovadoras, integradas en la edificación y en los procesos productivos;780.000,00;42. INDUSTRIA Y ENERGÍA
2026;42GB;C07.I02 Energía sostenible en las islas;25.000,00;42. INDUSTRIA Y ENERGÍA
2026;42HA;C08.I01 Despliegue del almacenamiento energético;93.747,41;42. INDUSTRIA Y ENERGÍA
2026;42HB;C08.I02 Digitalización de las redes;150.000,00;42. INDUSTRIA Y ENERGÍA
2026;42HC;C08.I03 Nuevos modelos de negocio en la transición energética;56.000,00;42. INDUSTRIA Y ENERGÍA
2026;42IA;C09.I01 Hidrógeno renovable: un proyecto país;672.817,00;42. INDUSTRIA Y ENERGÍA
2026;42JA;C10.I01 Inversiones en transición justa;169.252,59;42. INDUSTRIA Y ENERGÍA
2026;42KD;C11.I04 Plan de Transición Energética en la Administración General del Estado;1.346,60;42. INDUSTRIA Y ENERGÍA
2026;423N;Explotación minera;14.409,04;42. INDUSTRIA Y ENERGÍA
2026;424M;Seguridad nuclear y protección radiológica;47.931,69;42. INDUSTRIA Y ENERGÍA
2026;425A;Normativa y desarrollo energético;825.966,42;42. INDUSTRIA Y ENERGÍA
2026;45DA;C04.I01 Digitalización y conocimientos del patrimonio natural;49.828,41;45. INFRAESTRUCTURAS Y ECOSISTEMAS RESILIENTES
2026;45DB;C04.I02 Conservación de la biodiversidad terrestre marina;154.314,68;45. INFRAESTRUCTURAS Y ECOSISTEMAS RESILIENTES
2026;45DC;C04.I03 Restauración de ecosistemas e infraestructura verde;94.679,21;45. INFRAESTRUCTURAS Y ECOSISTEMAS RESILIENTES
2026;45DD;C04.I04 Gestión forestal sostenible;97.340,03;45. INFRAESTRUCTURAS Y ECOSISTEMAS RESILIENTES
2026;45EA;C05.I01 Materialización de actuaciones de depuración, saneamiento, eficiencia, ahorro, reutilización y seguridad de infraestructuras (DSEAR);187.000,00;45. INFRAESTRUCTURAS Y ECOSISTEMAS RESILIENTES
2026;45EB;C05.I02 Seguimiento y restauración de ecosistemas fluviales, recuperación de acuíferos y mitigación del riesgo de inundación;497.980,19;45. INFRAESTRUCTURAS Y ECOSISTEMAS RESILIENTES
2026;45EC;C05.I03 Transición digital en el sector del agua. Infraestructuras y Ecosistemas Resilientes.;370.000,00;45. INFRAESTRUCTURAS Y ECOSISTEMAS RESILIENTES
2026;45ED;C05.I04 Adaptación de la costa al cambio climático e implementación de las Estrategias Marinas y de los planes de ordenación del espacio marítimo;136.733,33;45. INFRAESTRUCTURAS Y ECOSISTEMAS RESILIENTES
2026;45LC;C12.I03 Plan de apoyo a la implementación de la normativa de residuos y al fomento de la economía circular;250.000,00;45. INFRAESTRUCTURAS Y ECOSISTEMAS RESILIENTES
2026;45SA;C19.I01 Competencias digitales transversales. Transición Ecológica;90.000,00;45. INFRAESTRUCTURAS Y ECOSISTEMAS RESILIENTES
2026;451O;Dirección y Servicios Generales para la Transición Ecológica y el Reto Demográfico;113.240,45;45. INFRAESTRUCTURAS Y ECOSISTEMAS RESILIENTES
2026;452A;Gestión e infraestructuras del agua;1.287.050,80;45. INFRAESTRUCTURAS Y ECOSISTEMAS RESILIENTES
2026;452M;Normativa y ordenación territorial de los recursos hídricos;396.494,97;45. INFRAESTRUCTURAS Y ECOSISTEMAS RESILIENTES
2026;456A;Calidad del agua;264.690,36;45. INFRAESTRUCTURAS Y ECOSISTEMAS RESILIENTES
2026;456B;Protección y mejora del medio ambiente;25.174,88;45. INFRAESTRUCTURAS Y ECOSISTEMAS RESILIENTES
2026;456C;Protección y mejora del medio natural;285.053,02;45. INFRAESTRUCTURAS Y ECOSISTEMAS RESILIENTES
2026;456D;Actuación en la costa;96.655,45;45. INFRAESTRUCTURAS Y ECOSISTEMAS RESILIENTES
2026;456E;Reto demográfico y lucha contra la despoblación;71.645,08;45. INFRAESTRUCTURAS Y ECOSISTEMAS RESILIENTES
2026;456M;Actuaciones para la prevención de la contaminación y el cambio climático;28.647,15;45. INFRAESTRUCTURAS Y ECOSISTEMAS RESILIENTES
2026;456N;Transición justa;332.133,18;45. INFRAESTRUCTURAS Y ECOSISTEMAS RESILIENTES
2026;49EC;C05.I03 Transición digital en el sector del agua. Otras actuaciones de carácter económico.;85.957,32;49. OTRAS ACTUACIONES DE CARÁCTER ECONÓMICO
2026;495B;Meteorología;131.258,14;49. OTRAS ACTUACIONES DE CARÁCTER ECONÓMICO
2026;000X;Transferencias y libramientos internos (Sección: 23 MINISTERIO PARA LA TRANSICIÓN ECOLÓGICA Y EL RETO DEMOGRÁFICO);4.338.845,48;49. OTRAS ACTUACIONES DE CARÁCTER ECONÓMICO
2026;144A;Cooperación, promoción y difusión cultural en el exterior;10.290,77;14. POLÍTICA EXTERIOR Y DE COOPERACIÓN PARA EL DESARROLLO
2026;321M;Dirección y Servicios Generales de Educación, Formación Profesional y Deportes;1.744,00;32. EDUCACIÓN
2026;322L;Inversiones en centros educativos y otras actividades educativas;15.684,62;32. EDUCACIÓN
2026;331M;Dirección y Servicios Generales de Cultura;56.186,31;33. CULTURA
2026;332A;Archivos;47.711,03;33. CULTURA
2026;332B;Bibliotecas;65.117,55;33. CULTURA
2026;333A;Museos;233.529,79;33. CULTURA
2026;333B;Exposiciones;1.594,29;33. CULTURA
2026;334A;Promoción y cooperación cultural;289.004,24;33. CULTURA
2026;334B;Promoción del libro y publicaciones culturales;13.892,06;33. CULTURA
2026;334C;Fomento de las industrias culturales;17.172,29;33. CULTURA
2026;335A;Música y danza;122.626,25;33. CULTURA
2026;335B;Teatro;60.216,85;33. CULTURA
2026;335C;Cinematografía;167.143,50;33. CULTURA
2026;337B;Conservación y restauración de bienes culturales;38.806,93;33. CULTURA
2026;337C;Protección del Patrimonio Histórico;13.796,61;33. CULTURA
2026;000X;Transferencias y libramientos internos (Sección: 24 MINISTERIO DE CULTURA);437.444,91;33. CULTURA
2026;26BA;C02.I01 Programa de rehabilitación para la recuperación económica y social en entornos residenciales;1.980.000,00;26. ACCESO A LA VIVIENDA Y FOMENTO DE LA EDIFICACIÓN
2026;26BB;C02.I02 Programa de construcción de viviendas en alquiler social en edificios energéticamente eficientes;500.000,00;26. ACCESO A LA VIVIENDA Y FOMENTO DE LA EDIFICACIÓN
2026;261M;Dirección y Servicios Generales de Vivienda y Agenda Urbana;6.952,78;26. ACCESO A LA VIVIENDA Y FOMENTO DE LA EDIFICACIÓN
2026;261N;Promoción, administración y ayudas para rehabilitación y acceso a vivienda;959.516,75;26. ACCESO A LA VIVIENDA Y FOMENTO DE LA EDIFICACIÓN
2026;261O;Ordenación y fomento de la edificación;30.441,82;26. ACCESO A LA VIVIENDA Y FOMENTO DE LA EDIFICACIÓN
2026;261P;Urbanismo y política del suelo;6.722,08;26. ACCESO A LA VIVIENDA Y FOMENTO DE LA EDIFICACIÓN
2026;000X;Transferencias y libramientos internos (Sección: 25 MINISTERIO DE VIVIENDA Y AGENDA URBANA);900,00;26. ACCESO A LA VIVIENDA Y FOMENTO DE LA EDIFICACIÓN
2026;231A;Plan Nacional sobre Drogas;15.111,84;23. SERVICIOS SOCIALES Y PROMOCIÓN SOCIAL
2026;311M;Dirección y Servicios Generales de Sanidad;39.463,05;31. SANIDAD
2026;311O;Políticas de Salud y Ordenación Profesional;7.805,72;31. SANIDAD
2026;313A;Prestaciones sanitarias y farmacia;206.254,92;31. SANIDAD
2026;313B;Salud pública, sanidad exterior y calidad;717.728,97;31. SANIDAD
2026;313D;Donación y trasplante de órganos, tejidos y células;6.456,76;31. SANIDAD
2026;313E;Salud Digital, Información e Innovación del Sistema Nacional de Salud;28.965,88;31. SANIDAD
2026;000X;Transferencias y libramientos internos (Sección: 26 MINISTERIO DE SANIDAD);337.154,73;31. SANIDAD
2026;425A;Normativa y desarrollo energético;3.514.141,75;42. INDUSTRIA Y ENERGÍA
2026;43MD;C13.I04 Apoyo al Comercio;123.150,00;43. COMERCIO, TURISMO Y PYMES
2026;43ME;C13.I05 Internacionalización. PYMES;1.042.350,00;43. COMERCIO, TURISMO Y PYMES
2026;431A;Promoción comercial e internacionalización de la empresa;409.450,62;43. COMERCIO, TURISMO Y PYMES
2026;431N;Ordenación del comercio exterior;9.832,45;43. COMERCIO, TURISMO Y PYMES
2026;431O;Ordenación y modernización de las estructuras comerciales;10.604,07;43. COMERCIO, TURISMO Y PYMES
2026;491N;Servicio postal universal;110.000,00;49. OTRAS ACTUACIONES DE CARÁCTER ECONÓMICO
2026;492M;Defensa de la competencia en los mercados y regulación de sectores productivos;62.292,65;49. OTRAS ACTUACIONES DE CARÁCTER ECONÓMICO
2026;493M;Dirección, control y gestión de seguros;18.938,42;49. OTRAS ACTUACIONES DE CARÁCTER ECONÓMICO
2026;493O;Regulación contable y de auditorías;10.514,31;49. OTRAS ACTUACIONES DE CARÁCTER ECONÓMICO
2026;92KA;C11.I01 Modernización de la Administración General del Estado. Servicios de carácter general;2.606,83;92. SERVICIOS DE CARÁCTER GENERAL
2026;923C;Elaboración y difusión estadística;192.789,17;92. SERVICIOS DE CARÁCTER GENERAL
2026;923O;Gestión de la Deuda y de la Tesorería del Estado;61.192,03;92. SERVICIOS DE CARÁCTER GENERAL
2026;923P;Relaciones con Instituciones Financieras Multilaterales;519.834,66;92. SERVICIOS DE CARÁCTER GENERAL
2026;923Q;Dirección y Servicios Generales de Economía, Comercio y Empresa;66.803,74;92. SERVICIOS DE CARÁCTER GENERAL
2026;931M;Previsión y política económica;22.218,69;93. ADMINISTRACIÓN FINANCIERA Y TRIBUTARIA
2026;000X;Transferencias y libramientos internos (Sección: 27 MINISTERIO DE ECONOMÍA, COMERCIO Y EMPRESA);222.116,48;93. ADMINISTRACIÓN FINANCIERA Y TRIBUTARIA
2026;143A;Cooperación para el desarrollo;3.110,00;14. POLÍTICA EXTERIOR Y DE COOPERACIÓN PARA EL DESARROLLO
2026;144B;Cooperación, promoción y difusión educativa en el exterior;2.038,41;14. POLÍTICA EXTERIOR Y DE COOPERACIÓN PARA EL DESARROLLO
2026;322C;Enseñanzas universitarias;146.290,06;32. EDUCACIÓN
2026;323M;Becas y ayudas a estudiantes;49.935,14;32. EDUCACIÓN
2026;45DA;C04.I01 Digitalización y conocimientos del patrimonio natural;29.032,55;45. INFRAESTRUCTURAS Y ECOSISTEMAS RESILIENTES
2026;45DC;C04.I03 Restauración de ecosistemas e infraestructura verde;440,00;45. INFRAESTRUCTURAS Y ECOSISTEMAS RESILIENTES
2026;45ED;C05.I04 Adaptación de la costa al cambio climático e implementación de las Estrategias Marinas y de los planes de ordenación del espacio marítimo;4.000,00;45. INFRAESTRUCTURAS Y ECOSISTEMAS RESILIENTES
2026;46OE;C15.I05 Despliegue de infraestructuras digitales transfronterizas. I+D+i+Digitalización;100.000,00;46. INVESTIGACIÓN, DESARROLLO, INNOVACIÓN Y DIGITALIZACIÓN
2026;46QA;C17.I01 Planes Complementarios con CCAA;60.254,66;46. INVESTIGACIÓN, DESARROLLO, INNOVACIÓN Y DIGITALIZACIÓN
2026;46QB;C17.I02 Fortalecimiento de las capacidades, infraestructuras y equipamientos de los agentes del SECTI;75.830,39;46. INVESTIGACIÓN, DESARROLLO, INNOVACIÓN Y DIGITALIZACIÓN
2026;46QC;C17.I03 Nuevos proyectos I+D+I Publico Privados, Interdisciplinares, Pruebas de concepto y concesión de ayudas consecuencia de convocatorias competitivas internacionales. I+D de vanguardia orientada a retos de la sociedad. Compra pública pre-comercial.;442.567,53;46. INVESTIGACIÓN, DESARROLLO, INNOVACIÓN Y DIGITALIZACIÓN
2026;46QD;C17.I04 Nueva carrera científica;219.010,00;46. INVESTIGACIÓN, DESARROLLO, INNOVACIÓN Y DIGITALIZACIÓN
2026;46QE;C17.I05 Reforma de capacidades del sistema nacional de ciencia, tecnología e innovación: Transferencia de conocimiento;41.948,01;46. INVESTIGACIÓN, DESARROLLO, INNOVACIÓN Y DIGITALIZACIÓN
2026;46QF;C17.I06 Reforma de capacidades del sistema nacional de ciencia, tecnología e innovación: Salud;424.243,05;46. INVESTIGACIÓN, DESARROLLO, INNOVACIÓN Y DIGITALIZACIÓN
2026;46QG;C17.I07 Reforma de capacidades del sistema nacional de ciencia, tecnología e innovación: Medioambiente, cambio climático y energía;6.858,00;46. INVESTIGACIÓN, DESARROLLO, INNOVACIÓN Y DIGITALIZACIÓN
2026;46QI;C17.I09 Reforma de capacidades del sistema nacional de ciencia, tecnología e innovación: Sector aeroespacial;240.000,00;46. INVESTIGACIÓN, DESARROLLO, INNOVACIÓN Y DIGITALIZACIÓN
2026;46UD;C21.I04 Formación y capacitación del personal docente e investigador;120.520,00;46. INVESTIGACIÓN, DESARROLLO, INNOVACIÓN Y DIGITALIZACIÓN
2026;46UE;C21.I05 Mejora de infraestructuras digitales, el equipamiento, las tecnologías, la docencia y la evaluación digitales universitarios;8.530,00;46. INVESTIGACIÓN, DESARROLLO, INNOVACIÓN Y DIGITALIZACIÓN
2026;461M;Dirección y Servicios Generales de Ciencia, Innovación y Universidades;57.627,29;46. INVESTIGACIÓN, DESARROLLO, INNOVACIÓN Y DIGITALIZACIÓN
2026;463A;Investigación científica;1.215.692,87;46. INVESTIGACIÓN, DESARROLLO, INNOVACIÓN Y DIGITALIZACIÓN
2026;463B;Fomento y coordinación de la investigación científica y técnica;3.016.096,85;46. INVESTIGACIÓN, DESARROLLO, INNOVACIÓN Y DIGITALIZACIÓN
2026;465A;Investigación sanitaria;330.087,45;46. INVESTIGACIÓN, DESARROLLO, INNOVACIÓN Y DIGITALIZACIÓN
2026;467C;Investigación y desarrollo tecnológico-industrial;1.487.455,58;46. INVESTIGACIÓN, DESARROLLO, INNOVACIÓN Y DIGITALIZACIÓN
2026;467H;Investigación energética, medioambiental y tecnológica;115.294,23;46. INVESTIGACIÓN, DESARROLLO, INNOVACIÓN Y DIGITALIZACIÓN
2026;000X;Transferencias y libramientos internos (Sección: 28 MINISTERIO DE CIENCIA, INNOVACIÓN Y UNIVERSIDADES);2.925.313,00;46. INVESTIGACIÓN, DESARROLLO, INNOVACIÓN Y DIGITALIZACIÓN
2026;231F;Otros servicios sociales del Estado;461.031,57;23. SERVICIOS SOCIALES Y PROMOCIÓN SOCIAL
2026;231G;Atención a la infancia y a las familias;3.112,98;23. SERVICIOS SOCIALES Y PROMOCIÓN SOCIAL
2026;232F;Derechos de los animales;7.481,71;23. SERVICIOS SOCIALES Y PROMOCIÓN SOCIAL
2026;239N;Dirección y Servicios Generales de Derechos Sociales y Agenda 2030;29.615,04;23. SERVICIOS SOCIALES Y PROMOCIÓN SOCIAL
2026;313C;Seguridad alimentaria y nutrición;19.544,39;31. SANIDAD
2026;492O;Protección y promoción de los derechos de los consumidores y usuarios;17.559,78;49. OTRAS ACTUACIONES DE CARÁCTER ECONÓMICO
2026;496M;Regulación del juego;12.364,60;49. OTRAS ACTUACIONES DE CARÁCTER ECONÓMICO
2026;498M;Dirección y Servicios Generales de Consumo;3.404,31;49. OTRAS ACTUACIONES DE CARÁCTER ECONÓMICO
2026;921Y;Agenda 2030;24.644,97;92. SERVICIOS DE CARÁCTER GENERAL
2026;000X;Transferencias y libramientos internos (Sección: 29 MINISTERIO DE DERECHOS SOCIALES, CONSUMO Y AGENDA 2030);3.691.988,95;92. SERVICIOS DE CARÁCTER GENERAL
2026;232B;Igualdad de oportunidades entre mujeres y hombres;231.591,48;23. SERVICIOS SOCIALES Y PROMOCIÓN SOCIAL
2026;232C;Actuaciones para la prevención integral de la violencia de género;259.716,89;23. SERVICIOS SOCIALES Y PROMOCIÓN SOCIAL
2026;232D;Igualdad de trato y diversidad;6.926,17;23. SERVICIOS SOCIALES Y PROMOCIÓN SOCIAL
2026;232M;Dirección y Servicios Generales de Igualdad;13.300,72;23. SERVICIOS SOCIALES Y PROMOCIÓN SOCIAL
2026;000X;Transferencias y libramientos internos (Sección: 30 MINISTERIO DE IGUALDAD);18.907,45;23. SERVICIOS SOCIALES Y PROMOCIÓN SOCIAL
2026;231G;Atención a la infancia y a las familias;41.437,86;23. SERVICIOS SOCIALES Y PROMOCIÓN SOCIAL
2026;232A;Promoción y servicios a la juventud;54.276,59;23. SERVICIOS SOCIALES Y PROMOCIÓN SOCIAL
2026;232N;Dirección y Servicios Generales de Juventud e Infancia;10.396,67;23. SERVICIOS SOCIALES Y PROMOCIÓN SOCIAL
2026;46SA;C19.I01 Competencias digitales transversales. I+D+i+Digitalización;97.000,00;46. INVESTIGACIÓN, DESARROLLO, INNOVACIÓN Y DIGITALIZACIÓN
2026;000X;Transferencias y libramientos internos (Sección: 31 MINISTERIO DE JUVENTUD E INFANCIA);12.558,86;46. INVESTIGACIÓN, DESARROLLO, INNOVACIÓN Y DIGITALIZACIÓN
2026;212A;Pensiones no contributivas y prestaciones asistenciales;4.100,00;21. PENSIONES
2026;219N;Gestión de pensiones de Clases Pasivas;4.967,04;21. PENSIONES
2026;231B;Acciones en favor de los emigrantes;60.502,19;23. SERVICIOS SOCIALES Y PROMOCIÓN SOCIAL
2026;231G;Atención a la infancia y a las familias;1.800,00;23. SERVICIOS SOCIALES Y PROMOCIÓN SOCIAL
2026;231H;Acciones en favor de los inmigrantes;745.412,85;23. SERVICIOS SOCIALES Y PROMOCIÓN SOCIAL
2026;232E;Análisis y definición de objetivos y políticas de Inclusión;2.751,84;23. SERVICIOS SOCIALES Y PROMOCIÓN SOCIAL
2026;291M;Dirección y Servicios Generales de la Inclusión, de la Seguridad Social y de la Migración;67.098,63;29. GESTIÓN Y ADMINISTRACIÓN DE LA INCLUSIÓN, DE LA SEGURIDAD SOCIAL Y DE LA MIGRACIÓN
2026;000X;Transferencias y libramientos internos (Sección: 32 MINISTERIO DE INCLUSIÓN, SEGURIDAD SOCIAL Y MIGRACIONES);44.726.975,67;29. GESTIÓN Y ADMINISTRACIÓN DE LA INCLUSIÓN, DE LA SEGURIDAD SOCIAL Y DE LA MIGRACIÓN
2026;222M;Prestaciones económicas del Mutualismo Administrativo;320.488,83;22. OTRAS PRESTACIONES ECONÓMICAS
2026;312E;Asistencia sanitaria del Mutualismo Administrativo;1.616.911,15;31. SANIDAD
2026;46KA;C11.I01 Modernización de la Administración General del Estado. I+D+i+Digitalización;233.393,17;46. INVESTIGACIÓN, DESARROLLO, INNOVACIÓN Y DIGITALIZACIÓN
2026;46LA;C12.I01 Espacios de datos sectoriales (contribución a proyectos tractores de digitalización de los sectores productivos estratégicos);400.000,00;46. INVESTIGACIÓN, DESARROLLO, INNOVACIÓN Y DIGITALIZACIÓN
2026;46MA;C13.I01 Emprendimiento. I+D+i+Digitalización;60.000,00;46. INVESTIGACIÓN, DESARROLLO, INNOVACIÓN Y DIGITALIZACIÓN
2026;46MC;C13.I03 Digitalización e Innovación I. I+D+i+Digitalización;1.322.000,00;46. INVESTIGACIÓN, DESARROLLO, INNOVACIÓN Y DIGITALIZACIÓN
2026;46NB;C14.I02 Programa de digitalización e inteligencia para destinos y sector turístico. I+D+i+Digitalización;100.000,00;46. INVESTIGACIÓN, DESARROLLO, INNOVACIÓN Y DIGITALIZACIÓN
2026;46OA;C15.I01 Favorecer la vertebración territorial mediante despliegue de redes: Extensión de la banda ancha ultrarrápida y cobertura en movilidad de 30 Mbps;256.000,00;46. INVESTIGACIÓN, DESARROLLO, INNOVACIÓN Y DIGITALIZACIÓN
2026;46OB;C15.I02 Refuerzo de conectividad en centros de referencia, motores socioeconómicos y proyectos tractores de digitalización sectorial;155.000,00;46. INVESTIGACIÓN, DESARROLLO, INNOVACIÓN Y DIGITALIZACIÓN
2026;46OC;C15.I03 Bonos de conectividad para PYMES y colectivos vulnerables;10.000,00;46. INVESTIGACIÓN, DESARROLLO, INNOVACIÓN Y DIGITALIZACIÓN
2026;46OD;C15.I04 Renovación y sostenibilidad de infraestructuras;20.000,00;46. INVESTIGACIÓN, DESARROLLO, INNOVACIÓN Y DIGITALIZACIÓN
2026;46OE;C15.I05 Despliegue de infraestructuras digitales transfronterizas. I+D+i+Digitalización;1.350.000,00;46. INVESTIGACIÓN, DESARROLLO, INNOVACIÓN Y DIGITALIZACIÓN
2026;46OG;C15.I07 Ciberseguridad: Fortalecimiento de las capacidades de ciudadanos, PYMES y profesionales; e Impulso del ecosistema del sector;131.620,00;46. INVESTIGACIÓN, DESARROLLO, INNOVACIÓN Y DIGITALIZACIÓN
2026;46PR;C16.R01 Estrategia Nacional de IA;86.600,00;46. INVESTIGACIÓN, DESARROLLO, INNOVACIÓN Y DIGITALIZACIÓN
2026;46RF;C18.I06 Data lake Sanitario;65.000,00;46. INVESTIGACIÓN, DESARROLLO, INNOVACIÓN Y DIGITALIZACIÓN
2026;46SA;C19.I01 Competencias digitales transversales. I+D+i+Digitalización;26.000,00;46. INVESTIGACIÓN, DESARROLLO, INNOVACIÓN Y DIGITALIZACIÓN
2026;46SD;C19.I04 Profesionales digitales;5.000,00;46. INVESTIGACIÓN, DESARROLLO, INNOVACIÓN Y DIGITALIZACIÓN
2026;46UE;C21.I05 Mejora de infraestructuras digitales, el equipamiento, las tecnologías, la docencia y la evaluación digitales universitarios;10.000,00;46. INVESTIGACIÓN, DESARROLLO, INNOVACIÓN Y DIGITALIZACIÓN
2026;461N;Dirección y Servicios Generales de Transformación Digital y de la Función Pública;44.882,51;46. INVESTIGACIÓN, DESARROLLO, INNOVACIÓN Y DIGITALIZACIÓN
2026;467G;Investigación y desarrollo de la Sociedad de la Información;91.218,92;46. INVESTIGACIÓN, DESARROLLO, INNOVACIÓN Y DIGITALIZACIÓN
2026;467I;Innovación tecnológica de las telecomunicaciones;204.073,49;46. INVESTIGACIÓN, DESARROLLO, INNOVACIÓN Y DIGITALIZACIÓN
2026;49OF;C15.I06 Despliegue del 5G: redes, cambio tecnológico e innovación;570.000,00;49. OTRAS ACTUACIONES DE CARÁCTER ECONÓMICO
2026;49OS;C15.R02 Hoja de ruta 5G: Gestión y asignación del espectro, reducción de cargas al despliegue, Ley de Ciberseguridad 5G y Apoyo a entidades locales;31.000,00;49. OTRAS ACTUACIONES DE CARÁCTER ECONÓMICO
2026;491M;Ordenación y promoción de las telecomunicaciones y de la Sociedad de la Información;37.503,94;49. OTRAS ACTUACIONES DE CARÁCTER ECONÓMICO
2026;92KC;C11.I03 Transformación Digital y Modernización de la AGE. Servicios de carácter general;5.599,56;92. SERVICIOS DE CARÁCTER GENERAL
2026;921N;Dirección y organización de la Administración Pública;18.607,41;92. SERVICIOS DE CARÁCTER GENERAL
2026;921O;Formación del personal de las Administraciones Públicas;117.298,53;92. SERVICIOS DE CARÁCTER GENERAL
2026;921X;Evaluación de la transparencia de la actividad pública;3.379,38;92. SERVICIOS DE CARÁCTER GENERAL
2026;94KC;C11.I03 Transformación Digital y Modernización de las CCAA y EELL. Transferencias a otras AA.PP.;221.300,00;94. TRANSFERENCIAS A OTRAS ADMINISTRACIONES PÚBLICAS
2026;000X;Transferencias y libramientos internos (Sección: 33 MINISTERIO PARA LA TRANSFORMACIÓN DIGITAL Y DE LA FUNCIÓN PÚBLICA);89.310,50;94. TRANSFERENCIAS A OTRAS ADMINISTRACIONES PÚBLICAS
2026;943M;Transferencias al Presupuesto General de la Unión Europea;17.778.850,00;94. TRANSFERENCIAS A OTRAS ADMINISTRACIONES PÚBLICAS
2026;943N;Cooperación a través del Fondo Europeo de Desarrollo y del Fondo Europeo de Apoyo a la Paz;264.000,00;94. TRANSFERENCIAS A OTRAS ADMINISTRACIONES PÚBLICAS
2026;929N;Fondo de contingencia de ejecución presupuestaria;3.964.420,00;92. SERVICIOS DE CARÁCTER GENERAL
2026;941N;Transferencias a Comunidades Autónomas por los Fondos de Compensación Interterritorial;582.430,00;94. TRANSFERENCIAS A OTRAS ADMINISTRACIONES PÚBLICAS
2026;453A;Infraestructura del transporte ferroviario;10.556,17;45. INFRAESTRUCTURAS Y ECOSISTEMAS RESILIENTES
2026;941O;Otras transferencias a Comunidades Autónomas;373.187,24;94. TRANSFERENCIAS A OTRAS ADMINISTRACIONES PÚBLICAS
2026;942N;Otras transferencias a Entidades Locales;1.907.392,86;94. TRANSFERENCIAS A OTRAS ADMINISTRACIONES PÚBLICAS
2026;941M;Transferencias a Comunidades Autónomas por participación en los ingresos del Estado;23.552.875,38;94. TRANSFERENCIAS A OTRAS ADMINISTRACIONES PÚBLICAS
2026;941O;Otras transferencias a Comunidades Autónomas;522.200,00;94. TRANSFERENCIAS A OTRAS ADMINISTRACIONES PÚBLICAS
2026;942M;Transferencias a Entidades Locales por participación en los ingresos del Estado;20.792.575,72;94. TRANSFERENCIAS A OTRAS ADMINISTRACIONES PÚBLICAS
2026;942N;Otras transferencias a Entidades Locales;220.319,43;94. TRANSFERENCIAS A OTRAS ADMINISTRACIONES PÚBLICAS
2026;211A;Pensiones contributivas de la Seguridad Social;159.688.815,85;21. PENSIONES
2026;212A;Pensiones no contributivas y prestaciones asistenciales;2.803.945,60;21. PENSIONES
2026;212C;Complementos por mínimos de las pensiones contributivas;7.261.170,00;21. PENSIONES
2026;219M;Gestión de las prestaciones económicas de Seguridad Social;424.705,10;21. PENSIONES
2026;221A;Ingreso mínimo vital y prestaciones familiares;4.193.128,43;22. OTRAS PRESTACIONES ECONÓMICAS
2026;221B;Subsidios de incapacidad temporal y otras prestaciones económicas de la Seguridad Social;16.792.938,29;22. OTRAS PRESTACIONES ECONÓMICAS
2026;224A;Prestaciones económicas por cese de actividad;51.111,21;22. OTRAS PRESTACIONES ECONÓMICAS
2026;23VA;C22.I01 Plan de apoyos y cuidados de larga duración: desinstitucionalización, equipamientos y tecnología.;2.460,47;23. SERVICIOS SOCIALES Y PROMOCIÓN SOCIAL
2026;231C;Servicios Sociales de la Seguridad Social a personas con discapacidad;44.558,39;23. SERVICIOS SOCIALES Y PROMOCIÓN SOCIAL
2026;231D;Servicios Sociales de la Seguridad Social a personas mayores;123.217,37;23. SERVICIOS SOCIALES Y PROMOCIÓN SOCIAL
2026;231E;Otros servicios sociales de la Seguridad Social;49.808,37;23. SERVICIOS SOCIALES Y PROMOCIÓN SOCIAL
2026;231I;Autonomía personal y atención a la dependencia;3.522.300,75;23. SERVICIOS SOCIALES Y PROMOCIÓN SOCIAL
2026;239M;Gestión de los servicios sociales de la Seguridad Social;60.097,81;23. SERVICIOS SOCIALES Y PROMOCIÓN SOCIAL
2026;29KB;C11.I02 Proyectos tractores de digitalización de la Administración General del Estado. Gestión y Administración de la Inclusión, de la Seguridad Social y de la Migración;139.500,00;29. GESTIÓN Y ADMINISTRACIÓN DE LA INCLUSIÓN, DE LA SEGURIDAD SOCIAL Y DE LA MIGRACIÓN
2026;29SC;C19.I03 Competencias digitales para el empleo. Gestión y Administración de la Inclusión, de la Seguridad Social y de la Migración;36.000,00;29. GESTIÓN Y ADMINISTRACIÓN DE LA INCLUSIÓN, DE LA SEGURIDAD SOCIAL Y DE LA MIGRACIÓN
2026;291M;Dirección y Servicios Generales de la Inclusión, de la Seguridad Social y de la Migración;6.695.288,35;29. GESTIÓN Y ADMINISTRACIÓN DE LA INCLUSIÓN, DE LA SEGURIDAD SOCIAL Y DE LA MIGRACIÓN
2026;31RC;C18.I03 Aumento de capacidades de respuesta ante crisis sanitarias. Sanidad;15.660,00;31. SANIDAD
2026;311M;Dirección y Servicios Generales de Sanidad;17.980,06;31. SANIDAD
2026;312B;Atención primaria de salud. Instituto Nacional de Gestión Sanitaria;79.385,39;31. SANIDAD
2026;312C;Atención especializada de salud. Instituto Nacional de Gestión Sanitaria;204.671,18;31. SANIDAD
2026;312D;Medicina marítima;39.241,77;31. SANIDAD
2026;312F;Atención primaria de salud de Mutuas colaboradoras con la Seguridad Social e Instituto Social de la Marina;997.383,21;31. SANIDAD
2026;312G;Atención especializada de salud de Mutuas colaboradoras con la Seguridad Social e Instituto Social de la Marina;486.583,80;31. SANIDAD
2026;322I;Enseñanzas especiales;2.951,96;32. EDUCACIÓN
2026;000X;Transferencias y libramientos internos (Sección: 60 SEGURIDAD SOCIAL);5.444.358,97;32. EDUCACIÓN
